Nome: OLIVEIRA
Codigo Estacao: 83637
Latitude: -20.699773
Longitude: -44.819903
Altitude: 991.23
Situacao: Desativada
Data Inicial: 2015-01-01
Data Final: 2017-10-18
Periodicidade da Medicao: Diaria

Data Medicao;EVAPORACAO DO PICHE, DIARIA(mm);INSOLACAO TOTAL, DIARIO(h);PRECIPITACAO TOTAL, DIARIO(mm);TEMPERATURA MAXIMA, DIARIA(°C);TEMPERATURA MEDIA COMPENSADA, DIARIA(°C);TEMPERATURA MINIMA, DIARIA(°C);UMIDADE RELATIVA DO AR, MEDIA DIARIA(%);UMIDADE RELATIVA DO AR, MINIMA DIARIA(%);VENTO, VELOCIDADE MEDIA DIARIA(m/s);
2015-01-01;4,2;null;9,4;31,3;26,1;19,2;59;51;1,3;
2015-01-02;4,6;null;0;32,4;25,4;20,4;62;43;1,7;
2015-01-03;5,3;null;0;32,9;25,2;20,3;65,5;43;,7;
2015-01-04;3,4;null;1,6;30,2;22,3;19,2;73,8;48;1,3;
2015-01-05;4,4;null;9;28,9;23,2;18,3;68;56;1,7;
2015-01-06;3,6;null;0;29,5;23,6;19;69,3;52;1;
2015-01-07;2,9;null;4,8;29,2;23,5;18,4;61;47;,7;
2015-01-08;4,5;null;0;30,6;23,9;17;50,5;37;1;
2015-01-09;6,2;null;0;30,4;24,5;17,8;52,8;41;1,3;
2015-01-10;5,5;null;0;30,7;24,4;17,8;55,5;48;1,7;
2015-01-11;5,7;null;0;32,4;25,6;19;48;38;1;
2015-01-12;7,4;null;0;31,4;26,1;19,2;45,5;38;1,3;
2015-01-13;6,7;null;0;32,3;26,8;20,4;50;40;2;
2015-01-14;6,6;null;0;32;25,5;20;51,8;37;,7;
2015-01-15;4;null;8,5;31,3;25,3;19;48;37;1,7;
2015-01-16;5,3;null;0;31,5;25,2;18,2;50,3;40;1;
2015-01-17;5,8;null;0;32,3;25,6;18;44;35;1;
2015-01-18;6,7;null;0;32,7;26,2;18,4;42;34;1,7;
2015-01-19;7,8;null;0;33,1;26,2;18,2;43,3;30;2;
2015-01-20;6,7;null;0;32,8;26,4;19,8;42;34;1,3;
2015-01-21;6,1;null;0;33,3;26,4;20;45,5;31;,7;
2015-01-22;5,9;null;36,9;28,9;21,4;17,5;76,3;45;2;
2015-01-23;2,2;null;0;26,4;21,4;17,4;72,5;56;1;
2015-01-24;2,3;null;15,8;26,3;19,4;17,1;79;50;1,7;
2015-01-25;2,2;null;0;27,3;20,7;16,2;70,8;52;1,3;
2015-01-26;2,2;null;3,2;28,3;22,2;17,8;72,5;47;1,3;
2015-01-27;2,4;null;38,8;27,6;21,2;17,2;73,3;49;1,7;
2015-01-28;1,6;null;0;27,7;21,2;17,8;77,3;51;,7;
2015-01-29;1,9;null;2;29,3;23,3;17,2;68,5;49;1,3;
2015-01-30;3,5;null;0;32;24,1;18,8;65,3;42;,7;
2015-01-31;5,1;null;0;30,2;23,6;20,8;75;50;1,3;
2015-02-01;3;null;19,8;30,1;22,8;17,9;70,5;44;1,3;
2015-02-02;3,1;null;0;30,3;23;19,6;72,8;48;1,7;
2015-02-03;3,1;null;21,4;28,3;21,5;17;71,8;55;1,3;
2015-02-04;3,8;null;0;27,1;21,2;18,1;80,8;62;1;
2015-02-05;2,1;null;11;23,1;19,7;18,2;86,8;78;1,7;
2015-02-06;,7;null;27;22,7;19,6;18;86;75;1,7;
2015-02-07;1,3;null;2,4;26,3;20,2;16,7;81,3;66;1;
2015-02-08;2;null;0;24,1;20,6;18,1;88,8;85;1;
2015-02-09;,7;null;12,3;25,1;21,1;17,9;86,5;76;1,3;
2015-02-10;2,5;null;0;24,7;21,1;18,2;83,3;77;1,3;
2015-02-11;1,1;null;72,2;28,1;22,7;18,8;79,3;63;1,3;
2015-02-12;2,6;null;0;30,6;23,9;19,6;64;54;1;
2015-02-13;4,3;null;0;30,9;24,2;18,9;59,5;52;1;
2015-02-14;null;null;null;null;null;null;null;62;null;
2015-02-15;null;null;null;null;null;null;null;null;null;
2015-02-16;null;null;null;null;null;null;null;null;null;
2015-02-17;null;null;null;null;null;null;null;null;null;
2015-02-18;null;null;null;null;null;null;null;null;null;
2015-02-19;null;null;null;null;null;null;null;null;null;
2015-02-20;null;null;null;null;null;null;null;null;null;
2015-02-21;null;null;null;null;null;null;null;null;null;
2015-02-22;null;null;null;null;null;null;null;null;null;
2015-02-23;null;null;null;null;null;null;null;null;null;
2015-02-24;null;null;null;null;null;null;null;null;null;
2015-02-25;null;null;null;null;null;null;null;null;null;
2015-02-26;null;null;null;null;null;null;null;null;null;
2015-02-27;null;null;null;null;null;null;null;null;null;
2015-02-28;null;null;null;null;null;null;null;null;null;
2015-03-01;null;null;null;null;null;null;null;null;null;
2015-03-02;null;null;null;null;null;null;null;null;null;
2015-03-03;null;null;null;null;null;null;null;null;null;
2015-03-04;null;null;null;null;null;null;null;null;null;
2015-03-05;null;null;null;null;null;null;null;null;null;
2015-03-06;null;null;null;null;null;null;null;null;null;
2015-03-07;null;null;null;null;null;null;null;null;null;
2015-03-08;null;null;null;null;null;null;null;null;null;
2015-03-09;null;null;null;null;null;null;null;null;null;
2015-03-10;null;null;null;null;null;null;null;null;null;
2015-03-11;null;null;null;null;null;null;null;null;null;
2015-03-12;null;null;null;null;null;null;null;null;null;
2015-03-13;null;null;null;null;null;null;null;null;null;
2015-03-14;null;null;null;null;null;null;null;null;null;
2015-03-15;null;null;null;null;null;null;null;null;null;
2015-03-16;null;null;null;null;null;null;null;null;null;
2015-03-17;null;null;null;null;null;null;null;null;null;
2015-03-18;null;null;null;null;null;null;null;null;null;
2015-03-19;null;null;null;null;null;null;null;null;null;
2015-03-20;null;null;null;null;null;null;null;null;null;
2015-03-21;null;null;null;null;null;null;null;null;null;
2015-03-22;null;null;null;null;null;null;null;null;null;
2015-03-23;null;null;null;null;null;null;null;null;null;
2015-03-24;null;null;null;null;null;null;null;null;null;
2015-03-25;null;null;null;null;null;null;null;null;null;
2015-03-26;null;null;null;null;null;null;null;null;null;
2015-03-27;null;null;null;null;null;null;null;null;null;
2015-03-28;null;null;null;null;null;null;null;null;null;
2015-03-29;null;null;null;null;null;null;null;null;null;
2015-03-30;null;null;null;null;null;null;null;null;null;
2015-03-31;null;null;null;null;null;null;null;null;null;
2015-04-01;1,6;null;11,6;29,3;22,5;17,7;74,8;56;1,3;
2015-04-02;1,9;null;24,6;26,6;21,5;18;67,8;56;1,7;
2015-04-03;2,9;null;0;27,4;21,8;17,4;67,3;52;,7;
2015-04-04;2;null;0;28,5;22,4;16;65;48;1,3;
2015-04-05;3,4;null;0;25;21,1;19;80,3;72;1,3;
2015-04-06;1,4;null;1,6;27,3;22;18,4;78,5;67;1;
2015-04-07;3,6;null;0;26,4;20,7;15,8;65,3;51;2;
2015-04-08;2,3;null;0;21,2;17,4;14,8;83,5;68;2,3;
2015-04-09;1,4;null;0;26,2;18,9;14,3;75;52;1;
2015-04-10;2;null;0;25,3;19,2;14,8;74;56;2;
2015-04-11;2,2;null;0;26,3;19,3;15;72,3;46;1,7;
2015-04-12;2;null;0;28,3;21,2;14,2;65,3;49;1;
2015-04-13;3,5;null;0;28,3;21,5;15,9;67;52;,7;
2015-04-14;3,7;null;0;28,9;21,7;15,4;63,5;50;1,7;
2015-04-15;2,8;null;0;28;21,5;16;56,5;40;1,7;
2015-04-16;2,5;null;0;27,1;20,9;17,4;77;63;1;
2015-04-17;1,7;null;0;28,2;22;18,1;75,3;67;1,7;
2015-04-18;2;null;0;29,1;22,8;17,5;68;57;1,7;
2015-04-19;1,7;null;0;29,3;23,4;17,7;71;61;,7;
2015-04-20;1,8;null;0;29,4;23,7;19,2;74;58;1;
2015-04-21;1,7;null;0;30,1;23,9;18,9;74;58;,3;
2015-04-22;1,6;null;0;26,3;21,4;19,3;83,8;72;1;
2015-04-23;1,5;null;0;27,3;22,1;18,6;75,5;67;1;
2015-04-24;1,9;null;0;28,1;22,2;17,8;81,5;72;1,3;
2015-04-25;1,5;null;6,5;26,1;21,2;18;75;75;1;
2015-04-26;3,3;null;0;27,3;19,6;13,9;60;42;1,7;
2015-04-27;3,3;null;0;26,9;19,9;14,4;63,8;45;1;
2015-04-28;2,7;null;0;27,2;19,7;14,8;70,8;46;1;
2015-04-29;2,9;null;0;26,7;19,6;16,2;84,8;75;2;
2015-04-30;1,8;null;13,2;26,3;19,1;14,1;77;73;2,3;
2015-05-01;2;null;0;25,5;19;14,6;74,8;54;1,3;
2015-05-02;2;null;0;24,9;20;15,2;74,8;62;1,7;
2015-05-03;2,1;null;0;27,4;20,4;16,4;66;41;1,3;
2015-05-04;2,9;null;0;24,3;20,4;15,2;75,3;68;1,3;
2015-05-05;1,9;null;14,9;21,3;19,5;18;89,3;81;2;
2015-05-06;,8;null;11,2;22;19,1;16,9;87,5;82;1,3;
2015-05-07;,9;null;1,4;25,3;19,5;17,2;78,3;59;1;
2015-05-08;2,1;null;0;25,1;18,4;13,1;64,5;61;2;
2015-05-09;1,7;null;0;25,7;18,8;12,7;69,5;53;1;
2015-05-10;1,8;null;0;24,3;18,8;13,2;73;67;2;
2015-05-11;1,4;null;16,6;20,2;17,6;15,4;91,3;78;1,3;
2015-05-12;,8;null;0;22,9;18,1;14,5;73,8;67;1,3;
2015-05-13;2;null;0;23,9;17,5;12,8;68;47;2;
2015-05-14;1,8;null;0;23;17,1;14;76;57;1,3;
2015-05-15;1,5;null;0;21,9;16,4;11,8;73,5;66;2;
2015-05-16;2,2;null;0;23,1;16,8;11,2;70,5;57;1,3;
2015-05-17;2,3;null;0;22,7;18;13,6;75,5;65;1,3;
2015-05-18;1,9;null;0;21,9;17,9;15;80,5;71;1,3;
2015-05-19;1,6;null;0;22,9;18,3;15,4;77,8;63;1;
2015-05-20;1,7;null;0;24;19,1;14,9;69,8;65;1,3;
2015-05-21;2,1;null;0;24,9;18,9;15,1;72,8;54;2,3;
2015-05-22;2,6;null;0;25;19,4;14,8;64,3;53;2,3;
2015-05-23;3;null;0;24,1;18,6;13,4;65,5;57;1,7;
2015-05-24;2,4;null;0;26,2;19,1;14,1;68;53;1;
2015-05-25;2,4;null;0;28,1;19,7;12,2;68,5;43;,3;
2015-05-26;3,7;null;0;28,7;19,8;14,2;64;37;,7;
2015-05-27;3,6;null;0;26,3;19,5;14;66;51;1,7;
2015-05-28;3,4;null;0;26,3;18,4;13,6;72,8;54;1,7;
2015-05-29;3,1;null;5,2;23,3;17,6;13,7;73,8;58;1;
2015-05-30;2;null;0;25,2;18,4;12,5;75,8;57;1,7;
2015-05-31;2,1;null;0;25;18,8;14;75,8;58;1;
2015-06-01;2,2;null;0;25,3;19,1;14,9;80,3;58;1;
2015-06-02;1,8;null;0;22,7;null;15,2;null;82;1,5;
2015-06-03;1,3;null;9,7;25,3;18,4;14,9;75,3;55;1,3;
2015-06-04;1,4;null;1,8;26,1;18,3;13;69,3;42;,7;
2015-06-05;1,9;null;0;24,4;18,2;12,2;69,3;55;1;
2015-06-06;1,9;null;0;25,2;18,2;12,8;73;53;,7;
2015-06-07;2,1;null;0;26,9;18,9;12,2;69;50;1,3;
2015-06-08;2,1;null;0;27,3;18,4;12,1;61,5;42;,7;
2015-06-09;2,4;null;0;26,5;17,5;10,2;62;44;,7;
2015-06-10;2,3;null;0;26,7;17,7;10,6;68;50;1;
2015-06-11;2,1;null;0;26,9;18;10,2;66;47;1;
2015-06-12;2,2;null;0;28,3;19,1;11,2;63,5;42;1;
2015-06-13;2,6;null;0;27,2;19,6;12,7;64,3;50;1,3;
2015-06-14;3,6;null;0;27,2;20,1;12,9;60,5;46;1;
2015-06-15;3,4;null;0;27,2;19,8;15,2;73,8;47;1;
2015-06-16;2,4;null;7,4;24,1;19;16;75,8;63;1,3;
2015-06-17;1,1;null;0;26,9;19,5;15,2;77,3;53;1;
2015-06-18;1,3;null;0;27,4;20;13,9;69,5;46;1,3;
2015-06-19;1,9;null;0;24,3;17,7;14;76,8;61;1,3;
2015-06-20;1,7;null;0;21,3;17,3;14;71,3;64;1,7;
2015-06-21;1,6;null;0;23,1;17;12,9;80,3;66;,7;
2015-06-22;1,2;null;0;23,9;18,2;14,2;69;61;1;
2015-06-23;1,4;null;0;25,1;17,4;10,4;69,5;55;1;
2015-06-24;1,9;null;0;24,1;17,3;13,2;74,8;60;1,7;
2015-06-25;1,9;null;0;18,8;14,7;13;75,3;56;2,3;
2015-06-26;1,3;null;0;21,3;14,8;12,3;69,3;56;2;
2015-06-27;1,6;null;0;20,7;14,1;8,8;69,5;64;1,7;
2015-06-28;1,3;null;0;23,1;15;9,2;64,5;59;1,3;
2015-06-29;2,7;null;0;23,7;16,4;9,5;70,3;56;1,3;
2015-06-30;3;null;0;24;17,5;10,9;64,3;54;1,3;
2015-07-01;2,6;null;0;23,5;17,9;13,4;77,8;66;,7;
2015-07-02;2,3;null;0;25,2;19,2;14;72,3;53;1,3;
2015-07-03;2,7;null;0;24,1;18,8;13,9;65;59;2;
2015-07-04;3,4;null;0;26,3;20,2;15,4;64,5;49;1,3;
2015-07-05;4;null;0;22,7;16,5;14;76,5;58;1,3;
2015-07-06;1,8;null;0;21,9;16,7;12,8;81,8;74;1,3;
2015-07-07;1,5;null;0;21,3;17,1;14;78,8;70;1,7;
2015-07-08;2;null;0;22,3;17,5;14,5;74,8;66;2;
2015-07-09;2,3;null;0;23,7;17,3;14;74,8;63;,3;
2015-07-10;2,7;null;0;24,2;17,2;11,8;70,5;57;1,3;
2015-07-11;3,9;null;0;28,3;20,3;13;59;41;1,3;
2015-07-12;3,6;null;0;28,9;19,8;12,4;53,8;39;,7;
2015-07-13;3,8;null;0;28,9;19,4;12,4;55,8;37;,7;
2015-07-14;3,5;null;0;28,5;19,1;11,9;57,3;37;,7;
2015-07-15;2,5;null;0;28,9;19,6;13;61,3;38;1;
2015-07-16;2,7;null;0;25,9;18,6;11,7;60,3;46;1,3;
2015-07-17;3,1;null;0;24;18,9;14,6;58,8;52;1,7;
2015-07-18;4;null;0;21,9;16,8;10,4;68;63;1,3;
2015-07-19;3,2;null;0;26,1;18,1;10,6;55,5;38;1,7;
2015-07-20;4;null;0;26,3;19,1;13,9;57,3;42;1,7;
2015-07-21;3,8;null;0;26,5;18,6;11,9;58,3;41;2;
2015-07-22;4;null;0;25,3;18,8;14,8;68;48;2,3;
2015-07-23;2,8;null;0;24,3;17,6;13,3;70;49;1,7;
2015-07-24;2,7;null;0;25,4;18;12,4;67,5;51;1,3;
2015-07-25;3,3;null;0;26,7;19,2;12;62,3;43;1,7;
2015-07-26;3,3;null;1,8;26,3;18,3;14,6;72,3;39;1,3;
2015-07-27;2,6;null;0;27,6;19,4;12,7;62,5;39;1;
2015-07-28;3,6;null;0;27,9;20;12,9;60,3;37;1,3;
2015-07-29;3,5;null;0;28,3;20;12;55;38;,3;
2015-07-30;4,2;null;0;28,3;19,2;11;57,3;33;1;
2015-07-31;4;null;0;28,1;19,7;11,6;53;33;2;
2015-08-01;4,2;null;0;28;19,3;12,7;55;33;1,7;
2015-08-02;4,7;null;0;27;18,2;11,4;57,5;38;2;
2015-08-03;4,2;null;0;28,2;18,4;10,4;57,8;32;1,3;
2015-08-04;4,4;null;0;28,1;18,6;11,2;54,3;33;1,3;
2015-08-05;5;null;0;25,3;18;11,8;55,8;44;1;
2015-08-06;4,9;null;0;27,8;19,1;11;55;34;,7;
2015-08-07;4,3;null;0;28,3;18,7;12,4;57;31;1,3;
2015-08-08;4,9;null;0;28,3;20,2;12,8;52,5;36;2,7;
2015-08-09;4,9;null;0;24,1;18,5;12,5;66,3;58;1,3;
2015-08-10;4;null;0;27;19,5;14,8;60;37;1,7;
2015-08-11;4,1;null;0;25,9;17,4;11;62,5;41;1,7;
2015-08-12;4,7;null;0;26;18,1;12;53,3;40;2;
2015-08-13;4,3;null;0;25,7;17,8;9,9;56,3;38;3,3;
2015-08-14;4,5;null;0;25,1;17,7;10,2;58,3;47;2,7;
2015-08-15;4,9;null;0;27,1;18,8;11,9;55,3;35;2,3;
2015-08-16;3,9;null;0;28,9;20,1;13;53,5;33;1,3;
2015-08-17;3,9;null;0;26,5;19,4;12,4;52;41;2;
2015-08-18;3,8;null;0;26,9;19,8;12,2;51,8;42;1,7;
2015-08-19;3,2;null;0;28,9;19,8;13,2;63,5;34;1;
2015-08-20;3,2;null;0;29,1;20,4;14,9;60,5;33;1,7;
2015-08-21;4,7;null;0;28,3;19,1;12,1;59;34;1;
2015-08-22;4,4;null;0;28,9;20,4;13,4;55,8;33;1,7;
2015-08-23;3,8;null;0;28,9;19,7;12,2;51,8;24;1,7;
2015-08-24;4,6;null;0;30,7;21,2;12,6;53,3;29;1,3;
2015-08-25;5;null;0;27,5;19,7;14,8;66,3;39;2,3;
2015-08-26;3,1;null;12,8;28,9;21,1;15;60,3;34;1,3;
2015-08-27;2,6;null;0;28,3;20,4;14,5;60,8;40;1,7;
2015-08-28;4,2;null;0;27,3;19,5;13,7;53,3;37;2;
2015-08-29;5;null;0;29,4;20;12,8;52,5;32;1,3;
2015-08-30;3,8;null;0;30,5;21,5;14,1;49,8;29;,7;
2015-08-31;4,5;null;0;30,7;21,4;13,2;47,8;30;1,3;
2015-09-01;5;null;0;31,3;22,2;14,2;56,5;26;1,7;
2015-09-02;5,5;null;0;30,7;22,1;15,4;53;28;1;
2015-09-03;4,6;null;0;30,3;22;14,5;50,5;32;1;
2015-09-04;5,4;null;0;31,5;22,6;16;50,3;30;2,3;
2015-09-05;5,8;null;0;30,1;21,8;16,1;53,3;31;1,7;
2015-09-06;3,9;null;0;29,5;21,6;16,3;67;41;1,7;
2015-09-07;2,8;null;3,8;23,9;20,6;17,6;71;65;2,3;
2015-09-08;2,4;null;0;25,1;18,8;15,8;80,8;62;2,3;
2015-09-09;2,5;null;39,8;19;16,9;15,7;88,8;86;2;
2015-09-10;,7;null;1,8;20,1;17,5;15,2;87,5;85;2;
2015-09-11;,6;null;11,9;17,5;16,9;16,3;93,5;89;2;
2015-09-12;,4;null;27,7;22,2;18,7;16;85,5;81;1,7;
2015-09-13;1,1;null;8,1;21,6;16,5;14;81,8;58;2;
2015-09-14;1,5;null;0;25,5;19;15,1;79;62;1,7;
2015-09-15;2,1;null;0;29,7;21,3;15,3;59;46;2;
2015-09-16;3,6;null;0;30,3;22,8;16;59,8;40;1,3;
2015-09-17;4,1;null;0;31,3;23,3;15,6;44,8;25;1,7;
2015-09-18;4,8;null;0;32,9;23,8;15;43;26;1,3;
2015-09-19;5,1;null;0;33,7;25,4;14,9;35,3;25;1;
2015-09-20;4,4;null;0;33,3;24,4;14,6;42,3;30;1,3;
2015-09-21;7,7;null;0;31,3;22,9;14,8;40,8;22;1,3;
2015-09-22;7;null;0;31,9;23,1;14,7;43,5;26;1,7;
2015-09-23;7;null;0;32,2;23,4;16,4;50,8;31;2;
2015-09-24;6,9;null;0;33,6;25,3;17,8;43,3;27;1,3;
2015-09-25;6,9;null;0;34,3;25,6;17,8;43,5;29;1,3;
2015-09-26;7,7;null;0;30,9;25,1;20,4;50,5;37;1,7;
2015-09-27;5,8;null;0;32,1;24,5;18,1;52,3;37;2;
2015-09-28;5,2;null;0;26,3;22;18,3;70,5;57;2;
2015-09-29;3,2;null;0;24,3;21,9;20;73,8;69;1,3;
2015-09-30;2;null;0;22,8;18,5;16,2;85;71;1;
2015-10-01;1,9;null;1,8;30,9;24,2;17,4;52,5;34;1,3;
2015-10-02;5,2;null;0;31,4;24,7;19;49,3;39;2,3;
2015-10-03;6,1;null;0;31,1;24,8;18,3;45,5;36;1,7;
2015-10-04;5,8;null;0;30,9;23,9;18,1;62;49;1;
2015-10-05;4,4;null;0;28,8;22,4;19;67,5;52;2,3;
2015-10-06;4,2;null;0;29,1;21,7;16,4;61,3;44;2,3;
2015-10-07;4,1;null;0;30;22,1;15;59,3;45;1,7;
2015-10-08;5,3;null;0;30,3;22,9;16,1;52,8;37;1,3;
2015-10-09;6,3;null;0;31,7;24,2;16,1;41;24;2;
2015-10-10;7;null;0;31;23,6;17,4;48,8;39;1,7;
2015-10-11;null;null;null;null;null;null;null;54;null;
2015-10-12;null;null;null;null;null;null;null;null;null;
2015-10-13;null;null;null;null;null;null;null;null;null;
2015-10-14;null;null;null;null;null;null;null;null;null;
2015-10-15;null;null;null;null;null;null;null;null;null;
2015-10-16;null;null;null;null;null;null;null;null;null;
2015-10-17;null;null;null;null;null;null;null;null;null;
2015-10-18;null;null;null;null;null;null;null;null;null;
2015-10-19;null;null;null;null;null;null;null;null;null;
2015-10-20;null;null;null;null;null;null;null;null;null;
2015-10-21;null;null;null;null;null;null;null;null;null;
2015-10-22;null;null;null;null;null;null;null;null;null;
2015-10-23;null;null;null;null;null;null;null;null;null;
2015-10-24;null;null;null;null;null;null;null;null;null;
2015-10-25;null;null;null;null;null;null;null;null;null;
2015-10-26;1,5;null;0;30,1;24,6;18,2;56,5;45;1,3;
2015-10-27;4,2;null;4,6;29;24,4;19,3;63,3;50;1,7;
2015-10-28;2,3;null;1,6;24,4;21,7;18,2;74,5;68;2;
2015-10-29;1,6;null;0;29,1;22,6;18,8;63,3;52;3,3;
2015-10-30;4,5;null;0;29;22,5;16,5;60;51;1,3;
2015-10-31;2;null;0;30;23,8;17,1;51,3;39;1,7;
2015-11-01;9;null;0;30,1;22,9;19,4;68,3;50;1,7;
2015-11-02;3,7;null;8,8;28,9;23,9;18,2;67,5;55;1,3;
2015-11-03;3,8;null;0;29,8;24,6;20,1;69;57;1,3;
2015-11-04;4,6;null;2,8;32,6;26,4;20,1;51,3;35;1,3;
2015-11-05;5,3;null;0;33,3;27,2;20,2;50,5;38;1,3;
2015-11-06;6,8;null;0;32,9;27,2;20,5;49,3;36;1,3;
2015-11-07;6,7;null;0;32,3;24,2;20,2;74,8;53;1,7;
2015-11-08;3,1;null;25,2;27,5;22,7;17,2;73,8;66;1;
2015-11-09;3,2;null;0;25,5;21,9;17,2;71;52;2;
2015-11-10;2;null;3,8;31,9;24,5;18,2;61;40;1,7;
2015-11-11;5,2;null;0;31,9;25,4;19;56,3;42;1,3;
2015-11-12;4,9;null;0;32,3;25,9;19,3;52,5;51;1,7;
2015-11-13;4,6;null;0;32,8;24,8;20,1;68,8;40;1;
2015-11-14;4,7;null;0;28,4;23;19;79;63;1,3;
2015-11-15;2,8;null;0;25,1;22,2;21;88,5;83;1,3;
2015-11-16;1;null;46,8;25,9;21,3;18;82,8;74;1,3;
2015-11-17;1,1;null;2,9;25,7;22,6;18,8;75,3;72;2,7;
2015-11-18;2;null;11,2;28,9;23;17,6;77;59;1,3;
2015-11-19;2,9;null;0;30,5;23,5;19,8;87,3;78;2,3;
2015-11-20;2,1;null;28,5;26,9;22,2;20;86,8;83;1,3;
2015-11-21;,8;null;21,8;26,6;22,2;18,7;77;62;2,3;
2015-11-22;1,6;null;0;28,9;23,3;17,8;72,5;53;1,3;
2015-11-23;2,6;null;0;24,2;20;17;80,5;69;1,7;
2015-11-24;1,1;null;6,5;24,3;20,7;16,8;76,8;70;2,3;
2015-11-25;1,5;null;0;25,3;21,4;16,5;72,5;63;1,3;
2015-11-26;2,4;null;0;29,1;23,3;17,1;68,5;53;1,3;
2015-11-27;3,7;null;0;29,5;23,6;18,3;61,5;49;1,7;
2015-11-28;3,9;null;0;29,3;23,1;17,8;72,3;62;2;
2015-11-29;2,4;null;9,2;28,4;22,4;19,2;78;60;1,3;
2015-11-30;2,6;null;0;30,5;23,3;19,2;71,8;49;2;
2015-12-01;3,4;null;13,9;27,7;22,3;18,9;76,5;64;1,3;
2015-12-02;2,2;null;1,5;28,5;22,6;19,9;79,3;64;2;
2015-12-03;1,5;null;19,3;29,4;23,3;19;73,3;55;1,7;
2015-12-04;2,3;null;3,4;29,1;22,2;18,2;77,5;54;1,3;
2015-12-05;2,4;null;0;28,2;22,1;18,5;77,5;61;1,7;
2015-12-06;1,5;null;24,3;27,8;22,3;18;83,5;69;2,3;
2015-12-07;2,2;null;12,6;27,4;22,4;19;80,3;67;1,3;
2015-12-08;1,7;null;1,4;27,4;22,4;19,6;78,5;65;1,7;
2015-12-09;1,9;null;0;29,6;22,8;19,5;79;55;1,3;
2015-12-10;2,4;null;14,4;28,1;22,2;18,3;73;63;2;
2015-12-11;2,1;null;16,5;28,7;22,8;18,1;78,8;63;2,3;
2015-12-12;3,2;null;6,5;29,3;23,9;18;72,8;60;1,3;
2015-12-13;3,2;null;22,5;26,6;23,4;18,2;66,5;70;1,7;
2015-12-14;1,8;null;16,8;30;24,6;18,7;67;59;1,7;
2015-12-15;3,7;null;0;30,3;24,9;19,4;66,3;57;1,3;
2015-12-16;3,9;null;2,2;30,3;23,6;18,5;65,5;43;1;
2015-12-17;4;null;0;30,4;23,6;19,4;66,8;46;2;
2015-12-18;3,2;null;21,1;29,5;21,8;17,7;72,5;52;1,7;
2015-12-19;2,4;null;14,9;29,3;22,1;18;68,8;54;1,3;
2015-12-20;2,4;null;0;29,8;22;17,1;71,5;49;1,3;
2015-12-21;1,7;null;2,8;29,1;23,3;18,8;63;50;1,3;
2015-12-22;1,5;null;0;30,5;23,6;18,4;60;50;2;
2015-12-23;1,5;null;0;30,6;23,7;17,5;58,3;46;1,7;
2015-12-24;1,4;null;0;30,3;23,8;19;56,5;48;1,7;
2015-12-25;1,5;null;0;30,2;24;20;65;50;2;
2015-12-26;1;null;7,5;29,2;23,1;18,3;74,5;56;2;
2015-12-27;1;null;13,4;26,5;22;17,9;74,8;67;1,3;
2015-12-28;,6;null;0;26,3;21,7;18,5;72,8;61;1,3;
2015-12-29;1;null;0;26,7;22;18,6;71,5;69;1;
2015-12-30;,7;null;1,6;22,7;21;18,8;80;71;1,3;
2015-12-31;,9;null;5,1;23;21,4;18,3;80,5;78;1;
2016-01-01;1;null;0;31,5;25,1;18,9;65,8;54;1,3;
2016-01-02;,8;null;1,9;27,1;22,4;19,2;75,8;51;1,3;
2016-01-03;,6;null;22,8;27,1;21,8;18,5;82,3;56;1,3;
2016-01-04;,8;null;25,1;25,5;21,5;18,5;73;62;1,7;
2016-01-05;2,8;null;0;27,9;22,5;15,8;63,3;56;1,7;
2016-01-06;3,9;null;0;28,5;22,8;16,5;66,3;53;,7;
2016-01-07;4,3;null;0;30;24,6;17,8;64,8;49;1,3;
2016-01-08;3,8;null;1,6;28,7;23,4;20;75,3;61;2,3;
2016-01-09;2,6;null;14,5;28,2;23,4;19,8;76,5;64;2,7;
2016-01-10;2,6;null;3,9;28,1;23,4;20;70,3;63;2,7;
2016-01-11;3,6;null;1,5;28,3;24;22;78,3;65;1,3;
2016-01-12;3;null;15,2;26,1;21,8;19,4;81;68;2,3;
2016-01-13;1,3;null;21,4;23,3;20,7;18,4;91;86;1,7;
2016-01-14;,6;null;16,4;27;21,9;19,8;85,8;78;2,7;
2016-01-15;,9;null;21,5;24,2;21,4;20;91;88;2,7;
2016-01-16;null;null;43,9;null;null;null;null;91;null;
2016-01-17;null;null;null;null;null;null;null;null;null;
2016-01-18;null;null;null;null;null;null;null;null;null;
2016-01-19;null;null;null;null;null;null;null;null;null;
2016-01-20;null;null;null;null;null;null;null;null;null;
2016-01-21;null;null;null;null;null;null;null;null;null;
2016-01-22;null;null;null;null;null;null;null;null;null;
2016-01-23;null;null;null;null;null;null;null;null;null;
2016-01-24;null;null;null;null;null;null;null;null;null;
2016-01-25;null;null;null;null;null;null;null;null;null;
2016-01-26;null;null;null;null;null;null;null;null;null;
2016-01-27;null;null;null;null;null;null;null;null;null;
2016-01-28;null;null;null;null;null;null;null;null;null;
2016-01-29;null;null;null;null;null;null;null;null;null;
2016-01-30;null;null;null;null;null;null;null;null;null;
2016-01-31;null;null;null;null;null;null;null;null;null;
2016-02-01;null;null;null;null;null;null;null;null;null;
2016-02-02;null;null;null;null;null;null;null;null;null;
2016-02-03;null;null;null;null;null;null;null;null;null;
2016-02-04;null;null;null;null;null;null;null;null;null;
2016-02-05;null;null;null;null;null;null;null;null;null;
2016-02-06;null;null;null;null;null;null;null;null;null;
2016-02-07;null;null;null;null;null;null;null;null;null;
2016-02-08;null;null;null;null;null;null;null;null;null;
2016-02-09;null;null;null;null;null;null;null;null;null;
2016-02-10;null;null;null;null;null;null;null;null;null;
2016-02-11;null;null;null;null;null;null;null;null;null;
2016-02-12;null;null;null;null;null;null;null;null;null;
2016-02-13;null;null;null;null;null;null;null;null;null;
2016-02-14;null;null;null;null;null;null;null;null;null;
2016-02-15;3,7;null;0;29,1;24,2;20,8;75,5;64;1,3;
2016-02-16;3;null;0;27,6;23,9;20,4;67,8;64;1,3;
2016-02-17;1,4;null;10,8;31,3;24,3;18,2;70;54;,7;
2016-02-18;4;null;23,5;29,1;21,3;17,4;79;57;1,3;
2016-02-19;2,5;null;13,3;27,5;21,6;18,1;79,5;61;1;
2016-02-20;2,8;null;0;30,2;24;19,4;62,8;54;2;
2016-02-21;3,7;null;0;30,1;22,4;18,2;76,3;59;1,3;
2016-02-22;3,4;null;28,9;28,3;21,9;18,7;80,8;68;1,3;
2016-02-23;2,3;null;47,4;28;21,8;18;74,5;63;1,7;
2016-02-24;2,2;null;0;28,6;23,3;17,9;67,8;57;1,7;
2016-02-25;3,6;null;0;29,4;22,2;19;75,3;55;1;
2016-02-26;2,4;null;0;28,5;21,7;17,4;75,3;66;1,3;
2016-02-27;3,4;null;0;29,7;23,3;20,2;67;58;1,3;
2016-02-28;2,4;null;0;30,4;23,1;20;73,5;59;2;
2016-02-29;2,9;null;22,2;29,1;22,5;19,1;77,3;60;1,3;
2016-03-01;2,2;null;0;28,2;21,8;17,6;79,8;61;1;
2016-03-02;2;null;3,6;28,4;23,6;18,9;68,5;57;1,7;
2016-03-03;3,6;null;0;26;22,2;19,1;76,8;67;1,3;
2016-03-04;2,2;null;15,6;25,7;20,3;15,8;79,5;62;2,3;
2016-03-05;1,4;null;21,6;25;19,5;16,1;81,3;65;2,3;
2016-03-06;1,3;null;0;30,3;23,6;17,8;67,5;55;1;
2016-03-07;2,7;null;0;30;22,5;19;84,5;71;1,3;
2016-03-08;1,8;null;21,8;28,1;22,9;18,8;66,5;61;1,3;
2016-03-09;3,1;null;0;28,9;23,4;18,4;60;44;2;
2016-03-10;4,5;null;0;28,6;22,8;18,2;62,8;46;2;
2016-03-11;3,4;null;0;25,5;22,2;20,3;87;71;1,3;
2016-03-12;1,1;null;13,1;27,3;21,9;19,7;83,8;67;1,7;
2016-03-13;1;null;16,2;28,5;22,5;18,8;77,8;58;1;
2016-03-14;2,2;null;10,2;28,4;22,7;19,2;75,8;56;1,7;
2016-03-15;2,3;null;0;27,7;22,2;18,8;68,3;47;2,3;
2016-03-16;3,7;null;0;27,9;21,6;17,5;84,8;73;2;
2016-03-17;1,9;null;14,2;28;21,5;17,4;76,8;53;1,7;
2016-03-18;2,6;null;0;28,4;22,8;20,9;72,8;48;,3;
2016-03-19;3,1;null;0;30,1;23,4;17,4;62,3;43;1;
2016-03-20;3,7;null;0;29,9;23,2;17,8;63,5;46;1;
2016-03-21;4,6;null;0;30,1;23,2;17,3;61;43;1;
2016-03-22;3,8;null;0;30,7;23,7;17,6;62,8;52;2;
2016-03-23;3,6;null;0;30,5;24;18,8;63,3;49;1,3;
2016-03-24;3,8;null;5,1;30,3;22,8;17,8;73,3;59;1,3;
2016-03-25;2,2;null;0;29,8;23,2;19;69,8;52;2;
2016-03-26;3,1;null;0;24,3;21,9;20,5;81,5;79;1,3;
2016-03-27;,6;null;3,9;30,3;22,6;18,2;71,3;47;,7;
2016-03-28;2,3;null;0;30,7;24,2;18,5;71,3;53;,7;
2016-03-29;2,4;null;0;29,9;23,2;20;67;50;1,3;
2016-03-30;2,8;null;0;30,3;24,2;18,2;68,5;51;2;
2016-03-31;2,6;null;0;29,6;24,3;19,8;67,5;48;2;
2016-04-01;2,5;null;0;30,7;23;18,1;71,5;46;1,7;
2016-04-02;2,9;null;0;29,6;22,8;18,3;73,3;53;1;
2016-04-03;1,6;null;12,8;30,3;23,9;18,1;71,8;50;,7;
2016-04-04;3,4;null;0;30,4;24;18,8;61,5;53;1;
2016-04-05;4,2;null;0;30,1;22,7;17,5;64,5;47;1;
2016-04-06;3,7;null;0;29,2;22,1;16;65,8;41;1,3;
2016-04-07;3,2;null;0;29,1;22,5;16,5;65;49;1;
2016-04-08;3,6;null;0;31,4;23,5;15,8;58;39;1;
2016-04-09;4,9;null;0;32,2;24;17,2;55,3;38;1;
2016-04-10;5,3;null;0;32,1;24,1;16,8;54;42;1,3;
2016-04-11;5,7;null;0;30,6;23,9;18;59,5;45;1,3;
2016-04-12;4,4;null;0;30,7;23,6;17,6;57,8;43;1,7;
2016-04-13;5;null;0;30,5;23,1;16;58,3;42;2,3;
2016-04-14;4,6;null;0;30;22,7;18,4;66,3;44;1;
2016-04-15;4,1;null;0;31,2;23,3;17;57;41;1,7;
2016-04-16;4,5;null;0;29,5;23,2;16,4;56,3;44;2;
2016-04-17;5,2;null;0;30,3;23,9;16,8;55,8;43;1,3;
2016-04-18;5,3;null;0;30,7;23,7;18,4;60,8;43;1,3;
2016-04-19;4,9;null;0;29,6;23,5;18,6;60,8;46;2;
2016-04-20;4,7;null;0;30,7;22,7;16,1;59,5;38;2;
2016-04-21;5;null;0;30,3;23,7;17,2;57;41;,7;
2016-04-22;4,3;null;0;30,7;23,5;16,4;59,8;45;1;
2016-04-23;4,5;null;0;30,3;23,5;16,9;58;44;2;
2016-04-24;4,8;null;0;30;22,2;15,9;51,3;36;2;
2016-04-25;5;null;0;29,9;22;15,4;62,8;42;2;
2016-04-26;4,3;null;0;29,7;23,2;17,4;59;45;1,7;
2016-04-27;3,9;null;4,5;24;19,7;17,6;80,8;66;1;
2016-04-28;1,6;null;0;25,9;19,6;14,6;78,8;56;1,3;
2016-04-29;2;null;10,2;23,1;17,8;14,5;84,8;72;1;
2016-04-30;,9;null;15,8;24,4;18,8;15;77,5;64;1,3;
2016-05-01;1,9;null;1,7;24,8;16,4;10,6;64,5;47;1,7;
2016-05-02;3,8;null;0;26,3;17,3;9,8;61,3;43;1,7;
2016-05-03;3,3;null;0;26,7;18,1;11,2;66,3;46;1,7;
2016-05-04;3,5;null;0;26,9;19,1;12,6;63,8;50;1,3;
2016-05-05;3,2;null;0;27,1;20,4;14,4;66,3;45;1;
2016-05-06;3;null;0;28,1;20,6;14,6;66,8;46;1;
2016-05-07;3,7;null;0;28,6;22,1;15,2;62,8;46;1,3;
2016-05-08;3,3;null;0;28,7;21,7;15,3;62,8;48;,7;
2016-05-09;3,1;null;0;27,5;20,8;16,8;70;46;,7;
2016-05-10;5,1;null;0;27,9;21,6;15,5;63,5;49;2;
2016-05-11;3,5;null;0;27,3;21,4;15,6;67;54;,7;
2016-05-12;3;null;1,7;25,5;19,3;15,8;77,5;57;1,3;
2016-05-13;2,5;null;0;24,1;19;15,4;74,8;65;1,7;
2016-05-14;2,5;null;0;24,3;18,9;14,8;71,3;70;1,7;
2016-05-15;2;null;0;25,1;18,6;14,2;75,3;60;1;
2016-05-16;2,4;null;0;24,7;19,2;14,8;80,3;66;2;
2016-05-17;1,9;null;0;27,3;20,3;16,2;67,3;51;2;
2016-05-18;3,5;null;0;26,4;20,5;15;73;57;1;
2016-05-19;2,8;null;0;27,8;20;16,1;74;69;1,7;
2016-05-20;2,5;null;0;26,7;20,8;17,8;65,8;57;1,7;
2016-05-21;3,1;null;0;22,9;18,8;14,8;78,8;69;,7;
2016-05-22;1,6;null;0;28,4;20,2;13,9;66,5;40;,7;
2016-05-23;3,2;null;0;26,3;20;15,8;73;56;1,3;
2016-05-24;3,2;null;0;23,7;16,8;13,2;74,5;55;2,3;
2016-05-25;3;null;0;24;17,3;13;74,5;57;2;
2016-05-26;2,2;null;0;24,1;17,3;12,8;75,5;55;1,7;
2016-05-27;2,3;null;0;24,3;17,3;11,6;76,8;50;1,3;
2016-05-28;3,1;null;0;24,9;17,7;13,2;71;48;2;
2016-05-29;2,6;null;0;25,3;18,2;11;66,8;49;1,7;
2016-05-30;2,9;null;0;26,8;18,6;12,2;66,5;44;1,3;
2016-05-31;3,3;null;0;24,3;17,3;12,8;73,3;54;1,7;
2016-06-01;1,3;null;0;25,4;18,2;13,2;83,3;64;1;
2016-06-02;1,2;null;38,7;21,8;17,2;14,2;90;81;1,3;
2016-06-03;,8;null;27,6;18,3;16,7;14,7;91;92;1,3;
2016-06-04;,4;null;31,2;24,6;18,7;14,9;79,3;63;1,7;
2016-06-05;,8;null;0;26,7;21,1;16,8;81;65;,7;
2016-06-06;1,2;null;0;28,1;21,9;17,6;74,3;59;1,3;
2016-06-07;2,8;null;0;24,3;19,8;17,9;83,3;67;1,3;
2016-06-08;2,1;null;4,2;21,1;17,7;15,8;81,5;74;1,7;
2016-06-09;1,5;null;0;21,9;15,4;12,2;73,5;62;,7;
2016-06-10;3,2;null;0;24,1;15,7;11,4;73,8;54;2,3;
2016-06-11;3,4;null;0;22,8;15,4;12,6;54,5;40;1,7;
2016-06-12;3,4;null;0;22,3;14;7;58,3;44;1;
2016-06-13;3,7;null;0;21,9;13,3;8,3;73,5;48;2;
2016-06-14;2,7;null;0;21,9;14,6;8,8;71;52;1,7;
2016-06-15;2,6;null;0;22,9;14,7;9;73,3;48;1;
2016-06-16;2,6;null;0;25,7;15,7;8,2;69,3;41;1,3;
2016-06-17;2,6;null;0;26,1;16,3;8,5;60,8;40;1;
2016-06-18;2,8;null;0;27,7;17,4;9;59;29;1;
2016-06-19;3,7;null;0;26,7;17,1;9,3;62;39;1,3;
2016-06-20;3,4;null;0;27,3;16,6;9,6;65,8;30;1,7;
2016-06-21;3,8;null;0;23,7;18;12,8;68,5;57;1,7;
2016-06-22;2,4;null;0;23,3;17,1;12,2;69;48;1;
2016-06-23;2,4;null;0;25,7;18,3;12,7;69,5;41;1;
2016-06-24;2,6;null;0;25,3;17,9;13;75,3;58;1,3;
2016-06-25;2,4;null;0;26,8;17,6;12,5;62,8;50;2,3;
2016-06-26;3;null;0;23,1;15,7;10,2;63,8;46;1,7;
2016-06-27;3,4;null;0;22,7;15,7;10,1;69,3;50;1;
2016-06-28;3,2;null;0;23,5;16,4;11,3;69,3;49;3;
2016-06-29;2,7;null;0;25,4;17,4;11,4;65,8;53;1,7;
2016-06-30;4;null;0;23,9;17,8;12,6;66;59;2,7;
2016-07-01;2,1;null;0;24,9;17,7;12,3;71,5;45;1,7;
2016-07-02;3,7;null;0;25,1;18,7;12,6;61,8;46;2,3;
2016-07-03;3,1;null;0;26,5;18,3;11,3;63,8;37;1,3;
2016-07-04;3,6;null;0;25,9;17,1;11,1;66,3;38;1,3;
2016-07-05;3,2;null;0;25,9;17,5;11,2;69,5;52;1,3;
2016-07-06;3;null;0;25,7;18,5;11,8;59,5;46;1;
2016-07-07;3,8;null;0;26,5;19,3;12,4;61,3;48;1,3;
2016-07-08;4,9;null;0;25,9;16,4;9,4;49,5;18;1,7;
2016-07-09;6;null;0;26,5;17,1;9,5;66;41;1,3;
2016-07-10;3,3;null;0;26,7;18,5;11,2;60;40;1,7;
2016-07-11;3,1;null;0;28,1;19,3;12;61;36;,3;
2016-07-12;3,6;null;0;29,1;19,6;12,2;54,5;37;1,7;
2016-07-13;3,9;null;0;28,9;19,1;11;55,3;36;1,3;
2016-07-14;4,6;null;0;28,5;18,6;11,8;57,5;35;,7;
2016-07-15;4,5;null;0;29,4;19,1;10,8;53,3;33;1,3;
2016-07-16;4,4;null;0;28,7;19,7;12,4;51,5;30;2,3;
2016-07-17;6,4;null;0;22,7;15,2;12;58,8;42;2;
2016-07-18;5,1;null;0;25,8;14;3,5;44,5;18;1,3;
2016-07-19;3,7;null;0;26,8;16,4;6,7;59,8;37;2;
2016-07-20;4,4;null;0;24,5;17;11,6;70,5;51;1,3;
2016-07-21;2,4;null;0;26,1;17;11,5;63,5;34;1,3;
2016-07-22;4,2;null;0;25,5;17,6;12,5;64;37;1,7;
2016-07-23;2,8;null;0;26,7;18,5;12,9;65,8;32;2;
2016-07-24;3;null;0;26,1;18;11,2;61,5;36;1,3;
2016-07-25;3,2;null;0;28,1;18,9;11,1;52,3;29;1,7;
2016-07-26;4,6;null;0;27,1;19,2;10,8;50,8;36;1,7;
2016-07-27;3,5;null;0;28,5;20,6;14,4;52,3;33;1,3;
2016-07-28;5,6;null;0;27,7;19,3;13;62,3;40;1,7;
2016-07-29;3,6;null;0;25,5;17,8;13,4;67;36;2;
2016-07-30;2,7;null;0;25,3;18,3;13,2;59;44;1,7;
2016-07-31;3,8;null;0;26,1;18,8;12,2;56,3;39;1,7;
2016-08-01;4,5;null;0;24,4;18;11,8;56,8;36;2,3;
2016-08-02;3,3;null;0;26,9;18,1;10,2;56,5;35;1,7;
2016-08-03;4,1;null;0;26,7;18,5;12,6;61;37;2;
2016-08-04;3,5;null;0;25,7;18,3;12,1;64,5;46;2;
2016-08-05;3,1;null;0;25,9;18,2;11,3;62,3;44;1,7;
2016-08-06;3,9;null;0;27,4;19,8;13;52,3;36;1;
2016-08-07;4,5;null;0;29,3;19,8;11,2;53,8;34;1,3;
2016-08-08;4,9;null;0;30,1;20,9;13,4;46,3;24;1;
2016-08-09;4,4;null;0;30,7;21,8;14,5;42,8;27;2,3;
2016-08-10;6,2;null;0;27,1;19,9;15;56,5;37;2;
2016-08-11;5,2;null;0;25,2;16,5;12,4;54,5;32;2;
2016-08-12;5,2;null;0;26,6;15,8;8,4;54;29;1,7;
2016-08-13;5,1;null;0;28,3;17,8;9,3;59,8;31;2;
2016-08-14;4,7;null;0;30;19,8;11,6;57,5;34;1,7;
2016-08-15;4;null;0;30,5;20,6;13,6;55;31;1,7;
2016-08-16;6,2;null;2,8;29,1;20,1;14,8;59,8;32;1,7;
2016-08-17;2,4;null;0;29;20,9;13,8;59;37;1;
2016-08-18;4,4;null;0;31,9;22,5;12,4;44,3;30;2,3;
2016-08-19;6,2;null;0;29,2;21,7;16;55,8;38;1,7;
2016-08-20;5,4;null;0;29,4;21,9;16,6;58,3;37;2,3;
2016-08-21;5,5;null;1,2;20,6;17,4;16,3;72,8;68;2,7;
2016-08-22;1,7;null;0;24,1;15,8;10,6;55,8;24;2,7;
2016-08-23;4,1;null;0;26,3;16,6;10,2;63,3;45;1,3;
2016-08-24;2,5;null;0;26,3;18,1;12,1;61,5;39;1,7;
2016-08-25;4,1;null;0;27,5;18,5;9,8;52,5;41;1,3;
2016-08-26;4,8;null;0;27,8;18,7;10,4;46,8;34;2,3;
2016-08-27;5,5;null;0;28,7;19,3;10,4;46,8;33;2;
2016-08-28;5,4;null;0;29,2;20,6;12,7;46;32;1,7;
2016-08-29;5,1;null;0;31;21,7;13,2;41,3;29;2;
2016-08-30;7,1;null;0;30,2;22,4;16,1;48,5;32;1;
2016-08-31;6,3;null;0;28,9;22,2;17,5;51,8;37;2;
2016-09-01;3,3;null;2,9;27,5;19,9;15,8;78,5;53;1,3;
2016-09-02;2;null;31,2;28,5;20,5;14,4;59,5;46;1,3;
2016-09-03;3,8;null;0;28;20,6;14,3;56,5;44;2;
2016-09-04;5,6;null;0;28,4;21,1;15;52,8;40;2,7;
2016-09-05;5,1;null;0;29,1;21,6;14,2;47,3;39;2;
2016-09-06;6;null;0;25,1;20;15;54;50;1,7;
2016-09-07;4,3;null;0;30,1;22,4;13,6;48;34;1,7;
2016-09-08;5,5;null;0;30,2;22,7;15,4;46,5;36;1;
2016-09-09;7,3;null;0;30,6;22,9;15,6;47,3;32;1,7;
2016-09-10;5,2;null;0;30,4;22,1;15,2;49;30;2,3;
2016-09-11;5,4;null;0;29,9;22,6;15;47,5;34;2,3;
2016-09-12;5,4;null;0;29,9;23,2;15;42,5;36;1,7;
2016-09-13;6,7;null;0;30,8;23,8;17,2;43,5;36;1,7;
2016-09-14;6,9;null;0;32,2;24;16,5;46;31;1,7;
2016-09-15;6,8;null;0;31,5;24,3;18;49,5;34;1,7;
2016-09-16;5,7;null;0;30,1;22,5;15,5;53;40;1,7;
2016-09-17;4,7;null;0;29,7;22,7;14,9;57,5;41;1;
2016-09-18;4,4;null;0;33,1;24,5;16,2;44,5;32;,7;
2016-09-19;6,7;null;0;32,7;24,6;17,8;46,5;29;2,3;
2016-09-20;5,2;null;1,6;29,1;22,4;18;51,3;37;1,7;
2016-09-21;4,3;null;0;26,7;19,4;14,8;61,5;53;2;
2016-09-22;4,8;null;0;27,1;18,6;10,5;56,3;50;1;
2016-09-23;5,1;null;0;29,8;22,1;12,2;47,8;39;1;
2016-09-24;5,5;null;0;31,3;23,6;16,6;50;44;1,7;
2016-09-25;4,5;null;0;28,5;20,4;15,2;68;48;3;
2016-09-26;3,6;null;0;25,5;18,7;15;71;48;1,3;
2016-09-27;3;null;0;27,9;19,6;14,8;68,3;40;1,7;
2016-09-28;4,6;null;0;28,3;21,6;15,9;55,5;42;,7;
2016-09-29;4,7;null;0;31,3;23,4;16,6;44,8;39;1,7;
2016-09-30;7,9;null;0;31,9;22,9;13,9;45,8;37;1,7;
2016-10-01;6;null;0;24,9;21,4;17;59,5;43;2,7;
2016-10-02;3;null;0;26,1;19,4;14,2;66,5;48;2;
2016-10-03;3,2;null;0;25,3;18,8;14;77,8;59;1,7;
2016-10-04;2,6;null;17,3;20,7;18,2;15,8;94;94;1,7;
2016-10-05;,7;null;0;25,5;20,1;15,8;70,8;58;2,3;
2016-10-06;3,3;null;0;25,9;20,6;16,3;60,3;59;1,3;
2016-10-07;4,9;null;0;25,3;19,7;13,8;48,3;39;2,3;
2016-10-08;5,2;null;0;29;19,8;11,8;56,3;42;1,3;
2016-10-09;6,4;null;0;31,3;22,7;15;51,3;36;1,7;
2016-10-10;6,2;null;0;26,1;20,2;17,2;65;53;1,7;
2016-10-11;3;null;0;28,5;21,4;16,4;61,5;46;1,7;
2016-10-12;4,2;null;10,6;28,3;21,6;16;68;48;2,3;
2016-10-13;4,1;null;0;29,3;22,9;16;57,5;46;2,3;
2016-10-14;5,2;null;29,4;24,1;20,9;16,8;66;63;2,3;
2016-10-15;2,3;null;0;29,3;23,1;17,6;69,3;50;2;
2016-10-16;2;null;29,8;29,9;23,1;18,3;68,5;47;1;
2016-10-17;3,6;null;0;31,6;24,2;18;62,5;44;1;
2016-10-18;3,9;null;8,9;31,3;24,9;19,1;59,8;48;1,7;
2016-10-19;4,2;null;3;33,1;25,4;20;57,3;44;1,7;
2016-10-20;5;null;0;32;23,6;19,8;73,5;61;1,7;
2016-10-21;4;null;2,2;31,9;24,2;19,6;62,8;43;1,7;
2016-10-22;4;null;0;27,8;22,6;20;74,8;68;1,7;
2016-10-23;2,2;null;28,6;27,3;22,6;18,3;64,8;61;1,7;
2016-10-24;2,6;null;0;30;23,2;17,8;59,5;44;2;
2016-10-25;4,3;null;0;29,9;24;19,4;60,8;56;1,7;
2016-10-26;3;null;0;30,7;23,8;19;59,8;54;2;
2016-10-27;4,5;null;0;30,7;23,4;20;68,5;50;2;
2016-10-28;4,2;null;4,2;27,5;20,9;17,5;56,3;24;2,3;
2016-10-29;5,2;null;0;24,1;18,6;15,2;75;58;2;
2016-10-30;2,3;null;0;26,5;20,1;16,4;72;53;1,7;
2016-10-31;3,5;null;0;27,7;20,9;14,4;64,3;43;1,7;
2016-11-01;4,7;null;0;28,1;21;16;67,3;45;1,7;
2016-11-02;3,9;null;0;26,5;21,6;17,8;64,3;55;1,7;
2016-11-03;3,2;null;0;30,7;22,5;18,4;68,5;46;2;
2016-11-04;4;null;39,9;22,3;19,3;17,4;82,8;78;1,7;
2016-11-05;1;null;14,9;23,9;19,1;16,8;82,8;74;1,7;
2016-11-06;1,6;null;0;24,7;20,1;15,4;65,8;66;2;
2016-11-07;3,3;null;0;25,7;20,1;15,5;79,5;63;2,7;
2016-11-08;1,5;null;19,6;27,1;21,1;15,4;67;56;2;
2016-11-09;3,1;null;0;29;22,9;15,9;62,8;54;2;
2016-11-10;4;null;11,8;27,8;22,2;17,4;74,5;63;1,7;
2016-11-11;3;null;0;28,3;23;18,2;55,5;37;1,7;
2016-11-12;2,8;null;0;28,2;20,7;16,6;77,3;59;2;
2016-11-13;2,1;null;14,2;22,3;19,2;17,8;90,5;87;1,3;
2016-11-14;,8;null;32,3;20,5;18;16,6;91,8;92;1,3;
2016-11-15;,3;null;53,9;27,3;20,5;17;84,5;72;1,3;
2016-11-16;1,5;null;1,8;26,9;21,3;16,3;79;64;1,7;
2016-11-17;2,5;null;0;27,7;22,5;18,6;73,5;61;1,3;
2016-11-18;1,9;null;16,4;25,2;20,7;18,1;82,3;77;2;
2016-11-19;2;null;3,8;24,3;18,7;14,5;71,3;60;1,3;
2016-11-20;2,9;null;0;26,5;19,3;10,1;56,3;57;1,3;
2016-11-21;4,9;null;0;25,7;20,6;14;67,3;54;1;
2016-11-22;2,9;null;0;24,9;20,9;18,5;80,3;72;1;
2016-11-23;1;null;35,3;22,7;20,2;17,2;91,5;87;,7;
2016-11-24;,8;null;3,6;29,3;23,1;18,4;67,3;55;,7;
2016-11-25;3,9;null;0;28,3;22,4;17,4;69,8;59;1,7;
2016-11-26;3,2;null;0;28,9;22,2;17,8;74;63;1,7;
2016-11-27;3,3;null;23,1;28,3;22,2;18,2;66,3;60;1,7;
2016-11-28;2,6;null;0;29,7;23,9;19,8;65,8;53;1;
2016-11-29;3,4;null;0;30,7;23,1;19,5;73,8;51;1,3;
2016-11-30;2,7;null;19,6;24,9;21,7;19;74;69;1,7;
2016-12-01;2,7;null;0;26,3;19;15,4;84;74;2;
2016-12-02;1,6;null;0;26,3;21;15,6;73,8;63;1;
2016-12-03;2,3;null;0;29,3;22,5;16,5;68;59;2;
2016-12-04;3,3;null;0;26,5;21,3;18;79;61;2;
2016-12-05;1,8;null;19,7;26,5;20,1;13,1;83,8;66;,7;
2016-12-06;1,6;null;0;30,3;23,8;18,2;62,8;56;1,3;
2016-12-07;5,7;null;0;31,3;24,2;16,4;58,8;48;,7;
2016-12-08;5,8;null;10,4;28,7;23,5;18,6;71,3;56;1;
2016-12-09;2,9;null;1,8;28,4;23,1;18,8;81,3;64;1,3;
2016-12-10;2,1;null;1,7;27,7;22,6;18,8;78;68;1,7;
2016-12-11;2,5;null;24,2;28,1;22,5;18,5;79,5;68;1;
2016-12-12;1,5;null;0;28,6;22,6;19,2;79,8;62;2;
2016-12-13;1,6;null;4,2;27,7;22,9;19,4;80,3;69;1;
2016-12-14;1,7;null;2,1;23,3;20,5;18,8;89,5;86;1,3;
2016-12-15;,8;null;15,2;21,2;16,8;14;88,3;81;6;
2016-12-16;1;null;25,8;20,9;16,9;13,8;76,3;70;1,7;
2016-12-17;1,8;null;0;25,4;20,3;13,8;66,8;62;2;
2016-12-18;3,2;null;0;26,9;21,7;16,2;67;67;2,3;
2016-12-19;4,2;null;0;27,7;22,1;15,8;65,5;59;1,3;
2016-12-20;4;null;0;28,3;22,4;17,2;64,8;66;2;
2016-12-21;4,9;null;0;29,3;23,1;16,3;61,3;55;2,3;
2016-12-22;4,8;null;0;30,9;23,9;17,3;61,8;61;1,6;
2016-12-23;4,8;null;0;31,3;24,2;17,4;58;56;1;
2016-12-24;5,9;null;0;31,4;24,2;18,5;61,5;55;,7;
2016-12-25;5,2;null;0;31,5;22,2;17,8;74;53;1,3;
2016-12-26;3,6;null;20,2;30,6;23,4;16,4;64,8;54;1,3;
2016-12-27;3,7;null;0;31,9;23,6;19;71,3;52;2,3;
2016-12-28;4,2;null;10,7;30,5;23,7;17,8;67;55;1,3;
2016-12-29;4,5;null;0;30,3;24,2;17,6;62,3;52;1;
2016-12-30;4,8;null;0;31,5;25,1;18,8;57,8;48;1,3;
2016-12-31;5,7;null;0;31,9;25,9;20;54,5;49;1,7;
2017-01-01;5,3;null;0;31,5;25,4;19,1;54;54;1;
2017-01-02;5,8;null;0;32,6;25,6;19,3;56;42;1,3;
2017-01-03;6,1;null;0;31,4;24,1;20,2;63,5;45;1,3;
2017-01-04;4,2;null;3,1;30,2;21,5;17,8;79,8;62;2;
2017-01-05;2,4;null;30,4;30,3;23,8;17,6;66,5;49;,7;
2017-01-06;4,4;null;0;32,1;25,4;19;59,8;52;1,3;
2017-01-07;5,6;null;0;31,5;25,1;20;57,5;50;1,7;
2017-01-08;4,1;null;32,4;30,3;24,6;18,4;67;57;1,7;
2017-01-09;3,9;null;20,4;26,2;22,3;19;73,3;64;1,3;
2017-01-10;2,2;null;0;28,9;23;19;72,5;59;1;
2017-01-11;2,6;null;1,6;28,7;23,8;19,3;73,5;62;,7;
2017-01-12;2,3;null;9,1;28,1;23,4;18;72,3;63;1,7;
2017-01-13;2,5;null;1,9;25,5;22;18,6;78,5;68;1;
2017-01-14;1,9;null;2,8;27,5;22,1;18,1;79,5;62;1;
2017-01-15;1,7;null;42,3;27,3;22;18,2;77,5;72;1,3;
2017-01-16;1,9;null;1,8;28,1;22,6;18,4;69;54;1,7;
2017-01-17;4;null;0;27,4;22,9;19,6;67,3;60;1,7;
2017-01-18;4;null;0;29,3;23,5;17,9;58,8;43;1,7;
2017-01-19;4,8;null;0;29,5;22,9;18,4;73,8;53;1,3;
2017-01-20;2,9;null;0;29,6;23,5;18,8;62,5;48;1,3;
2017-01-21;4;null;0;29,1;22,7;17,4;67;52;1,3;
2017-01-22;4,8;null;0;29,2;23,1;18,8;67,5;60;1;
2017-01-23;4;null;0;29,1;23,4;17,2;62;50;1,3;
2017-01-24;4,1;null;0;29,3;23,6;18,7;70;53;1,3;
2017-01-25;2,3;null;6,2;29,1;23,2;18;70,5;57;1,7;
2017-01-26;3;null;3,4;29,5;23,9;19,3;73;56;2;
2017-01-27;3,5;null;0;31,3;24,4;19,4;57;44;2,3;
2017-01-28;5,4;null;0;30,5;23,9;18,2;60,8;53;2,1;
2017-01-29;5,3;null;0;29,4;23,9;18;62;57;2,3;
2017-01-30;4,7;null;0;29,2;23,9;19;58;46;2,3;
2017-01-31;3,8;null;0;28,7;23,3;16,9;62;54;1,3;
2017-02-01;2,7;null;3,1;27,2;21,7;18,4;75,5;58;1;
2017-02-02;2,5;null;36,4;27,4;22,4;20,3;74,8;60;1,3;
2017-02-03;2,4;null;22,7;26,3;21,5;17,7;79,3;64;1,7;
2017-02-04;1,9;null;0;28,4;23;19,4;78;73;1,3;
2017-02-05;1,8;null;5,1;27,6;22;17,4;80,3;68;1;
2017-02-06;1,8;null;12,2;28,6;22,7;17,6;75,5;57;1;
2017-02-07;2,7;null;0;29,7;23,6;18,5;70;60;1,7;
2017-02-08;3,3;null;0;29,7;24,3;19,9;67;60;1,3;
2017-02-09;4,7;null;0;27,7;22,8;17,4;62;57;2,3;
2017-02-10;4;null;0;27,6;22;17,8;68,8;57;1,3;
2017-02-11;4,6;null;0;28,5;22,5;17,4;62,5;60;1,7;
2017-02-12;6;null;0;29,3;23,4;18;62,3;58;1,3;
2017-02-13;5,5;null;0;28,8;22,9;18,2;58;45;2,3;
2017-02-14;5,2;null;0;28,5;22,7;16,8;64,3;60;1,3;
2017-02-15;null;null;null;null;null;null;null;65;null;
2017-02-16;null;null;null;null;null;null;null;null;null;
2017-02-17;null;null;null;null;null;null;null;null;null;
2017-02-18;null;null;null;null;null;null;null;null;null;
2017-02-19;null;null;null;null;null;null;null;null;null;
2017-02-20;null;null;null;null;null;null;null;null;null;
2017-02-21;null;null;null;null;null;null;null;null;null;
2017-02-22;null;null;null;null;null;null;null;null;null;
2017-02-23;null;null;null;null;null;null;null;null;null;
2017-02-24;null;null;null;null;null;null;null;null;null;
2017-02-25;null;null;null;null;null;null;null;null;null;
2017-02-26;null;null;null;null;null;null;null;null;null;
2017-02-27;null;null;null;null;null;null;null;null;null;
2017-02-28;null;null;null;null;null;null;null;null;null;
2017-03-01;null;null;null;null;null;null;null;null;null;
2017-03-02;null;null;null;null;null;null;null;null;null;
2017-03-03;null;null;null;null;null;null;null;null;null;
2017-03-04;null;null;null;null;null;null;null;null;null;
2017-03-05;null;null;null;null;null;null;null;null;null;
2017-03-06;null;null;null;null;null;null;null;null;null;
2017-03-07;null;null;null;null;null;null;null;null;null;
2017-03-08;null;null;null;null;null;null;null;null;null;
2017-03-09;null;null;null;null;null;null;null;null;null;
2017-03-10;null;null;null;null;null;null;null;null;null;
2017-03-11;null;null;null;null;null;null;null;null;null;
2017-03-12;null;null;null;null;null;null;null;null;null;
2017-03-13;null;null;null;null;null;null;null;null;null;
2017-03-14;null;null;null;null;null;null;null;null;null;
2017-03-15;null;null;null;null;null;null;null;null;null;
2017-03-16;null;null;null;null;null;null;null;null;null;
2017-03-17;null;null;null;null;null;null;null;null;null;
2017-03-18;null;null;null;null;null;null;null;null;null;
2017-03-19;null;null;null;null;null;null;null;null;null;
2017-03-20;null;null;null;null;null;null;null;null;null;
2017-03-21;null;null;null;null;null;null;null;null;null;
2017-03-22;null;null;null;null;null;null;null;null;null;
2017-03-23;null;null;null;null;null;null;null;null;null;
2017-03-24;null;null;null;null;null;null;null;null;null;
2017-03-25;null;null;null;null;null;null;null;null;null;
2017-03-26;null;null;null;null;null;null;null;null;null;
2017-03-27;null;null;null;null;null;null;null;null;null;
2017-03-28;null;null;null;null;null;null;null;null;null;
2017-03-29;null;null;null;null;null;null;null;null;null;
2017-03-30;null;null;null;null;null;null;null;null;null;
2017-03-31;null;null;null;null;null;null;null;null;null;
2017-04-01;null;null;null;null;null;null;null;null;null;
2017-04-02;null;null;null;null;null;null;null;null;null;
2017-04-03;null;null;null;null;null;null;null;null;null;
2017-04-04;null;null;null;null;null;null;null;null;null;
2017-04-05;null;null;null;null;null;null;null;null;null;
2017-04-06;null;null;null;null;null;null;null;null;null;
2017-04-07;null;null;null;null;null;null;null;null;null;
2017-04-08;null;null;null;null;null;null;null;null;null;
2017-04-09;null;null;null;null;null;null;null;null;null;
2017-04-10;null;null;null;null;null;null;null;null;null;
2017-04-11;null;null;null;null;null;null;null;null;null;
2017-04-12;null;null;null;null;null;null;null;null;null;
2017-04-13;null;null;null;null;null;null;null;null;null;
2017-04-14;null;null;null;null;null;null;null;null;null;
2017-04-15;null;null;null;null;null;null;null;null;null;
2017-04-16;null;null;null;null;null;null;null;null;null;
2017-04-17;null;null;null;null;null;null;null;null;null;
2017-04-18;null;null;null;null;null;null;null;null;null;
2017-04-19;null;null;null;null;null;null;null;null;null;
2017-04-20;null;null;null;null;null;null;null;null;null;
2017-04-21;null;null;null;null;null;null;null;null;null;
2017-04-22;null;null;null;null;null;null;null;null;null;
2017-04-23;null;null;null;null;null;null;null;null;null;
2017-04-24;null;null;null;null;null;null;null;null;null;
2017-04-25;null;null;null;null;null;null;null;null;null;
2017-04-26;null;null;null;null;null;null;null;null;null;
2017-04-27;null;null;null;null;null;null;null;null;null;
2017-04-28;null;null;null;null;null;null;null;null;null;
2017-04-29;null;null;null;null;null;null;null;null;null;
2017-04-30;null;null;null;null;null;null;null;null;null;
2017-05-01;null;null;null;null;null;null;null;null;null;
2017-05-02;null;null;null;null;null;null;null;null;null;
2017-05-03;null;null;null;null;null;null;null;null;null;
2017-05-04;null;null;null;null;null;null;null;null;null;
2017-05-05;null;null;null;null;null;null;null;null;null;
2017-05-06;null;null;null;null;null;null;null;null;null;
2017-05-07;null;null;null;null;null;null;null;null;null;
2017-05-08;null;null;null;null;null;null;null;null;null;
2017-05-09;null;null;null;null;null;null;null;null;null;
2017-05-10;null;null;null;null;null;null;null;null;null;
2017-05-11;null;null;null;null;null;null;null;null;null;
2017-05-12;null;null;null;null;null;null;null;null;null;
2017-05-13;null;null;null;null;null;null;null;null;null;
2017-05-14;null;null;null;null;null;null;null;null;null;
2017-05-15;null;null;null;null;null;null;null;null;null;
2017-05-16;null;null;null;null;null;null;null;null;null;
2017-05-17;null;null;null;null;null;null;null;null;null;
2017-05-18;null;null;null;null;null;null;null;null;null;
2017-05-19;null;null;null;null;null;null;null;null;null;
2017-05-20;null;null;null;null;null;null;null;null;null;
2017-05-21;null;null;null;null;null;null;null;null;null;
2017-05-22;null;null;null;null;null;null;null;null;null;
2017-05-23;null;null;null;null;null;null;null;null;null;
2017-05-24;null;null;null;null;null;null;null;null;null;
2017-05-25;null;null;null;null;null;null;null;null;null;
2017-05-26;null;null;null;null;null;null;null;null;null;
2017-05-27;null;null;null;null;null;null;null;null;null;
2017-05-28;null;null;null;null;null;null;null;null;null;
2017-05-29;null;null;null;null;null;null;null;null;null;
2017-05-30;null;null;null;null;null;null;null;null;null;
2017-05-31;null;null;null;null;null;null;null;null;null;
2017-06-01;null;null;null;null;null;null;null;null;null;
2017-06-02;null;null;null;null;null;null;null;null;null;
2017-06-03;null;null;null;null;null;null;null;null;null;
2017-06-04;null;null;null;null;null;null;null;null;null;
2017-06-05;null;null;null;null;null;null;null;null;null;
2017-06-06;null;null;null;null;null;null;null;null;null;
2017-06-07;null;null;null;null;null;null;null;null;null;
2017-06-08;null;null;null;null;null;null;null;null;null;
2017-06-09;null;null;null;null;null;null;null;null;null;
2017-06-10;null;null;null;null;null;null;null;null;null;
2017-06-11;null;null;null;null;null;null;null;null;null;
2017-06-12;null;null;null;null;null;null;null;null;null;
2017-06-13;null;null;null;null;null;null;null;null;null;
2017-06-14;null;null;null;null;null;null;null;null;null;
2017-06-15;null;null;null;null;null;null;null;null;null;
2017-06-16;null;null;null;null;null;null;null;null;null;
2017-06-17;null;null;null;null;null;null;null;null;null;
2017-06-18;null;null;null;null;null;null;null;null;null;
2017-06-19;null;null;null;null;null;null;null;null;null;
2017-06-20;null;null;null;null;null;null;null;null;null;
2017-06-21;null;null;null;null;null;null;null;null;null;
2017-06-22;null;null;null;null;null;null;null;null;null;
2017-06-23;null;null;null;null;null;null;null;null;null;
2017-06-24;null;null;null;null;null;null;null;null;null;
2017-06-25;null;null;null;null;null;null;null;null;null;
2017-06-26;null;null;null;null;null;null;null;null;null;
2017-06-27;null;null;null;null;null;null;null;null;null;
2017-06-28;null;null;null;null;null;null;null;null;null;
2017-06-29;null;null;null;null;null;null;null;null;null;
2017-06-30;null;null;null;null;null;null;null;null;null;
2017-07-01;null;null;null;null;null;null;null;null;null;
2017-07-02;null;null;null;null;null;null;null;null;null;
2017-07-03;null;null;null;null;null;null;null;null;null;
2017-07-04;null;null;null;null;null;null;null;null;null;
2017-07-05;null;null;null;null;null;null;null;null;null;
2017-07-06;null;null;null;null;null;null;null;null;null;
2017-07-07;null;null;null;null;null;null;null;null;null;
2017-07-08;null;null;null;null;null;null;null;null;null;
2017-07-09;null;null;null;null;null;null;null;null;null;
2017-07-10;null;null;null;null;null;null;null;null;null;
2017-07-11;null;null;null;null;null;null;null;null;null;
2017-07-12;null;null;null;null;null;null;null;null;null;
2017-07-13;null;null;null;null;null;null;null;null;null;
2017-07-14;null;null;null;null;null;null;null;null;null;
2017-07-15;null;null;null;null;null;null;null;null;null;
2017-07-16;null;null;null;null;null;null;null;null;null;
2017-07-17;null;null;null;null;null;null;null;null;null;
2017-07-18;null;null;null;null;null;null;null;null;null;
2017-07-19;null;null;null;null;null;null;null;null;null;
2017-07-20;null;null;null;null;null;null;null;null;null;
2017-07-21;null;null;null;null;null;null;null;null;null;
2017-07-22;null;null;null;null;null;null;null;null;null;
2017-07-23;null;null;null;null;null;null;null;null;null;
2017-07-24;null;null;null;null;null;null;null;null;null;
2017-07-25;null;null;null;null;null;null;null;null;null;
2017-07-26;null;null;null;null;null;null;null;null;null;
2017-07-27;null;null;null;null;null;null;null;null;null;
2017-07-28;null;null;null;null;null;null;null;null;null;
2017-07-29;null;null;null;null;null;null;null;null;null;
2017-07-30;null;null;null;null;null;null;null;null;null;
2017-07-31;null;null;null;null;null;null;null;null;null;
2017-08-01;null;null;null;null;null;null;null;null;null;
2017-08-02;null;null;null;null;null;null;null;null;null;
2017-08-03;null;null;null;null;null;null;null;null;null;
2017-08-04;null;null;null;null;null;null;null;null;null;
2017-08-05;null;null;null;null;null;null;null;null;null;
2017-08-06;null;null;null;null;null;null;null;null;null;
2017-08-07;null;null;null;null;null;null;null;null;null;
2017-08-08;null;null;null;null;null;null;null;null;null;
2017-08-09;null;null;null;null;null;null;null;null;null;
2017-08-10;null;null;null;null;null;null;null;null;null;
2017-08-11;null;null;null;null;null;null;null;null;null;
2017-08-12;null;null;null;null;null;null;null;null;null;
2017-08-13;null;null;null;null;null;null;null;null;null;
2017-08-14;null;null;null;null;null;null;null;null;null;
2017-08-15;null;null;null;null;null;null;null;null;null;
2017-08-16;null;null;null;null;null;null;null;null;null;
2017-08-17;null;null;null;null;null;null;null;null;null;
2017-08-18;null;null;null;null;null;null;null;null;null;
2017-08-19;null;null;null;null;null;null;null;null;null;
2017-08-20;null;null;null;null;null;null;null;null;null;
2017-08-21;null;null;null;null;null;null;null;null;null;
2017-08-22;null;null;null;null;null;null;null;null;null;
2017-08-23;null;null;null;null;null;null;null;null;null;
2017-08-24;null;null;null;null;null;null;null;null;null;
2017-08-25;null;null;null;null;null;null;null;null;null;
2017-08-26;null;null;null;null;null;null;null;null;null;
2017-08-27;null;null;null;null;null;null;null;null;null;
2017-08-28;null;null;null;null;null;null;null;null;null;
2017-08-29;null;null;null;null;null;null;null;null;null;
2017-08-30;null;null;null;null;null;null;null;null;null;
2017-08-31;null;null;null;null;null;null;null;null;null;
2017-09-01;null;null;null;null;null;null;null;null;null;
2017-09-02;null;null;null;null;null;null;null;null;null;
2017-09-03;null;null;null;null;null;null;null;null;null;
2017-09-04;null;null;null;null;null;null;null;null;null;
2017-09-05;null;null;null;null;null;null;null;null;null;
2017-09-06;null;null;null;null;null;null;null;null;null;
2017-09-07;null;null;null;null;null;null;null;null;null;
2017-09-08;null;null;null;null;null;null;null;null;null;
2017-09-09;null;null;null;null;null;null;null;null;null;
2017-09-10;null;null;null;null;null;null;null;null;null;
2017-09-11;null;null;null;null;null;null;null;null;null;
2017-09-12;null;null;null;null;null;null;null;null;null;
2017-09-13;null;null;null;null;null;null;null;null;null;
2017-09-14;null;null;null;null;null;null;null;null;null;
2017-09-15;null;null;null;null;null;null;null;null;null;
2017-09-16;null;null;null;null;null;null;null;null;null;
2017-09-17;null;null;null;null;null;null;null;null;null;
2017-09-18;null;null;null;null;null;null;null;null;null;
2017-09-19;null;null;null;null;null;null;null;null;null;
2017-09-20;null;null;null;null;null;null;null;null;null;
2017-09-21;null;null;null;null;null;null;null;null;null;
2017-09-22;null;null;null;null;null;null;null;null;null;
2017-09-23;null;null;null;null;null;null;null;null;null;
2017-09-24;null;null;null;null;null;null;null;null;null;
2017-09-25;null;null;null;null;null;null;null;null;null;
2017-09-26;null;null;null;null;null;null;null;null;null;
2017-09-27;null;null;null;null;null;null;null;null;null;
2017-09-28;null;null;null;null;null;null;null;null;null;
2017-09-29;null;null;null;null;null;null;null;null;null;
2017-09-30;null;null;null;null;null;null;null;null;null;
2017-10-01;null;null;null;null;null;null;null;null;null;
2017-10-02;null;null;null;null;null;null;null;null;null;
2017-10-03;null;null;null;null;null;null;null;null;null;
2017-10-04;null;null;null;null;null;null;null;null;null;
2017-10-05;null;null;null;null;null;null;null;null;null;
2017-10-06;null;null;null;null;null;null;null;null;null;
2017-10-07;null;null;null;null;null;null;null;null;null;
2017-10-08;null;null;null;null;null;null;null;null;null;
2017-10-09;null;null;null;null;null;null;null;null;null;
2017-10-10;null;null;null;null;null;null;null;null;null;
2017-10-11;null;null;null;null;null;null;null;null;null;
2017-10-12;null;null;null;null;null;null;null;null;null;
2017-10-13;null;null;null;null;null;null;null;null;null;
2017-10-14;null;null;null;null;null;null;null;null;null;
2017-10-15;null;null;null;null;null;null;null;null;null;
2017-10-16;null;null;null;null;null;null;null;null;null;
2017-10-17;null;null;null;null;null;null;null;null;null;
2017-10-18;null;null;null;null;null;null;null;null;null;

