Nome: PONTA PORA
Codigo Estacao: 83702
Latitude: -22.5525
Longitude: -55.71638888
Altitude: 668
Situacao: Desativada
Data Inicial: 2015-01-01
Data Final: 2016-01-31
Periodicidade da Medicao: Diaria

Data Medicao;EVAPORACAO DO PICHE, DIARIA(mm);INSOLACAO TOTAL, DIARIO(h);PRECIPITACAO TOTAL, DIARIO(mm);TEMPERATURA MAXIMA, DIARIA(°C);TEMPERATURA MEDIA COMPENSADA, DIARIA(°C);TEMPERATURA MINIMA, DIARIA(°C);UMIDADE RELATIVA DO AR, MEDIA DIARIA(%);UMIDADE RELATIVA DO AR, MINIMA DIARIA(%);VENTO, VELOCIDADE MEDIA DIARIA(m/s);
2015-01-01;null;null;0;null;null;null;73,5;55;3,3;
2015-01-02;null;null;7,7;null;null;null;86,5;69;3;
2015-01-03;null;null;0;null;null;null;71,8;56;2,3;
2015-01-04;null;null;0;null;null;null;93,3;72;1;
2015-01-05;null;null;41,3;null;null;null;79,8;73;3;
2015-01-06;null;null;0;null;null;null;81;55;3,3;
2015-01-07;null;null;15,5;null;null;null;74;50;3;
2015-01-08;null;null;,3;null;null;null;71,8;44;2,3;
2015-01-09;null;null;0;null;null;null;84;79;2,7;
2015-01-10;null;null;1,7;null;null;null;59,5;48;1,7;
2015-01-11;null;null;0;null;null;null;68;58;2,3;
2015-01-12;null;null;0;null;null;null;76;67;1,3;
2015-01-13;null;null;36,9;null;null;null;68;49;2,3;
2015-01-14;null;null;0;null;null;null;89,3;70;3;
2015-01-15;null;null;18;null;null;null;78,5;69;4,3;
2015-01-16;null;null;3,1;null;null;null;77;67;1,7;
2015-01-17;null;null;0;null;null;null;61,8;49;2;
2015-01-18;null;null;0;null;null;null;96,5;64;2;
2015-01-19;null;null;15;null;null;null;59,3;51;1,3;
2015-01-20;null;null;0;null;null;null;80;54;1;
2015-01-21;null;null;0;null;null;null;75,8;67;2;
2015-01-22;null;null;0;null;null;null;78,8;62;1;
2015-01-23;null;null;22;null;null;null;77,8;60;1,7;
2015-01-24;null;null;0;null;null;null;76,3;68;2,3;
2015-01-25;null;null;0;null;null;null;77;69;1,7;
2015-01-26;null;null;0;null;null;null;84,3;79;1,7;
2015-01-27;null;null;34,5;null;null;null;98,5;84;3,7;
2015-01-28;null;null;17,3;null;null;null;97;91;3;
2015-01-29;null;null;22,8;null;null;null;90,5;90;3,7;
2015-01-30;null;null;16,4;null;null;null;87,8;78;3;
2015-01-31;null;null;0;null;null;null;77,8;61;2,3;
2015-02-01;null;null;0;null;null;null;85;80;2;
2015-02-02;null;null;1;null;null;null;73;42;2,3;
2015-02-03;null;null;0;null;null;null;86,5;80;3,3;
2015-02-04;null;null;0;null;null;null;86;71;2,7;
2015-02-05;null;null;16,5;null;null;null;90,3;79;3,3;
2015-02-06;null;null;7,5;null;null;null;70;55;2,3;
2015-02-07;null;null;0;null;null;null;71,3;71;2,7;
2015-02-08;null;null;0;null;null;null;68,8;65;2;
2015-02-09;null;null;0;null;null;null;77;70;2,3;
2015-02-10;null;null;1;null;null;null;73,5;52;3;
2015-02-11;null;null;0;null;null;null;85;80;3;
2015-02-12;null;null;7;null;null;null;76,5;56;1,5;
2015-02-13;null;null;0;null;null;null;89,8;78;3;
2015-02-14;null;null;,1;null;null;null;89;80;2;
2015-02-15;null;null;,2;null;null;null;80,3;71;3;
2015-02-16;null;null;0;null;null;null;95,3;83;3;
2015-02-17;null;null;40,5;null;null;null;95,3;84;2,7;
2015-02-18;null;null;0;null;null;null;86,5;77;2,7;
2015-02-19;null;null;2,5;null;null;null;99;85;2,7;
2015-02-20;null;null;16,5;null;null;null;90,8;84;2,7;
2015-02-21;null;null;0;null;null;null;88,5;73;3;
2015-02-22;null;null;0;null;null;null;87,5;79;3;
2015-02-23;null;null;0;null;null;null;97,3;91;3;
2015-02-24;null;null;0;null;null;null;87,5;67;2,7;
2015-02-25;null;null;20;null;null;null;73;54;2,7;
2015-02-26;null;null;0;null;null;null;85,8;75;2,3;
2015-02-27;null;null;2;null;null;null;93,5;89;2;
2015-02-28;null;null;16,4;null;null;null;87,8;83;2,7;
2015-03-01;null;null;0;null;null;null;71,3;56;2,3;
2015-03-02;null;null;0;null;null;null;78;66;2,3;
2015-03-03;null;null;0;null;null;null;70,8;53;2;
2015-03-04;null;null;0;null;null;null;80,5;58;4;
2015-03-05;null;null;0;null;null;null;87,5;80;1,3;
2015-03-06;null;null;0;null;null;null;99;90;2,7;
2015-03-07;null;null;15;null;null;null;81,3;62;1,3;
2015-03-08;null;null;0;null;null;null;79;71;3,7;
2015-03-09;null;null;3,8;null;null;null;80,8;67;2,3;
2015-03-10;null;null;0;null;null;null;72,5;62;2,3;
2015-03-11;null;null;0;null;null;null;70,8;54;2,3;
2015-03-12;null;null;0;null;null;null;79;71;2,7;
2015-03-13;null;null;0;null;null;null;75,5;57;1,7;
2015-03-14;null;null;0;null;null;null;79,5;74;2,7;
2015-03-15;null;null;0;null;null;null;84,5;79;2,7;
2015-03-16;null;null;0;null;null;null;82,3;77;2,3;
2015-03-17;null;null;0;null;null;null;71,8;51;1,7;
2015-03-18;null;null;2,7;null;null;null;76,3;65;3;
2015-03-19;null;null;1,2;null;null;null;70;51;1,7;
2015-03-20;null;null;0;null;null;null;86,8;73;2,7;
2015-03-21;null;null;0;null;null;null;68,5;51;1,3;
2015-03-22;null;null;0;null;null;null;76;53;3,3;
2015-03-23;null;null;0;null;null;null;61,3;40;2;
2015-03-24;null;null;0;null;null;null;73;64;2,7;
2015-03-25;null;null;0;null;null;null;69,5;51;2,3;
2015-03-26;null;null;0;null;null;null;91;76;3;
2015-03-27;null;null;25,3;null;null;null;99;99;2,7;
2015-03-28;null;null;28,7;null;null;null;92,8;77;2,3;
2015-03-29;null;null;5,4;null;null;null;92,3;82;2;
2015-03-30;null;null;0;null;null;null;83,8;80;3;
2015-03-31;null;null;0;null;null;null;94,5;81;2;
2015-04-01;null;null;40,5;null;null;null;76,3;81;2,3;
2015-04-02;null;null;0;null;null;null;72,3;59;1;
2015-04-03;null;null;0;null;null;null;91,5;77;3;
2015-04-04;null;null;0;null;null;null;84;75;2;
2015-04-05;null;null;17;null;null;null;98,3;88;3,7;
2015-04-06;null;null;0;null;null;null;82,3;66;2,3;
2015-04-07;null;null;0;null;null;null;97,3;84;2,7;
2015-04-08;null;null;0;null;null;null;77;64;2,3;
2015-04-09;null;null;0;null;null;null;88,8;80;3;
2015-04-10;null;null;0;null;null;null;74,8;61;1,3;
2015-04-11;null;null;0;null;null;null;74,8;65;2,3;
2015-04-12;null;null;0;null;null;null;69,3;56;1,3;
2015-04-13;null;null;0;null;null;null;86,5;75;2,3;
2015-04-14;null;null;0;null;null;null;76,3;56;2,3;
2015-04-15;null;null;0;null;null;null;96;84;2,7;
2015-04-16;null;null;6;null;null;null;92,5;83;1,7;
2015-04-17;null;null;2,4;null;null;null;88,3;70;2,3;
2015-04-18;null;null;78,7;null;null;null;98,5;92;2,3;
2015-04-19;null;null;1;null;null;null;92,8;74;2,3;
2015-04-20;null;null;0;null;null;null;84,5;72;3,3;
2015-04-21;null;null;0;null;null;null;87,8;78;4;
2015-04-22;null;null;0;null;null;null;89;63;2;
2015-04-23;null;null;0;null;null;null;89,3;82;2,3;
2015-04-24;null;null;0;null;null;null;85;82;2,3;
2015-04-25;null;null;0;null;null;null;82,3;72;2,3;
2015-04-26;null;null;0;null;null;null;88,5;79;2,3;
2015-04-27;null;null;0;null;null;null;94,3;80;2,7;
2015-04-28;null;null;0;null;null;null;76,3;58;1,7;
2015-04-29;null;null;0;null;null;null;92,5;79;2,7;
2015-04-30;null;null;0;null;null;null;76,8;60;3;
2015-05-01;null;null;0;null;null;null;84;60;3;
2015-05-02;null;null;0;null;null;null;65,3;48;2,7;
2015-05-03;null;null;0;null;null;null;94,3;67;3,3;
2015-05-04;null;null;84;null;null;null;86,3;76;3,3;
2015-05-05;null;null;0;null;null;null;77,3;67;2;
2015-05-06;null;null;0;null;null;null;82,5;71;1,7;
2015-05-07;null;null;0;null;null;null;90,3;70;2,3;
2015-05-08;null;null;,2;null;null;null;91,5;81;3,3;
2015-05-09;null;null;0;null;null;null;94,3;80;3;
2015-05-10;null;null;24,1;null;null;null;99;99;2;
2015-05-11;null;null;0;null;null;null;92,8;92;2,3;
2015-05-12;null;null;,6;null;null;null;79,3;59;1,3;
2015-05-13;null;null;0;null;null;null;89,3;82;2;
2015-05-14;null;null;0;null;null;null;90,8;74;3,3;
2015-05-15;null;null;,6;null;null;null;97,5;93;2,3;
2015-05-16;null;null;2,1;null;null;null;95,5;85;2,3;
2015-05-17;null;null;3;null;null;null;99;99;2;
2015-05-18;null;null;40;null;null;null;96,3;92;1;
2015-05-19;null;null;0;null;null;null;94,3;80;2;
2015-05-20;null;null;0;null;null;null;86,8;82;1,7;
2015-05-21;null;null;0;null;null;null;null;67;4;
2015-05-22;null;null;0;null;null;null;85,8;66;3,7;
2015-05-23;null;null;0;null;null;null;82,3;78;2,3;
2015-05-24;null;null;0;null;null;null;85;67;2,7;
2015-05-25;null;null;7,5;null;null;null;93,8;80;3;
2015-05-26;null;null;0;null;null;null;87;68;1,3;
2015-05-27;null;null;0;null;null;null;99;92;2,7;
2015-05-28;null;null;0;null;null;null;95;97;2,7;
2015-05-29;null;null;0;null;null;null;96,3;88;2;
2015-05-30;null;null;,5;null;null;null;97,8;94;3,3;
2015-05-31;null;null;4,9;null;null;null;99;99;2,3;
2015-06-01;null;null;0;null;null;null;97,3;92;4;
2015-06-02;null;null;0;null;null;null;99;99;2,3;
2015-06-03;null;null;0;null;null;null;92,5;77;3,3;
2015-06-04;null;null;0;null;null;null;99;97;2,3;
2015-06-05;null;null;0;null;null;null;84;57;2,7;
2015-06-06;null;null;0;null;null;null;94,3;80;2,7;
2015-06-07;null;null;0;null;null;null;76,8;50;1,7;
2015-06-08;null;null;0;null;null;null;94;79;2;
2015-06-09;null;null;0;null;null;null;68,5;37;2,7;
2015-06-10;null;null;0;null;null;null;98,8;75;2,7;
2015-06-11;null;null;0;null;null;null;92;83;3;
2015-06-12;null;null;0;null;null;null;97;91;2,7;
2015-06-13;null;null;2,4;null;null;null;78,5;55;2,7;
2015-06-14;null;null;0;null;null;null;99,3;81;3;
2015-06-15;null;null;49,2;null;null;null;63,8;44;4;
2015-06-16;null;null;0;null;null;null;99;56;2,7;
2015-06-17;null;null;0;null;null;null;80;57;3;
2015-06-18;null;null;0;null;null;null;99;82;3;
2015-06-19;null;null;1;null;null;null;74,5;41;2,3;
2015-06-20;null;null;0;null;null;null;87;75;2;
2015-06-21;null;null;0;null;null;null;81;57;2;
2015-06-22;null;null;0;null;null;null;79,5;78;2;
2015-06-23;null;null;0;null;null;null;73,8;56;1,7;
2015-06-24;null;null;0;null;null;null;79,8;77;2;
2015-06-25;null;null;0;null;null;null;84,8;70;2;
2015-06-26;null;null;0;null;null;null;89,3;76;2,3;
2015-06-27;null;null;0;null;null;null;87,8;71;3,7;
2015-06-28;null;null;0;null;null;null;95,5;91;2,7;
2015-06-29;null;null;0;null;null;null;82,3;73;3;
2015-06-30;null;null;0;null;null;null;97,5;82;2,3;
2015-07-01;null;null;13,5;null;null;null;94,8;88;2,3;
2015-07-02;null;null;0;null;null;null;99;97;2,3;
2015-07-03;null;null;22,5;null;null;null;99;99;3,7;
2015-07-04;null;null;0;null;null;null;99;99;3;
2015-07-05;null;null;0;null;null;null;88,8;72;3,3;
2015-07-06;null;null;0;null;null;null;97;92;2,3;
2015-07-07;null;null;0;null;null;null;98,5;95;2,7;
2015-07-08;null;null;22,1;null;null;null;99;98;2,7;
2015-07-09;null;null;0;null;null;null;94;83;2,3;
2015-07-10;null;null;0;null;null;null;88,5;78;3,3;
2015-07-11;null;null;75;null;null;null;98,8;91;4;
2015-07-12;null;null;8,5;null;null;null;87;85;2,3;
2015-07-13;null;null;0;null;null;null;80;70;4;
2015-07-14;null;null;0;null;null;null;87,8;80;2,7;
2015-07-15;null;null;13,2;null;null;null;99;86;2;
2015-07-16;null;null;0;null;null;null;95;99;2;
2015-07-17;null;null;2;null;null;null;99;91;1;
2015-07-18;null;null;0;null;null;null;80,8;84;2,3;
2015-07-19;null;null;0;null;null;null;79,5;65;3,7;
2015-07-20;null;null;0;null;null;null;90,3;78;3;
2015-07-21;null;null;11;null;null;null;88,8;82;1,7;
2015-07-22;null;null;0;null;null;null;87;80;2;
2015-07-23;null;null;0;null;null;null;91;79;2,7;
2015-07-24;null;null;0;null;null;null;99;93;2,7;
2015-07-25;null;null;0;null;null;null;84,8;74;1;
2015-07-26;null;null;0;null;null;null;90;84;2;
2015-07-27;null;null;0;null;null;null;85,3;75;2,3;
2015-07-28;null;null;0;null;null;null;89,3;76;2;
2015-07-29;null;null;0;null;null;null;98;97;2,7;
2015-07-30;null;null;0;null;null;null;93;80;2,3;
2015-07-31;null;null;0;null;null;null;59;27;3,3;
2015-08-01;null;null;0;null;null;null;70,5;55;2;
2015-08-02;null;null;0;null;null;null;58,5;27;2,3;
2015-08-03;null;null;0;null;null;null;60,3;67;2,3;
2015-08-04;null;null;0;null;null;null;45,3;29;1,7;
2015-08-05;null;null;0;null;null;null;65,8;47;2,3;
2015-08-06;null;null;0;null;null;null;48,5;28;1,3;
2015-08-07;null;null;0;null;null;null;73;47;3,3;
2015-08-08;null;null;0;null;null;null;47,3;26;1;
2015-08-09;null;null;0;null;null;null;67,8;45;2,3;
2015-08-10;null;null;0;null;null;null;47,3;27;3;
2015-08-11;null;null;0;null;null;null;80;49;2,3;
2015-08-12;null;null;0;null;null;null;46,8;28;2,7;
2015-08-13;null;null;0;null;null;null;58,8;32;2,3;
2015-08-14;null;null;0;null;null;null;43,8;30;3,3;
2015-08-15;null;null;0;null;null;null;67,5;42;2,3;
2015-08-16;null;null;0;null;null;null;44;27;3,3;
2015-08-17;null;null;0;null;null;null;71,3;48;2,7;
2015-08-18;null;null;0;null;null;null;97;70;3,7;
2015-08-19;null;null;1,3;null;null;null;91,8;70;2,7;
2015-08-20;null;null;0;null;null;null;76,3;28;2;
2015-08-21;null;null;0;null;null;null;78,8;66;2,3;
2015-08-22;null;null;0;null;null;null;48;34;2;
2015-08-23;null;null;0;null;null;null;74,8;48;3;
2015-08-24;null;null;,3;null;null;null;75,3;70;2,3;
2015-08-25;null;null;0;null;null;null;76;56;2,7;
2015-08-26;null;null;0;null;null;null;64,5;39;3,3;
2015-08-27;null;null;14,5;null;null;null;87,3;64;2,3;
2015-08-28;null;null;0;null;null;null;63,3;31;4,3;
2015-08-29;null;null;0;null;null;null;74,3;69;2,7;
2015-08-30;null;null;0;null;null;null;47,3;29;2,7;
2015-08-31;null;null;0;null;null;null;70,8;55;1,7;
2015-09-01;null;null;0;null;null;null;35,8;24;1;
2015-09-02;null;null;0;null;null;null;71;39;2,7;
2015-09-03;null;null;0;null;null;null;70;52;2,3;
2015-09-04;null;null;0;null;null;null;87,3;79;2,3;
2015-09-05;null;null;0;null;null;null;46;34;2;
2015-09-06;null;null;0;null;null;null;80,3;37;2;
2015-09-07;null;null;0;null;null;null;55,8;39;3,7;
2015-09-08;null;null;42;null;null;null;84,8;53;,8;
2015-09-09;null;null;18,5;null;null;null;76,8;56;2,3;
2015-09-10;null;null;34;null;null;null;99;80;2,3;
2015-09-11;null;null;40;null;null;null;99;99;2,7;
2015-09-12;null;null;0;null;null;null;91,8;70;2,3;
2015-09-13;null;null;0;null;null;null;38,8;28;3;
2015-09-14;null;null;0;null;null;null;78,3;46;2,3;
2015-09-15;null;null;0;null;null;null;56,8;37;4;
2015-09-16;null;null;0;null;null;null;78,3;55;3;
2015-09-17;null;null;0;null;null;null;48,8;36;4;
2015-09-18;null;null;0;null;null;null;70,3;52;2,7;
2015-09-19;null;null;0;null;null;null;51,5;32;2;
2015-09-20;null;null;0;null;null;null;54,8;21;3;
2015-09-21;null;null;0;null;null;null;36,3;20;2,3;
2015-09-22;null;null;0;null;null;null;73,8;39;2,3;
2015-09-23;null;null;0;null;null;null;51,3;36;2;
2015-09-24;null;null;0;null;null;null;69,8;55;2,7;
2015-09-25;null;null;0;null;null;null;75,5;48;2,3;
2015-09-26;null;null;0;null;null;null;92,3;87;2,7;
2015-09-27;null;null;0;null;null;null;99;85;3;
2015-09-28;null;null;22,6;null;null;null;73,3;62;2,3;
2015-09-29;null;null;0;null;null;null;64,3;50;3;
2015-09-30;null;null;47,5;null;null;null;88,8;68;2,7;
2015-10-01;null;null;0;null;null;null;74,5;null;1,7;
2015-10-02;null;null;0;null;null;null;72,3;null;3;
2015-10-03;null;null;29,4;null;null;null;99;null;1,7;
2015-10-04;null;null;0;null;null;null;91,8;null;1,7;
2015-10-05;null;null;0;null;null;null;72;null;1,7;
2015-10-06;null;null;0;null;null;null;80;null;3;
2015-10-07;null;null;0;null;null;null;59,5;null;3,3;
2015-10-08;null;null;0;null;null;null;75;null;2,7;
2015-10-09;null;null;0;null;null;null;87;null;3,3;
2015-10-10;null;null;0;null;null;null;96,5;null;3,3;
2015-10-11;null;null;0;null;null;null;99;null;2,3;
2015-10-12;null;null;51,5;null;null;null;98;null;2,3;
2015-10-13;null;null;0;null;null;null;79;null;3;
2015-10-14;null;null;0;null;null;null;81;null;3,7;
2015-10-15;null;null;0;null;null;null;49,3;null;3;
2015-10-16;null;null;0;null;null;null;75,3;null;3;
2015-10-17;null;null;0;null;null;null;61;null;3,3;
2015-10-18;null;null;0;null;null;null;50,5;null;2,3;
2015-10-19;null;null;0;null;null;null;60,8;null;3,3;
2015-10-20;null;null;0;null;null;null;61,5;null;3,3;
2015-10-21;null;null;0;null;null;null;47;null;4,3;
2015-10-22;null;null;0;null;null;null;67,5;null;3,3;
2015-10-23;null;null;,2;null;null;null;76,5;null;2,3;
2015-10-24;null;null;0;null;null;null;76,5;null;2,7;
2015-10-25;null;null;0;null;null;null;67,8;null;2;
2015-10-26;null;6,8;0;null;null;null;93;null;3,7;
2015-10-27;null;null;44;null;null;null;98;96;2,3;
2015-10-28;null;null;6,9;null;null;null;81,3;null;2,3;
2015-10-29;null;null;0;null;null;null;70,8;null;3,3;
2015-10-30;null;null;0;null;null;null;90,5;null;3;
2015-10-31;null;null;4,5;null;null;null;81,8;null;3,3;
2015-11-01;null;null;0;null;null;null;73;54;3,7;
2015-11-02;null;null;0;null;null;null;91;80;2;
2015-11-03;null;null;8,3;null;null;null;94;94;2,3;
2015-11-04;null;null;14;null;null;null;93,5;85;2,7;
2015-11-05;null;null;17,5;null;null;null;97;95;3;
2015-11-06;null;null;,4;null;null;null;73,5;59;3;
2015-11-07;null;null;0;null;null;null;79,3;72;2,3;
2015-11-08;null;null;8,6;null;null;null;91,8;82;2;
2015-11-09;null;null;5,2;null;null;null;85,3;67;2,3;
2015-11-10;null;null;0;null;null;null;61;41;2,3;
2015-11-11;null;null;0;null;null;null;75;66;2,3;
2015-11-12;null;null;0;null;null;null;65;44;3,3;
2015-11-13;null;null;0;null;null;null;76;63;3,7;
2015-11-14;null;null;0;null;null;null;68,8;57;2,7;
2015-11-15;null;null;0;null;null;null;78,5;66;3;
2015-11-16;null;null;0;null;null;null;63;40;4,3;
2015-11-17;null;null;0;null;null;null;80,5;61;3,7;
2015-11-18;null;null;76,4;null;null;null;98;81;1,7;
2015-11-19;null;null;37,6;null;null;null;73,8;57;3;
2015-11-20;null;null;56,6;null;null;null;61,8;77;4,3;
2015-11-21;null;null;0;null;null;null;86,8;34;3;
2015-11-22;null;null;0;null;null;null;73,3;55;3,7;
2015-11-23;null;null;0;null;null;null;88,8;77;2;
2015-11-24;null;null;4,3;null;null;null;80;54;2,7;
2015-11-25;null;null;0;null;null;null;87,3;76;2,7;
2015-11-26;null;null;0;null;null;null;93,5;93;2;
2015-11-27;null;null;2;null;null;null;78;73;2,3;
2015-11-28;null;null;2;null;null;null;99;81;3;
2015-11-29;null;null;24,2;null;null;null;98,8;98;2,7;
2015-11-30;null;null;22,2;null;null;null;94,8;91;2;
2015-12-01;null;null;3,6;null;null;null;88,8;77;3,7;
2015-12-02;null;null;,2;null;null;null;91,8;81;2,3;
2015-12-03;null;null;3;null;null;null;81,3;67;3,3;
2015-12-04;null;null;11,6;null;null;null;87,5;90;3,3;
2015-12-05;null;null;34,6;null;null;null;99;76;3,7;
2015-12-06;null;null;68,3;null;null;null;83,8;85;2,7;
2015-12-07;null;null;0;null;null;null;71;58;1,7;
2015-12-08;null;null;0;null;null;null;70,5;54;1,7;
2015-12-09;null;null;0;null;null;null;76,5;61;4,7;
2015-12-10;null;null;90,5;null;null;null;89,3;78;2;
2015-12-11;null;null;8,6;null;null;null;84,3;72;3;
2015-12-12;null;null;70,7;null;null;null;96,5;86;4;
2015-12-13;null;null;8,8;null;null;null;76;56;2,7;
2015-12-14;null;null;0;null;null;null;67,8;52;2,3;
2015-12-15;null;null;32;null;null;null;95,8;74;2,7;
2015-12-16;null;null;0;null;null;null;78,3;68;1,3;
2015-12-17;null;null;0;null;null;null;78;61;2,7;
2015-12-18;null;null;0;null;null;null;67,5;51;2,7;
2015-12-19;null;null;0;null;null;null;91,5;72;3,3;
2015-12-20;null;null;50;null;null;null;81,5;72;2,3;
2015-12-21;null;null;0;null;null;null;79,3;70;2,7;
2015-12-22;null;null;0;null;null;null;74,3;63;2,7;
2015-12-23;null;null;0;null;null;null;68,5;61;2,3;
2015-12-24;null;null;0;null;null;null;94,3;66;2,3;
2015-12-25;null;null;0;null;null;null;80,8;74;3;
2015-12-26;null;null;5;null;null;null;80,3;76;2,3;
2015-12-27;null;null;0;null;null;null;84,3;71;3;
2015-12-28;null;null;0;null;null;null;83;80;2,7;
2015-12-29;null;null;0;null;null;null;87,5;79;3,3;
2015-12-30;null;null;0;null;null;null;90;82;2,3;
2015-12-31;null;null;0;null;null;null;84,3;71;2,7;
2016-01-01;null;null;0;null;null;null;85,5;80;2,7;
2016-01-02;null;null;0;null;null;null;91,8;81;2,4;
2016-01-03;null;null;0;null;null;null;85,8;81;2,7;
2016-01-04;null;null;48,3;null;null;null;96,3;85;3,4;
2016-01-05;null;null;,5;null;null;null;78,5;52;3,4;
2016-01-06;null;null;5;null;null;null;85,5;75;2,4;
2016-01-07;null;null;0;null;null;null;76,3;65;2,4;
2016-01-08;null;null;0;null;null;null;85,8;66;2,7;
2016-01-09;null;null;,1;null;null;null;93,5;85;2,4;
2016-01-10;null;null;12,2;null;null;null;92,3;84;2,7;
2016-01-11;null;null;8,6;null;null;null;91;95;3,4;
2016-01-12;null;null;1,7;null;null;null;88;78;3,8;
2016-01-13;null;null;,1;null;null;null;82,5;72;2,7;
2016-01-14;null;null;0;null;null;null;92;89;1,7;
2016-01-15;null;null;45,9;null;null;null;91,8;86;2,1;
2016-01-16;null;null;4,6;null;null;null;69,8;57;1,7;
2016-01-17;null;null;0;null;null;null;64,5;54;1,7;
2016-01-18;null;null;0;null;null;null;55,8;43;2,4;
2016-01-19;null;null;0;null;null;null;54;43;2,4;
2016-01-20;null;null;0;null;null;null;44,5;34;3,1;
2016-01-21;null;null;0;null;null;null;53,5;38;2,4;
2016-01-22;null;null;0;null;null;null;57,8;45;2,1;
2016-01-23;null;null;0;null;null;null;54;40;2,7;
2016-01-24;null;null;0;null;null;null;53,3;39;2,4;
2016-01-25;null;null;0;null;null;null;70,8;44;1,7;
2016-01-26;null;null;0;null;null;null;80,5;52;3,1;
2016-01-27;null;null;40,4;null;null;null;86;65;,7;
2016-01-28;null;null;0;null;null;null;75;60;1;
2016-01-29;null;null;0;null;null;null;76,3;51;1,7;
2016-01-30;null;null;,6;null;null;null;98,3;87;1,4;
2016-01-31;null;null;36;null;null;null;97;94;2,7;

