Nome: ESPINOSA
Codigo Estacao: 83338
Latitude: -14.91222222
Longitude: -42.80861111
Altitude: 565.52
Situacao: Desativada
Data Inicial: 2015-01-01
Data Final: 2019-03-14
Periodicidade da Medicao: Diaria

Data Medicao;EVAPORACAO DO PICHE, DIARIA(mm);INSOLACAO TOTAL, DIARIO(h);PRECIPITACAO TOTAL, DIARIO(mm);TEMPERATURA MAXIMA, DIARIA(°C);TEMPERATURA MEDIA COMPENSADA, DIARIA(°C);TEMPERATURA MINIMA, DIARIA(°C);UMIDADE RELATIVA DO AR, MEDIA DIARIA(%);UMIDADE RELATIVA DO AR, MINIMA DIARIA(%);VENTO, VELOCIDADE MEDIA DIARIA(m/s);
2015-01-01;8;12,2;0;33,9;null;19,7;null;34;3;
2015-01-02;8;11,9;0;34,8;null;19,6;null;34;2;
2015-01-03;7;12,1;0;34,7;null;18,9;null;34;2;
2015-01-04;9,5;12,1;0;34,7;null;null;null;null;null;
2015-01-05;9,5;11,6;0;32,4;null;21,8;null;35;4,5;
2015-01-06;7,5;9;0;32,2;null;20,8;null;39;5;
2015-01-07;10,2;9,6;0;32,9;null;23,1;null;44;6;
2015-01-08;10,2;12,3;0;33,1;null;21,5;null;29;6;
2015-01-09;12,4;11;0;33;null;22,5;null;40;4;
2015-01-10;9,3;10;0;32,7;null;22,3;null;44;4;
2015-01-11;9,6;11,3;null;33,8;null;null;null;null;null;
2015-01-12;9;12,2;0;33,9;null;22,9;null;30;5,5;
2015-01-13;10,7;10,7;0;33,1;null;22,5;null;32;6;
2015-01-14;10,9;5;0;31,5;null;22,1;null;33;3,5;
2015-01-15;10,5;5,6;0;32;null;23,8;null;37;5;
2015-01-16;9,6;10,2;0;33,5;null;22,3;null;32;5;
2015-01-17;9,9;11;0;34,2;null;22,5;null;30;5;
2015-01-18;12;9,8;null;34,3;null;null;null;null;null;
2015-01-19;13;10,9;0;34;null;22,8;null;32;4;
2015-01-20;null;null;null;null;null;null;null;null;null;
2015-01-21;null;null;null;null;null;null;null;null;null;
2015-01-22;null;null;null;null;null;null;null;null;null;
2015-01-23;null;null;null;null;null;null;null;null;null;
2015-01-24;null;null;null;null;null;null;null;null;null;
2015-01-25;null;null;null;null;null;null;null;null;null;
2015-01-26;null;null;null;null;null;null;null;null;null;
2015-01-27;null;null;null;null;null;null;null;null;null;
2015-01-28;null;null;null;null;null;null;null;null;null;
2015-01-29;null;null;null;null;null;null;null;null;null;
2015-01-30;13;11,4;0;37,1;null;23,7;null;24;3;
2015-01-31;11,3;null;0;35,5;null;23,5;null;31;5,5;
2015-02-01;12,5;11;0;35,7;null;null;null;null;null;
2015-02-02;12,5;11,3;0;33,9;null;23,7;null;31;4;
2015-02-03;13,2;11,3;0;35,6;null;23,1;null;29;3,5;
2015-02-04;9,4;6,7;0;32,8;null;22,9;null;52;6;
2015-02-05;4,6;,4;0;30,1;null;22,2;null;49;2;
2015-02-06;3,1;null;27,8;26,8;null;21,7;null;73;2;
2015-02-07;4,6;,6;1,6;28,3;null;21,3;null;72;2;
2015-02-08;1,9;,3;8,9;27,3;null;null;null;null;null;
2015-02-09;2,2;3,5;0;31,6;null;20,7;null;70;4;
2015-02-10;3,8;11,6;19,5;31,8;null;21,9;null;39;3;
2015-02-11;12,4;11,8;0;32,3;null;23,5;null;39;3,5;
2015-02-12;9,6;11,8;0;32,8;null;21,1;null;21;4;
2015-02-13;10,8;11,7;0;32,9;null;20,6;null;32;4;
2015-02-14;9,6;11,4;0;33,2;null;20,5;null;32;5,5;
2015-02-15;6,3;10;null;33,4;null;null;null;null;null;
2015-02-16;7,4;11,4;0;32,6;null;20,9;null;39;4;
2015-02-17;7,7;10,9;0;32,8;null;22,7;null;39;4,5;
2015-02-18;8,8;7,7;0;32,2;null;22,5;null;41;4;
2015-02-19;7,7;5,8;0;31,8;null;23,3;null;47;6;
2015-02-20;8,3;9,4;0;32,2;null;22,5;null;37;4;
2015-02-21;10,8;8,7;0;32,8;null;21,7;null;35;5;
2015-02-22;10,8;9,3;,1;33;null;null;null;null;null;
2015-02-23;11,4;3,4;0;31;null;22,3;null;45;5;
2015-02-24;8,8;1;0;28,9;null;22,5;null;48;3,5;
2015-02-25;7,2;9,1;0;31,9;null;22,4;null;45;4;
2015-02-26;8,2;10,8;0;34,7;null;23;null;40;4;
2015-02-27;8,8;5,4;0;33,7;null;23;null;57;4;
2015-02-28;4,7;null;0;35,7;null;22;null;29;3;
2015-03-01;5,6;null;null;null;null;null;null;24;null;
2015-03-02;3,5;10,3;1,6;33,8;null;23,3;null;38;5,5;
2015-03-03;10,4;9,9;0;32;null;23,2;null;45;4;
2015-03-04;9,1;10,8;0;32,5;null;22,7;null;35;6;
2015-03-05;11,7;10,8;0;33;null;22,9;null;33;4;
2015-03-06;11;11;0;34,4;null;22,7;null;37;4;
2015-03-07;10;10,8;0;33,1;null;23,2;null;41;3;
2015-03-08;8,8;10,1;null;null;null;null;null;null;null;
2015-03-09;9,9;11,1;null;null;null;null;null;null;null;
2015-03-10;9,8;9,2;0;35;null;22,7;null;34;3;
2015-03-11;9,6;10,7;0;34,2;null;24,3;null;38;4;
2015-03-12;10,4;3,4;0;34,2;null;23,6;null;36;2;
2015-03-13;8,1;11;0;36,1;null;22,3;null;23;4,5;
2015-03-14;14,2;10,9;0;33,5;null;23,8;null;35;6,5;
2015-03-15;13,2;8,1;null;34,2;null;null;null;null;null;
2015-03-16;13,2;6,4;0;33,2;null;23,4;null;37;5;
2015-03-17;9,6;5,4;0;33,8;null;23,7;null;32;5;
2015-03-18;11,7;6;0;33,1;null;24,1;null;38;5,5;
2015-03-19;8,4;8,8;0;34,4;null;23;null;35;5;
2015-03-20;10,7;3;0;30,8;null;24,3;null;42;4;
2015-03-21;8,5;3;,8;30,5;null;23,4;null;51;1,5;
2015-03-22;3,2;1,3;4,8;31,2;null;null;null;null;null;
2015-03-23;1,9;5,7;0;32,4;null;22,1;null;47;2;
2015-03-24;3,1;4;30,2;30,4;null;21,2;null;63;3,5;
2015-03-25;3,2;10,1;0;33,1;null;22,3;null;41;4;
2015-03-26;6,4;9,3;0;31,8;null;23,5;null;57;3;
2015-03-27;6,5;11,1;,2;34,9;null;23,3;null;38;2;
2015-03-28;6,5;10,7;,3;35,2;null;24,8;null;34;3,5;
2015-03-29;8,4;11,1;null;35,9;null;null;null;null;null;
2015-03-30;9,6;11,2;0;36,6;null;21,9;null;27;2;
2015-03-31;10,5;11,3;0;36,4;null;24,1;null;32;2,5;
2015-04-01;10,2;10,8;0;36,8;null;21,5;null;24;2;
2015-04-02;null;null;null;null;null;null;null;null;null;
2015-04-03;null;null;null;null;null;null;null;null;null;
2015-04-04;null;null;null;null;null;null;null;null;null;
2015-04-05;null;null;null;null;null;null;null;null;null;
2015-04-06;null;null;null;null;null;null;null;null;null;
2015-04-07;null;null;null;null;null;null;null;null;null;
2015-04-08;null;null;null;null;null;null;null;null;null;
2015-04-09;null;null;null;null;null;null;null;null;null;
2015-04-10;null;null;null;null;null;null;null;null;null;
2015-04-11;null;null;0;30,7;null;20,9;null;45;2;
2015-04-12;6,4;10,8;null;32,8;null;null;null;null;null;
2015-04-13;7,6;9,6;0;33,5;null;21,1;null;39;3;
2015-04-14;8,7;8,5;0;32,7;null;22,2;null;43;3;
2015-04-15;9,4;8,5;0;32,5;null;22,7;null;43;3;
2015-04-16;7,8;4,6;0;33,8;null;23,7;null;38;2;
2015-04-17;5,6;8,4;0;33;null;22;null;66;2,5;
2015-04-18;6,6;9,3;3,4;33,1;null;23,4;null;40;4;
2015-04-19;8;9,7;null;33,8;null;null;null;null;null;
2015-04-20;8,8;10,5;0;34,1;null;22,7;null;37;3;
2015-04-21;7,8;7,6;0;34,1;null;22;null;44;2;
2015-04-22;3,6;9,1;11,4;34,8;null;22,3;null;38;2;
2015-04-23;7,2;8,6;0;33,9;null;25;null;39;3,5;
2015-04-24;9,1;7,6;0;32,9;null;24,7;null;42;3;
2015-04-25;7,7;10;0;35;null;23,7;null;34;2;
2015-04-26;4,8;3,2;null;34,9;null;null;null;null;null;
2015-04-27;5,5;,9;6,2;27,6;null;21,7;null;66;2,5;
2015-04-28;4;,8;0;28,5;null;21,7;null;54;2;
2015-04-29;5;1;,1;28,7;null;22,7;null;63;2;
2015-04-30;3,3;0;6,1;23,4;null;21,5;null;89;1;
2015-05-01;4,4;1,2;5;26,3;null;20,9;null;62;3;
2015-05-02;7,8;6,1;4,4;27,5;null;20,9;null;58;2;
2015-05-03;3,8;9,8;null;28,3;null;null;null;null;null;
2015-05-04;6,8;7,9;0;29,9;null;20,7;null;52;3;
2015-05-05;4,1;10,7;0;31,8;null;19,5;null;48;3;
2015-05-06;4,8;10,1;0;32,4;null;20,3;null;44;2;
2015-05-07;6,2;6,7;0;31,6;null;23,3;null;46;3;
2015-05-08;4,7;4,9;0;32,2;null;22;null;56;5,5;
2015-05-09;5,4;7,3;8,1;29;null;19,7;null;54;3;
2015-05-10;5,8;8,5;null;30;null;null;null;null;null;
2015-05-11;6,4;7,4;0;30,4;null;20;null;51;2;
2015-05-12;4,1;7,2;0;30,4;null;20,5;null;57;2;
2015-05-13;3,1;6,6;1,3;31,7;null;20,3;null;48;4;
2015-05-14;8,9;4,5;0;27,3;null;22,9;null;53;5,5;
2015-05-15;7,3;6,1;0;26,5;null;21,2;null;49;4;
2015-05-16;8;9,6;0;28,5;null;19,9;null;41;3,5;
2015-05-17;7,4;10,4;null;30,1;null;null;null;null;null;
2015-05-18;8,7;7,7;0;29,1;null;20,4;null;43;3;
2015-05-19;8,4;10,1;0;30,5;null;19,5;null;38;3;
2015-05-20;8;7,9;0;29,9;null;20,8;null;44;3,5;
2015-05-21;8,3;6,5;0;28;null;21,2;null;50;5;
2015-05-22;9,4;9,1;0;28,9;null;21,5;null;39;3;
2015-05-23;9,2;9,7;0;29,7;null;19,3;null;32;4;
2015-05-24;7,4;10,6;null;29,7;null;null;null;null;null;
2015-05-25;7,4;10,7;0;31,1;null;17,5;null;39;3;
2015-05-26;6,5;10,6;0;31,1;null;18,5;null;38;3;
2015-05-27;7,9;10,6;0;31,1;null;21,4;null;44;4;
2015-05-28;7,4;10,4;0;32,3;null;18,6;null;35;2;
2015-05-29;7,6;9,6;0;33,8;null;19,3;null;31;2;
2015-05-30;7,7;8,7;0;33,4;null;19,6;null;36;3;
2015-05-31;9,2;10,8;null;33;null;null;null;null;null;
2015-06-01;13,2;9,8;0;31,6;null;22,7;null;41;4;
2015-06-02;8,8;10,1;0;31;null;20,4;null;35;4;
2015-06-03;9,3;10,5;0;30;null;21,2;null;35;3;
2015-06-04;9,2;8,4;0;29,6;null;18,9;null;42;3;
2015-06-05;7,7;9,8;0;30,3;null;21;null;40;5,5;
2015-06-06;10,7;7,6;0;29,8;null;21,9;null;43;6;
2015-06-07;9,3;,9;null;29,3;null;null;null;null;null;
2015-06-08;9,2;9,2;0;29,9;null;20,2;null;40;3;
2015-06-09;7,1;7;0;29,9;null;18,2;null;42;3;
2015-06-10;6,2;7,9;,8;29,5;null;21,5;null;46;2;
2015-06-11;6,4;9,3;0;31,2;null;22,6;null;37;3;
2015-06-12;9,1;10,6;0;31,5;null;18,5;null;27;3;
2015-06-13;11,5;10,2;0;30,9;null;17,7;null;34;3;
2015-06-14;6,3;10,6;null;33,3;null;null;null;null;null;
2015-06-15;6,5;10,3;0;33,7;null;18,8;null;33;2;
2015-06-16;5,8;9,3;0;33,9;null;18,7;null;31;3;
2015-06-17;11,6;5,3;0;28,1;null;22,6;null;62;4,5;
2015-06-18;3,7;9,4;1;28,6;null;18,7;null;45;5;
2015-06-19;5,4;10,1;0;31,5;null;17,5;null;24;3;
2015-06-20;11,4;7,6;0;28;null;21,2;null;37;5;
2015-06-21;7,8;8,4;null;28,6;null;null;null;null;null;
2015-06-22;9,8;7,3;0;27,1;null;20,1;null;42;5;
2015-06-23;8,2;10;0;29;null;19,9;null;36;4;
2015-06-24;6,9;8,8;0;30,2;null;20,6;null;36;4;
2015-06-25;10,8;9,3;0;28;null;22;null;41;6,5;
2015-06-26;10,3;8,6;0;26,1;null;20;null;40;5;
2015-06-27;8,8;9,2;0;26;null;18,7;null;43;6;
2015-06-28;8,4;5,8;null;26,1;null;null;null;null;null;
2015-06-29;8,4;2,4;0;26,2;null;18,1;null;54;4;
2015-06-30;6,7;4;0;27,6;null;19,5;null;50;4;
2015-07-01;8,4;10;0;27,4;null;21,7;null;50;5,5;
2015-07-02;7,8;9,4;0;29,8;null;20,9;null;36;4,5;
2015-07-03;8,7;10;0;30,9;null;20;null;29;3,5;
2015-07-04;6,8;10,1;0;32,8;null;17,3;null;29;2;
2015-07-05;8,4;7,8;null;32,6;null;null;null;null;null;
2015-07-06;10,4;8,2;0;29,8;null;19,1;null;38;5;
2015-07-07;9,5;6,6;0;27,7;null;19,8;null;44;4;
2015-07-08;8,3;7;0;29,1;null;18,7;null;43;3,5;
2015-07-09;5,5;6;0;29,6;null;20,1;null;44;3;
2015-07-10;6,9;9,3;0;32,1;null;21,7;null;31;3,5;
2015-07-11;12,8;9,5;0;29,5;null;18,2;null;45;5;
2015-07-12;7,5;null;8,8;30,6;null;null;null;null;null;
2015-07-13;10;3;0;29,4;null;21;null;50;2,5;
2015-07-14;5,8;10;0;30,1;null;21,6;null;40;6,5;
2015-07-15;8,5;8,5;0;30,6;null;20,5;null;41;4;
2015-07-16;11,4;7,4;0;29,1;null;19,7;null;45;6,5;
2015-07-17;9,4;7,5;0;27,3;null;19,7;null;44;7;
2015-07-18;8,2;6,2;0;27,3;null;19,5;null;39;6,5;
2015-07-19;7,4;5,7;null;27,8;null;null;null;null;null;
2015-07-20;7,8;10,6;0;28,2;null;19,1;null;32;4;
2015-07-21;7,1;10;0;28,7;null;17,4;null;35;3;
2015-07-22;null;null;null;null;null;null;null;null;null;
2015-07-23;null;null;null;null;null;null;null;null;null;
2015-07-24;null;null;null;null;null;null;null;null;null;
2015-07-25;null;null;null;null;null;null;null;null;null;
2015-07-26;null;null;null;null;null;null;null;null;null;
2015-07-27;null;null;null;null;null;null;null;null;null;
2015-07-28;null;null;null;null;null;null;null;null;null;
2015-07-29;null;null;null;null;null;null;null;null;null;
2015-07-30;null;null;null;null;null;null;null;null;null;
2015-07-31;null;null;null;null;null;null;null;null;null;
2015-08-01;null;null;null;null;null;null;null;null;null;
2015-08-02;null;null;null;null;null;null;null;null;null;
2015-08-03;null;null;0;29,2;null;18,7;null;33;4;
2015-08-04;9,4;10,8;0;30,3;null;19,3;null;29;3;
2015-08-05;9,1;10,8;0;29,5;null;18,9;null;29;3;
2015-08-06;9,2;10,8;0;30,8;null;18,8;null;27;5;
2015-08-07;9,1;null;0;29,7;null;20,5;null;33;4;
2015-08-08;10,1;10,9;0;29,5;null;19,5;null;27;5;
2015-08-09;10,3;7,7;null;29,8;null;null;null;null;null;
2015-08-10;12,1;10,1;0;29,7;null;18,7;null;35;3,5;
2015-08-11;12,4;10,8;0;28,6;null;19,8;null;30;4;
2015-08-12;13,3;8,4;0;26,3;null;18,5;null;36;6,5;
2015-08-13;12,9;10,3;0;26,7;null;18,2;null;37;5,5;
2015-08-14;11,9;9,1;0;30;null;20,7;null;31;6;
2015-08-15;11,8;7,2;0;29,1;null;21,4;null;44;6,5;
2015-08-16;11,6;8,2;null;29,5;null;null;null;null;null;
2015-08-17;12,4;9,4;0;29;null;18,4;null;41;6;
2015-08-18;8,7;8;0;29,4;null;20,5;null;47;4;
2015-08-19;7;8,1;0;29,8;null;22;null;41;4,5;
2015-08-20;6,5;10,2;0;32,9;null;19;null;30;2;
2015-08-21;7,7;10,2;0;33,1;null;21,1;null;31;4,5;
2015-08-22;13,4;10,1;0;30,4;null;22,6;null;41;6;
2015-08-23;10,8;10,7;null;33,8;null;null;null;null;null;
2015-08-24;12,4;10,8;0;33,9;null;22,3;null;22;4;
2015-08-25;12,8;11,2;0;32,6;null;21,7;null;20;5;
2015-08-26;11,5;null;0;33,9;null;21,6;null;27;4;
2015-08-27;8,5;11;0;34,9;null;22;null;19;3;
2015-08-28;12,6;10,5;0;33,9;null;22,8;null;29;4;
2015-08-29;15,9;10,6;0;31,8;null;22,6;null;30;5,5;
2015-08-30;10,8;9;null;32;null;null;null;null;null;
2015-08-31;12;11;0;31,6;null;21,2;null;27;4,5;
2015-09-01;12,4;11,2;0;34,2;null;21,1;null;22;4,5;
2015-09-02;10,2;11;0;34,1;null;18,7;null;21;4;
2015-09-03;12,4;10,9;0;33,3;null;21,7;null;27;4;
2015-09-04;9,4;10,1;0;36,7;null;19,1;null;19;2,5;
2015-09-05;10,7;10,3;0;37,9;null;20,4;null;16;2;
2015-09-06;12,8;10,4;null;38,7;null;null;null;null;null;
2015-09-07;14,2;10,3;0;36;null;23,7;null;23;2;
2015-09-08;13,3;10,7;0;33,9;null;23,4;null;22;3,5;
2015-09-09;12;9,5;0;36,3;null;21,2;null;24;3;
2015-09-10;12,7;10,9;0;34,7;null;24,1;null;27;4;
2015-09-11;13,5;10,7;0;35,8;null;22,9;null;19;2,5;
2015-09-12;10;10,5;0;36,7;null;19,9;null;22;2;
2015-09-13;11,8;9,9;null;37,2;null;null;null;null;null;
2015-09-14;14;9,6;0;33,9;null;24,3;null;30;6;
2015-09-15;15,7;11;0;32,9;null;23;null;28;5;
2015-09-16;14,9;null;0;33,1;null;21,7;null;27;6;
2015-09-17;15,3;11,2;0;33,6;null;22,1;null;26;5;
2015-09-18;15,4;11,4;0;34;null;22,1;null;19;5,5;
2015-09-19;16,8;11,4;0;33,2;null;22;null;21;2;
2015-09-20;12,8;9,6;null;34;null;null;null;null;null;
2015-09-21;12,2;11,2;0;34,6;null;23;null;29;5,5;
2015-09-22;13,8;11,3;0;34,8;null;22,3;null;24;6;
2015-09-23;15,4;11,3;0;36,7;null;22;null;18;3;
2015-09-24;17,5;11,2;0;37,1;null;24,7;null;17;4;
2015-09-25;16,1;10,3;0;38,5;null;23;null;18;3;
2015-09-26;15,4;11;0;39,1;null;22,7;null;13;3;
2015-09-27;14,4;11,3;null;38,8;null;null;null;null;null;
2015-09-28;14,4;11,2;0;37;null;22,7;null;20;3;
2015-09-29;13,2;10,8;0;36,8;null;22;null;18;3;
2015-09-30;13;10,5;0;34,4;null;23,5;null;16;6,5;
2015-10-01;17;10,5;0;33,4;null;24;null;24;3;
2015-10-02;14;11,2;0;34,4;null;23,3;null;19;4;
2015-10-03;17,1;11,2;0;35,6;null;22,7;null;16;2;
2015-10-04;11,8;10,8;null;39;null;null;null;null;null;
2015-10-05;14,7;9,2;0;40,3;null;21,3;null;15;2;
2015-10-06;18,8;7,7;0;33,3;null;25,2;null;34;4,5;
2015-10-07;14,7;8,8;0;33,6;null;23,8;null;35;4;
2015-10-08;15,8;11,2;0;33,8;null;23,3;null;23;5,5;
2015-10-09;18,7;11,2;0;34,6;null;20,6;null;15;6;
2015-10-10;17,5;11,3;0;34,9;null;23,1;null;22;4;
2015-10-11;11,6;11,2;null;35,3;null;null;null;null;null;
2015-10-12;15,8;11,2;0;33,6;null;22;null;23;4,5;
2015-10-13;14;11,1;0;34,5;null;22,3;null;22;4;
2015-10-14;16,6;10,9;0;35,4;null;23,7;null;21;4;
2015-10-15;13,7;10,3;0;36,1;null;24,2;null;26;5;
2015-10-16;16,1;10,9;0;37,4;null;23,9;null;17;4;
2015-10-17;18,2;11,2;0;36,7;null;24,9;null;17;3;
2015-10-18;12,4;11;null;37,9;null;null;null;null;null;
2015-10-19;16,4;10,8;0;33,4;null;23,1;null;30;5,5;
2015-10-20;17,2;10,1;0;36,1;null;24;null;30;5;
2015-10-21;13,5;10,7;0;39,3;null;25,3;null;19;3;
2015-10-22;16,9;10,7;0;38,7;null;26,5;null;15;5,5;
2015-10-23;19,4;9;0;36,7;null;27;null;29;2;
2015-10-24;13,7;8,1;0;36,7;null;26,3;null;25;2;
2015-10-25;13,4;8,1;null;35,6;null;null;null;null;null;
2015-10-26;15,1;11,5;0;34,4;null;23,7;null;32;5;
2015-10-27;15,1;11,1;0;35,4;null;24,7;null;31;5;
2015-10-28;12,8;9,5;0;36,1;null;24,5;null;32;3;
2015-10-29;11,5;5;3,1;35,5;null;24,1;null;34;3;
2015-10-30;7,7;,8;0;30,3;null;24,5;null;69;3;
2015-10-31;6,5;11,9;,2;32,3;null;23,9;null;39;4;
2015-11-01;null;null;null;null;null;null;null;null;null;
2015-11-02;null;null;null;null;null;null;null;null;null;
2015-11-03;null;10;0;35,4;null;24,3;null;20;5;
2015-11-04;16;11,8;0;35,9;null;24,2;null;18;5;
2015-11-05;14,9;10,2;0;38,2;null;24;null;21;2;
2015-11-06;13,8;8,4;0;39,8;null;24,5;null;18;3;
2015-11-07;19,2;11,4;0;36,9;null;26,7;null;23;6;
2015-11-08;14,3;12;null;37;null;null;null;null;null;
2015-11-09;14,7;12;0;34,1;null;22,2;null;27;6,5;
2015-11-10;14,4;11,8;0;34,8;null;23,1;null;28;5;
2015-11-11;18;11,5;0;36,2;null;23;null;25;4;
2015-11-12;14,5;9,5;0;36,7;null;25,3;null;29;2;
2015-11-13;11,7;9,6;0;39,7;null;25;null;19;2;
2015-11-14;15,1;10,7;0;39,5;null;27,7;null;21;2,5;
2015-11-15;9,8;5,5;null;39,4;null;null;null;null;null;
2015-11-16;10,7;2,3;0;35;null;24,4;null;39;2;
2015-11-17;6,1;1,9;3,9;35;null;23,7;null;51;2;
2015-11-18;3,7;2,6;,2;35,1;null;23,8;null;36;2;
2015-11-19;8,7;3,3;0;35,5;null;24,7;null;31;1,5;
2015-11-20;8,9;3,6;0;36,3;null;26,1;null;43;3;
2015-11-21;6,1;5,3;28,8;33,2;null;22,3;null;61;2;
2015-11-22;3,6;6,6;null;32,3;null;null;null;null;null;
2015-11-23;3,4;9,9;7,6;35,1;null;24,3;null;43;3;
2015-11-24;7,3;5,5;1,1;32,9;null;23,7;null;46;3;
2015-11-25;4,4;7,8;0;35,6;null;25,3;null;42;2;
2015-11-26;6,5;7,5;0;36,6;null;25,3;null;37;2;
2015-11-27;6;4,8;10,1;30,4;null;22,7;null;59;2;
2015-11-28;5;9,9;0;33,8;null;24;null;40;3;
2015-11-29;6,5;10,2;null;35,7;null;null;null;null;null;
2015-11-30;6,9;11,2;0;36,7;null;24,1;null;33;2;
2015-12-01;10,2;12;0;37,5;null;24,1;null;25;3;
2015-12-02;14,9;11,4;0;36,9;null;25,1;null;29;3;
2015-12-03;11,4;11,8;0;38,6;null;23;null;21;3;
2015-12-04;9,9;11,8;0;39;null;24,9;null;25;2;
2015-12-05;9,8;8,7;0;38,4;null;25,8;null;28;2,5;
2015-12-06;6,4;5,9;null;38,3;null;null;null;null;null;
2015-12-07;6,5;7,8;0;37,2;null;24,1;null;32;2;
2015-12-08;7,4;10,7;0;37,8;null;25;null;30;3;
2015-12-09;17,5;11,2;0;36,6;null;25,4;null;18;3;
2015-12-10;15,6;2,3;0;37,1;null;24,1;null;18;4;
2015-12-11;14,1;11,4;0;38,6;null;21,4;null;19;2;
2015-12-12;14,4;11,3;0;38,4;null;23,9;null;17;2;
2015-12-13;13,8;11,2;null;38,1;null;null;null;null;null;
2015-12-14;14,4;11,9;0;36,1;null;25;null;23;4;
2015-12-15;18,8;12,2;0;36,4;null;23,5;null;17;5;
2015-12-16;19,4;10,6;0;37,2;null;24,7;null;24;3;
2015-12-17;16,3;11;0;37,4;null;25,5;null;25;4;
2015-12-18;13,8;9,3;0;37,3;null;24,9;null;25;3,5;
2015-12-19;9,1;8,3;9,4;34,5;null;22,3;null;32;4;
2015-12-20;12,4;7,7;null;36,3;null;null;null;null;null;
2015-12-21;14,4;11,6;0;35,3;null;24,7;null;27;7;
2015-12-22;15,2;12,6;0;35,7;null;24;null;27;5,5;
2015-12-23;17;12,1;0;34,9;null;24,8;null;29;5;
2015-12-24;16,4;11,4;0;35,2;null;23,9;null;25;8;
2015-12-25;13,8;10;0;36,5;null;24,5;null;26;4;
2015-12-26;13,4;8,8;0;36,3;null;25,3;null;25;4;
2015-12-27;6,3;1,1;null;36,2;null;null;null;null;null;
2015-12-28;7;,7;0;31,7;null;22,2;null;41;4;
2015-12-29;9;6;0;35,6;null;23,7;null;33;3;
2015-12-30;7,6;7,5;,6;36,6;null;25,2;null;23;3;
2015-12-31;9,5;10,9;0;36,4;null;25,5;null;25;4;
2016-01-01;10,3;11,8;0;37,9;null;23,6;null;27;2;
2016-01-02;12;10;0;37,1;null;23,2;null;34;4;
2016-01-03;6,4;5,1;null;37;null;null;null;null;null;
2016-01-04;8,3;5,9;0;35,5;null;23,2;null;32;2,5;
2016-01-05;6,6;2,4;41,8;37,8;null;21,9;null;81;2;
2016-01-06;2,5;4,6;1,8;29,2;null;23,1;null;58;5;
2016-01-07;3,5;4,7;,3;31,4;null;23,7;null;65;3;
2016-01-08;3;,8;,3;30,4;null;23,3;null;62;2;
2016-01-09;2,5;5,6;7,5;32,2;null;23,5;null;41;2;
2016-01-10;4,5;9,2;null;33,4;null;null;null;null;null;
2016-01-11;8,6;11,7;0;35,2;null;24,4;null;40;3;
2016-01-12;7,2;5,3;0;33,5;null;24,3;null;57;2,5;
2016-01-13;5,1;1;,2;31,2;null;23,9;null;67;1;
2016-01-14;2,4;4,5;18,5;30,2;null;21,4;null;61;1,5;
2016-01-15;3,2;4,9;0;32,4;null;24;null;51;2;
2016-01-16;3,3;3,2;16;29,1;null;23,6;null;74;2;
2016-01-17;1;0;null;29,3;null;null;null;null;null;
2016-01-18;,8;,5;null;26,3;null;21,7;null;81;2;
2016-01-19;1,2;2,7;3,3;27,6;null;23,1;null;85;2;
2016-01-20;1,2;0;39,1;23,1;null;21,7;null;91;2;
2016-01-21;,4;,1;64,2;25,1;null;20,6;null;85;2;
2016-01-22;,4;0;12,9;24,5;null;21,8;null;95;1,5;
2016-01-23;1;2,2;44,4;27;null;22,4;null;80;1;
2016-01-24;,8;5;null;28,1;null;null;null;null;null;
2016-01-25;2,3;2,5;null;30,8;null;23,1;null;61;1;
2016-01-26;5,3;6,5;,2;31;null;24,3;null;69;3;
2016-01-27;2;1;71,4;27,9;null;22,3;null;81;1,5;
2016-01-28;1,5;2,8;3,8;29;null;24,3;null;63;3;
2016-01-29;2,4;10,1;1,3;30,5;null;23,7;null;50;4;
2016-01-30;9,4;11,4;0;31,1;null;23,1;null;40;4,5;
2016-01-31;10,4;11,5;null;31,6;null;null;null;null;null;
2016-02-01;11,6;11,2;0;33;null;22,9;null;45;3,5;
2016-02-02;5,7;8;0;32;null;24,5;null;62;4;
2016-02-03;3,7;8,9;,2;32,8;null;23,1;null;36;3,5;
2016-02-04;8,3;10,3;0;32,8;null;22,3;null;47;3;
2016-02-05;7,4;10;0;32,7;null;23,6;null;45;2;
2016-02-06;6,9;7,2;0;32,7;null;24,9;null;45;4;
2016-02-07;4,6;10,3;null;33;null;null;null;null;null;
2016-02-08;5,9;11,5;0;32,4;null;22,9;null;42;4;
2016-02-09;8,3;11,7;0;32,8;null;23;null;33;3;
2016-02-10;8;12;0;34,4;null;20,6;null;32;2,5;
2016-02-11;6,3;11,9;0;36,3;null;21;null;27;1,5;
2016-02-12;6,8;9,1;0;35,3;null;21,4;null;35;1;
2016-02-13;5,9;4,7;0;31,4;null;25,4;null;64;2;
2016-02-14;3,3;9,8;,2;32,8;null;null;null;null;null;
2016-02-15;4,5;11,6;0;32,6;null;23;null;47;2;
2016-02-16;5,2;11,4;0;34,3;null;22,1;null;35;2;
2016-02-17;6,6;11,1;0;32,9;null;21,3;null;30;4;
2016-02-18;8;8,4;0;31,4;null;20,4;null;45;2;
2016-02-19;7,9;6,7;0;30,5;null;23,9;null;50;2;
2016-02-20;6,3;11,2;0;32,3;null;22,5;null;45;3;
2016-02-21;7,4;11;null;33;null;null;null;null;null;
2016-02-22;11,5;10,4;0;32,6;null;23,9;null;38;5;
2016-02-23;13,1;10,4;0;32,1;null;24,1;null;44;4;
2016-02-24;11,3;10,8;0;34,4;null;25;null;39;4,5;
2016-02-25;7,3;10,7;0;35,2;null;24;null;35;2;
2016-02-26;8;11,1;0;34,4;null;22,5;null;37;4;
2016-02-27;9,2;9,6;0;33,9;null;23,6;null;41;4;
2016-02-28;6,8;11,2;null;34,5;null;null;null;null;null;
2016-02-29;9,2;10,6;0;35,2;null;22,4;null;43;4;
2016-03-01;9,2;10,9;0;33,6;null;23,6;null;35;5;
2016-03-02;11,2;9,4;0;32,7;null;24,5;null;46;4;
2016-03-03;8,4;8,8;0;33,1;null;22,9;null;37;2;
2016-03-04;5,4;4,5;0;33,9;null;23;null;45;1;
2016-03-05;5,2;7,9;0;32,8;null;25,4;null;54;3;
2016-03-06;5,6;null;null;33,6;null;null;null;null;null;
2016-03-07;7,4;9,5;0;32,2;null;24,5;null;44;4;
2016-03-08;9;8,3;0;32,4;null;24,4;null;41;4;
2016-03-09;9,4;10,7;0;32,2;null;23,2;null;36;5;
2016-03-10;10;11;0;33,5;null;22,1;null;43;3;
2016-03-11;7;10,1;0;34,6;null;23,1;null;41;2;
2016-03-12;7,1;5;0;34,1;null;25,1;null;43;2;
2016-03-13;6,4;10,6;null;34,2;null;null;null;null;null;
2016-03-14;8,6;10,9;0;32,6;null;23,8;null;42;4,5;
2016-03-15;12,1;9,7;0;31,3;null;22,9;null;47;6;
2016-03-16;10,4;10,4;0;32,3;null;23,7;null;37;4;
2016-03-17;10,4;11,1;0;32,3;null;24,1;null;42;4;
2016-03-18;10,9;10,2;0;34,1;null;23,8;null;37;3;
2016-03-19;9,7;10,3;0;34,5;null;25,4;null;38;2;
2016-03-20;7,3;10,6;null;35;null;null;null;null;null;
2016-03-21;10,8;10,1;0;33,9;null;24,5;null;35;5;
2016-03-22;9,2;10,8;0;34,8;null;24,9;null;38;3;
2016-03-23;null;null;null;null;null;null;null;null;null;
2016-03-24;null;null;null;null;null;null;null;null;null;
2016-03-25;null;null;null;null;null;null;null;null;null;
2016-03-26;null;null;null;null;null;null;null;null;null;
2016-03-27;null;null;null;null;null;null;null;null;null;
2016-03-28;null;null;null;null;null;null;null;null;null;
2016-03-29;null;null;null;null;null;null;null;null;null;
2016-03-30;null;null;null;null;null;null;null;null;null;
2016-03-31;null;null;null;null;null;null;null;null;null;
2016-04-01;null;null;null;null;null;null;null;null;null;
2016-04-02;10,3;3,5;0;null;null;24,7;null;44;2;
2016-04-03;7,4;5,5;null;32,6;null;null;null;null;null;
2016-04-04;8,7;9,8;0;34,2;null;24,5;null;36;4;
2016-04-05;11,2;9,9;0;34,3;null;25,3;null;34;4;
2016-04-06;12,2;10,6;0;33,9;null;24,2;null;37;4,5;
2016-04-07;10,3;9,1;0;34;null;25;null;35;4;
2016-04-08;7,6;9,9;0;35,8;null;21,3;null;30;2;
2016-04-09;7,9;9,9;0;35,3;null;24,2;null;34;3;
2016-04-10;8,3;11,2;null;34,7;null;null;null;null;null;
2016-04-11;12,9;10,9;0;33,3;null;23,8;null;30;3;
2016-04-12;10,8;10,7;0;33,4;null;24,9;null;39;4;
2016-04-13;11,3;11,2;0;32,6;null;23,7;null;34;5;
2016-04-14;14;11;0;32,8;null;21,8;null;33;3;
2016-04-15;9,7;10,7;0;33,8;null;23,3;null;26;4;
2016-04-16;10;11,2;0;32,8;null;24;null;32;6;
2016-04-17;12,5;10,3;null;32,9;null;null;null;null;null;
2016-04-18;12;10,8;0;32,5;null;22,9;null;35;5;
2016-04-19;13,9;8,4;0;32,1;null;24;null;37;6;
2016-04-20;12,3;7,5;0;31,8;null;23,7;null;33;6;
2016-04-21;13;6,1;0;30,5;null;23,8;null;43;5;
2016-04-22;9;11;0;33,1;null;21,9;null;30;2;
2016-04-23;9,9;9,6;0;33,2;null;23,5;null;30;4;
2016-04-24;9,4;10,7;null;33,1;null;null;null;null;null;
2016-04-25;11,4;10,7;0;33,9;null;23,7;null;34;4;
2016-04-26;9,6;10,9;0;34;null;23,9;null;34;3;
2016-04-27;8,1;10,1;0;35,4;null;21,8;null;31;2;
2016-04-28;7,7;9;0;34,9;null;22,4;null;35;3;
2016-04-29;9,2;6,3;0;31,3;null;24,8;null;43;4;
2016-04-30;9,1;7,2;1;31,7;null;23,1;null;42;2;
2016-05-01;6,4;9,5;null;34,9;null;null;null;null;null;
2016-05-02;6,3;9,2;0;31,3;null;22,3;null;46;5,5;
2016-05-03;9,5;9,3;0;32,1;null;21,1;null;37;3,5;
2016-05-04;9,2;7,8;0;31,5;null;22,7;null;37;2,5;
2016-05-05;6,8;10,2;0;33;null;20;null;33;2;
2016-05-06;8,5;9,4;0;31,6;null;22,4;null;31;4;
2016-05-07;9,5;10,1;0;32,3;null;19,9;null;34;5;
2016-05-08;9,4;10,1;null;32,2;null;null;null;null;null;
2016-05-09;9,4;10,5;0;32,1;null;18,8;null;26;4;
2016-05-10;10,5;10,5;0;32;null;21,2;null;30;2;
2016-05-11;7,5;10,2;0;34,1;null;18,9;null;28;2;
2016-05-12;7,9;10,5;0;33,7;null;18,7;null;30;2;
2016-05-13;8,8;9,4;0;34;null;19,9;null;35;2;
2016-05-14;10,3;9,7;0;31,5;null;23,9;null;41;4;
2016-05-15;9,1;7,9;null;31,7;null;null;null;null;null;
2016-05-16;8,3;10,2;0;31,9;null;21,4;null;39;3,5;
2016-05-17;7,2;10,3;0;34,9;null;17,3;null;23;1;
2016-05-18;7,3;9,5;0;35,6;null;19,2;null;28;1;
2016-05-19;9,2;6,2;0;32,3;null;24;null;36;3;
2016-05-20;11,3;6,8;0;30,6;null;23,8;null;41;3;
2016-05-21;9,5;8,1;0;30,5;null;22,8;null;46;3;
2016-05-22;5,8;10,3;null;31,2;null;null;null;null;null;
2016-05-23;5,7;8,2;0;32,9;null;20,5;null;36;3,5;
2016-05-24;6;10,3;0;33,3;null;20,1;null;29;3;
2016-05-25;11,1;8,9;0;27,6;null;21,5;null;52;3,5;
2016-05-26;8;8,3;0;28,4;null;22,1;null;46;2;
2016-05-27;6,1;10,6;0;30,7;null;16,9;null;30;3;
2016-05-28;6,8;2,9;null;28,6;null;null;null;null;null;
2016-05-29;5,8;1,6;null;29;null;null;null;null;null;
2016-05-30;6,6;9,8;0;31,8;null;19,4;null;40;3;
2016-05-31;5,8;10,3;0;34,4;null;19,5;null;28;2;
2016-06-01;7,8;10,5;0;34,1;null;19,3;null;28;2;
2016-06-02;9,7;9,7;0;33,9;null;18,7;null;24;2;
2016-06-03;7,3;10,3;0;35,1;null;17,3;null;25;1;
2016-06-04;7,8;10;0;35,2;null;18,2;null;28;1;
2016-06-05;8,3;10,1;null;35,5;null;null;null;null;null;
2016-06-06;10,2;9,6;0;36,3;null;19,5;null;26;2;
2016-06-07;7,4;8,7;0;35,4;null;20,1;null;30;2;
2016-06-08;8,3;9,2;0;35,8;null;20,9;null;28;2,5;
2016-06-09;7,4;9,8;0;34,5;null;23,5;null;34;4;
2016-06-10;7,7;8;0;32,4;null;24,9;null;42;4,5;
2016-06-11;3,5;,1;1,4;24,1;null;21,8;null;86;2;
2016-06-12;2,4;4,5;,4;30,7;null;null;null;null;null;
2016-06-13;3,1;5,2;0;27,5;null;22,5;null;52;4;
2016-06-14;8;9,2;0;25,6;null;20,9;null;48;3,5;
2016-06-15;6,8;9,2;0;29,2;null;18,5;null;43;3;
2016-06-16;4,8;10,4;0;29,7;null;16,5;null;34;2;
2016-06-17;5,8;10,4;0;31,1;null;16,3;null;26;3;
2016-06-18;6,5;10,4;0;29,8;null;16,8;null;36;3;
2016-06-19;6,6;10;null;30,5;null;null;null;null;null;
2016-06-20;8;9,7;0;30,3;null;18,3;null;33;4;
2016-06-21;8;10,3;0;29,5;null;21,5;null;35;4,5;
2016-06-22;9,6;10,4;0;28,7;null;19,8;null;33;5;
2016-06-23;10,1;10,4;0;29,4;null;19,2;null;39;3;
2016-06-24;7,5;4,8;0;29,3;null;18,6;null;34;4;
2016-06-25;11,4;5,4;0;26,3;null;21,1;null;45;5;
2016-06-26;9,7;10,1;null;27,8;null;null;null;null;null;
2016-06-27;10,3;9,4;0;27;null;19,7;null;44;5,5;
2016-06-28;10,1;5,3;0;28;null;20,2;null;44;5;
2016-06-29;8,4;9,8;0;28,7;null;20;null;39;3,5;
2016-06-30;9,7;9,3;0;29,6;null;22;null;34;6,5;
2016-07-01;11,7;7,8;0;27,8;null;20,7;null;40;5;
2016-07-02;8,8;8,8;0;28,2;null;18,3;null;46;5;
2016-07-03;7,1;8;null;28;null;null;null;null;null;
2016-07-04;10,2;5,3;0;27,4;null;21,3;null;45;6;
2016-07-05;8;10,2;0;29,4;null;21,8;null;36;4;
2016-07-06;10,3;8,8;0;29,9;null;21,1;null;35;3;
2016-07-07;7,2;10,5;0;31,5;null;20,8;null;28;3;
2016-07-08;6,9;8;0;31,8;null;18,7;null;30;1;
2016-07-09;9,5;10,2;0;28,8;null;22,9;null;36;5,5;
2016-07-10;8,7;null;7,4;30,1;null;null;null;null;null;
2016-07-11;7,5;10,4;0;30,3;null;19,7;null;36;2,5;
2016-07-12;6,3;9,5;0;30,6;null;17,7;null;32;3,5;
2016-07-13;6,4;10,2;0;32,1;null;17,9;null;31;2;
2016-07-14;7,3;10,6;0;31,2;null;18,4;null;35;4;
2016-07-15;8,4;10,5;0;31,3;null;17,7;null;29;3;
2016-07-16;8,8;10,6;0;32;null;17,7;null;22;1;
2016-07-17;7,4;10,6;null;34,1;null;null;null;null;null;
2016-07-18;9,2;10,5;0;34;null;16,1;null;23;1;
2016-07-19;10,8;10,5;0;30,1;null;24,3;null;40;5;
2016-07-20;10,6;10,5;0;30,5;null;22,8;null;39;5;
2016-07-21;null;null;null;null;null;null;null;null;null;
2016-07-22;null;null;null;null;null;null;null;null;null;
2016-07-23;null;null;null;null;null;null;null;null;null;
2016-07-24;null;null;null;null;null;null;null;null;null;
2016-07-25;null;null;null;null;null;null;null;null;null;
2016-07-26;null;null;null;null;null;null;null;null;null;
2016-07-27;null;null;null;null;null;null;null;null;null;
2016-07-28;null;null;null;null;null;null;null;null;null;
2016-07-29;null;null;null;null;null;null;null;null;null;
2016-07-30;null;null;null;null;null;null;null;null;null;
2016-07-31;null;null;null;null;null;null;null;null;null;
2016-08-01;null;null;0;29,5;null;17,5;null;33;4;
2016-08-02;8,3;8;0;29,4;null;21,2;null;39;4;
2016-08-03;7,5;8,8;0;28,7;null;18,3;null;55;5,5;
2016-08-04;7,3;5,7;0;28,2;null;19,3;null;37;6;
2016-08-05;8,8;9,3;0;29,4;null;18,6;null;35;4;
2016-08-06;7,8;10;0;29,5;null;18,4;null;36;4,5;
2016-08-07;5,4;10,9;null;31,6;null;null;null;null;null;
2016-08-08;6,9;10,9;0;31,6;null;16;null;31;2;
2016-08-09;6,7;10,9;0;32,3;null;15,8;null;26;3;
2016-08-10;7,7;10,9;0;33,9;null;13,8;null;18;2;
2016-08-11;8,6;9,8;0;35,9;null;24,9;null;17;1,5;
2016-08-12;11,5;8,2;0;30,8;null;23,5;null;39;6,5;
2016-08-13;12,2;9,9;0;30,9;null;20;null;32;5;
2016-08-14;9,2;9,4;null;32,6;null;null;null;null;null;
2016-08-15;10,1;9,7;0;33,9;null;18,7;null;27;2,5;
2016-08-16;8,8;5,8;0;34,1;null;18,7;null;30;2;
2016-08-17;9,2;9,4;0;35,6;null;19,4;null;28;2;
2016-08-18;10,4;9,7;0;35,7;null;23,3;null;27;3,5;
2016-08-19;13,8;9,7;0;31,2;null;22,8;null;36;7,5;
2016-08-20;14,5;11;0;32,9;null;20,4;null;28;4;
2016-08-21;8,6;10,2;null;35,6;null;null;null;null;null;
2016-08-22;7,8;9,8;0;36,5;null;19,8;null;26;2;
2016-08-23;11,5;10,7;0;30,1;null;21,7;null;42;7;
2016-08-24;11,7;10,7;0;29;null;21,3;null;43;6,5;
2016-08-25;10,3;9,9;0;30;null;18,8;null;35;4,5;
2016-08-26;9,5;10,6;0;30,9;null;18,6;null;34;5;
2016-08-27;10,5;9,3;0;29,7;null;19,7;null;43;6;
2016-08-28;10,8;10,5;null;30,9;null;null;null;null;null;
2016-08-29;12,1;11;0;30,7;null;19,6;null;40;6;
2016-08-30;12,9;10,3;0;31,7;null;21;null;34;5;
2016-08-31;11,1;10,9;0;32,9;null;21,9;null;34;4;
2016-09-01;11,9;10,4;0;33,3;null;20,8;null;28;5;
2016-09-02;14,5;10,7;0;31,2;null;21,2;null;31;6,5;
2016-09-03;15;10,6;0;31,9;null;18,7;null;20;4,5;
2016-09-04;13,2;10,9;null;31,8;null;null;null;null;null;
2016-09-05;15,4;10,4;0;29,9;null;19,1;null;40;4;
2016-09-06;12,4;10,1;0;32,4;null;19,7;null;28;3,5;
2016-09-07;11,4;9,1;0;31,6;null;20,5;null;32;4;
2016-09-08;9,6;10,9;0;32,9;null;20;null;31;5;
2016-09-09;13,5;10,6;0;33,3;null;19,7;null;26;3,5;
2016-09-10;15,8;9;0;31,3;null;20,8;null;31;5,5;
2016-09-11;13,6;8,9;null;31,4;null;null;null;null;null;
2016-09-12;14;11,2;0;32,7;null;18,7;null;23;3;
2016-09-13;10,4;10,7;0;33,1;null;20,4;null;28;3;
2016-09-14;13;10,9;0;35;null;21,1;null;21;4;
2016-09-15;13;10,2;0;35,7;null;20,8;null;26;4,5;
2016-09-16;13,1;10,4;0;35,7;null;22;null;21;4;
2016-09-17;16;10,3;0;33,8;null;22;null;30;4;
2016-09-18;12,5;10,2;null;33,5;null;null;null;null;null;
2016-09-19;10,3;9,9;0;35,2;null;20,7;null;23;5;
2016-09-20;11,3;10,7;0;36,7;null;19;null;20;3;
2016-09-21;9,4;7,8;0;36,6;null;20,9;null;26;2;
2016-09-22;12,5;9,8;0;30,9;null;23,5;null;41;7;
2016-09-23;12,4;9,4;0;31,1;null;21;null;40;5;
2016-09-24;9,8;8,5;0;33,3;null;21;null;34;2;
2016-09-25;6,3;2,7;null;33,4;null;null;null;null;null;
2016-09-26;9,2;0;,1;29,6;null;23,3;null;49;1;
2016-09-27;4,2;5,2;0;30,8;null;22,4;null;55;2,5;
2016-09-28;7,5;6,2;0;31,7;null;22,6;null;38;5;
2016-09-29;11,4;9,3;0;33,7;null;21;null;34;3;
2016-09-30;9,6;10,4;0;35,4;null;22,5;null;28;2;
2016-10-01;13,8;9;0;33,7;null;24;null;30;4;
2016-10-02;13,3;9,8;null;34,4;null;null;null;null;null;
2016-10-03;12,3;7,4;0;31,5;null;22,1;null;41;5,5;
2016-10-04;13,4;6;0;32,5;null;22,3;null;52;4;
2016-10-05;5,2;2,4;3,6;29,9;null;21,5;null;54;2;
2016-10-06;3,7;2,3;2,5;32,5;null;21,7;null;45;2;
2016-10-07;4,3;5,7;4,2;32,6;null;22;null;39;2;
2016-10-08;null;null;null;null;null;null;null;null;null;
2016-10-09;null;null;null;null;null;null;null;null;null;
2016-10-10;null;null;null;null;null;null;null;null;null;
2016-10-11;null;8,5;null;32,3;null;null;null;null;null;
2016-10-12;null;8,5;0;32,3;null;21,4;null;41;4,5;
2016-10-13;5,4;10,8;0;31,4;null;21,7;null;41;6,5;
2016-10-14;12,4;10,8;0;34,3;null;21,9;null;29;3;
2016-10-15;14,8;11;0;34;null;22,3;null;23;6,5;
2016-10-16;13,4;11,2;null;34,2;null;null;null;null;null;
2016-10-17;13,2;11,1;0;33,8;null;21,4;null;30;5;
2016-10-18;12,4;10,3;0;35,9;null;22,1;null;31;4;
2016-10-19;12,4;9,3;0;36,3;null;23,8;null;34;3;
2016-10-20;11,9;10,1;0;35,8;null;24;null;36;3;
2016-10-21;11,8;9,5;0;37,3;null;23,7;null;31;2,5;
2016-10-22;12,2;9,9;0;35,6;null;24;null;30;3;
2016-10-23;12,4;10,8;null;36;null;null;null;null;null;
2016-10-24;14,2;11,2;0;35,4;null;22,7;null;23;4,5;
2016-10-25;15,6;10,9;0;36,4;null;22,6;null;23;5,5;
2016-10-26;15,2;11,4;0;35,2;null;22,8;null;25;6;
2016-10-27;14;11,2;0;36,9;26,5;23;39;24;4;
2016-10-28;13,4;10;0;39,3;null;23,8;null;26;3,5;
2016-10-29;12,4;2,2;0;33,9;null;24;null;38;5;
2016-10-30;12,8;1,4;null;33;null;null;null;null;null;
2016-10-31;13,8;5,2;0;32,3;null;22,1;null;32;6;
2016-11-01;12,1;11,3;0;33,8;null;22,4;null;29;5;
2016-11-02;13,5;10,9;0;34,5;null;22,7;null;24;6,5;
2016-11-03;14,8;11,4;0;34,3;null;22,6;null;22;6;
2016-11-04;15,8;11,5;0;34;null;22,4;null;31;5;
2016-11-05;17,3;11,4;0;33,9;null;21,6;null;30;6,5;
2016-11-06;14,6;11,1;null;34;null;null;null;null;null;
2016-11-07;13,6;6,5;0;32,7;null;21,3;null;35;5,5;
2016-11-08;10,2;,5;0;27,4;null;22,2;null;52;4;
2016-11-09;5,1;9,4;0;33,4;null;22,3;null;39;5;
2016-11-10;null;null;null;null;null;null;null;null;null;
2016-11-11;null;null;null;null;null;null;null;null;null;
2016-11-12;null;null;null;null;null;null;null;null;null;
2016-11-13;null;null;null;null;null;null;null;null;null;
2016-11-14;null;null;null;null;null;null;null;null;null;
2016-11-15;null;null;null;null;null;null;null;null;null;
2016-11-16;null;null;null;null;null;null;null;null;null;
2016-11-17;null;null;null;null;null;null;null;null;null;
2016-11-18;null;null;null;null;null;null;null;null;null;
2016-11-19;null;null;null;null;null;null;null;null;null;
2016-11-20;null;null;null;null;null;null;null;null;null;
2016-11-21;null;null;0;28,7;null;19,3;null;64;3;
2016-11-22;5,2;12,3;0;32,1;null;21,5;null;50;3;
2016-11-23;5,2;11,2;0;34,3;null;21,3;null;39;3;
2016-11-24;5,7;10,9;0;36;null;21,6;null;37;2;
2016-11-25;7,4;11,6;0;34,1;null;24,3;null;38;5;
2016-11-26;11,1;10,4;0;32,8;null;23;null;38;4;
2016-11-27;9,4;10,5;null;33,5;null;null;null;null;null;
2016-11-28;9;9,6;0;32,6;null;22,7;null;47;5;
2016-11-29;6,5;12,1;0;36;null;23,3;null;38;2;
2016-11-30;7,8;10,5;0;36,1;null;22,6;null;36;2;
2016-12-01;10,4;10;0;32,3;null;24,5;null;43;4;
2016-12-02;10,5;9,9;0;32,4;null;22,7;null;44;3;
2016-12-03;9;11,2;0;34,1;null;22,6;null;43;3;
2016-12-04;5,6;2,5;null;33,9;null;null;null;null;null;
2016-12-05;3,9;6,5;0;32,2;null;23,1;null;52;3;
2016-12-06;4,2;5,2;,5;33,4;null;21,3;null;49;2;
2016-12-07;4,5;5,8;0;34,4;null;23,5;null;63;3;
2016-12-08;3;4,1;10,4;30,3;null;22;null;60;2;
2016-12-09;2,8;7,1;0;33,2;null;22,5;null;50;2;
2016-12-10;10,2;2;0;30,8;null;24,8;null;66;3;
2016-12-11;2,2;2,5;null;30,6;null;null;null;null;null;
2016-12-12;3;,7;45;26,7;null;21,5;null;76;1;
2016-12-13;1,3;0;,6;27;null;22,1;null;75;2;
2016-12-14;1,2;6,9;21,1;30,1;null;22,1;null;77;2,5;
2016-12-15;3,2;0;,1;31,3;null;20,5;null;45;2,5;
2016-12-16;8,1;11,9;0;30,9;null;22;null;39;5,5;
2016-12-17;11;11;0;30,1;null;20,1;null;44;5;
2016-12-18;5,8;9,9;null;30,2;null;null;null;null;null;
2016-12-19;7,7;10,5;0;30,3;null;21,4;null;44;4;
2016-12-20;7,5;11,7;0;30,7;null;21,1;null;43;5,5;
2016-12-21;9,8;9,4;3,2;31,2;null;21,2;null;49;5;
2016-12-22;9,3;9;0;31,6;null;20,4;null;47;4;
2016-12-23;10,8;10,6;0;31,6;null;22,3;null;41;4;
2016-12-24;7,7;11,9;0;32,3;null;21,1;null;44;2,5;
2016-12-25;5,6;9,4;null;32,6;null;null;null;null;null;
2016-12-26;6,9;12,2;0;33,1;null;21,5;null;39;3;
2016-12-27;9,4;11,9;0;33,1;null;21,4;null;43;5;
2016-12-28;8,3;11,9;0;33,2;null;22,9;null;35;5,5;
2016-12-29;8;6,6;0;32,5;null;21;null;41;3;
2016-12-30;6,9;5,4;0;32,3;null;21,9;null;34;3;
2016-12-31;8,6;9,9;0;32,3;null;21,6;null;39;4;
2017-01-01;6,4;11;null;34,9;null;null;null;null;null;
2017-01-02;9,2;9,6;2,5;34,9;null;22,3;null;40;2;
2017-01-03;6,4;10,8;0;36,4;null;22,6;null;37;2;
2017-01-04;10;11,2;0;33,5;null;23,7;null;40;3;
2017-01-05;10;11;0;34,1;null;23,3;null;39;3;
2017-01-06;10,3;11,5;0;33,6;null;22,7;null;41;3,5;
2017-01-07;13,5;12,3;0;33,7;null;21,7;null;25;5;
2017-01-08;12,6;12;null;33,9;null;null;null;null;null;
2017-01-09;13,8;11,4;0;35,7;null;22;null;28;2,5;
2017-01-10;11,8;11,4;0;37,1;null;23;null;30;3;
2017-01-11;10,4;10,1;0;35,8;null;24,4;null;38;3;
2017-01-12;8,4;9,5;0;36,4;null;22,4;null;37;2;
2017-01-13;6,1;1,8;0;31,5;null;23;null;49;2;
2017-01-14;6,1;7,1;0;34,8;null;23,7;null;38;3;
2017-01-15;6,2;2,4;null;34,7;null;null;null;null;null;
2017-01-16;5,1;9,9;0;34;null;22,9;null;43;5;
2017-01-17;11,5;10,4;0;33,9;null;22;null;32;4;
2017-01-18;11,7;11,2;0;34,3;null;22,6;null;36;5;
2017-01-19;9,8;9,5;0;34,1;null;23,2;null;41;3;
2017-01-20;12,4;12,1;,5;34,1;null;22,7;null;37;4,5;
2017-01-21;10,9;10,6;0;34,6;null;22,5;null;32;4,5;
2017-01-22;10,6;10,9;null;35,5;null;null;null;null;null;
2017-01-23;13,1;8,6;0;34,7;null;23,5;null;37;4,5;
2017-01-24;10,9;8,5;0;34;null;24,3;null;37;4;
2017-01-25;10,3;10,4;0;34,5;null;24;null;36;4;
2017-01-26;11,4;11,9;0;36,7;null;23;null;33;2;
2017-01-27;12;12,1;0;36,4;null;23;null;29;4;
2017-01-28;13,4;11,5;0;34,3;null;23,5;null;36;4,5;
2017-01-29;11,6;10,5;null;34,6;null;null;null;null;null;
2017-01-30;14;11,3;0;33,4;null;22,7;null;38;4;
2017-01-31;11,3;10,2;0;35,1;null;22,8;null;30;5,5;
2017-02-01;9,2;11;0;35,6;null;23,5;null;33;4;
2017-02-02;7,8;5,1;0;34,5;null;23,9;null;50;4;
2017-02-03;4,5;4,1;11,6;31;null;22,5;null;51;2;
2017-02-04;4,4;5,9;0;32,7;null;23,5;null;65;3;
2017-02-05;4,2;4,4;null;null;null;null;null;null;null;
2017-02-06;3,5;3,7;0;30,5;null;22,1;null;61;2,5;
2017-02-07;2,7;3,3;14,8;27,1;null;21,5;null;77;1,5;
2017-02-08;1,6;1,4;6,4;28,9;null;22;null;78;1;
2017-02-09;1,8;,3;38,6;28,1;null;20,8;null;73;1;
2017-02-10;1,4;3,2;12,4;27,6;null;21,4;null;70;2;
2017-02-11;4,7;1,8;0;28,9;null;22,2;null;58;3;
2017-02-12;5,4;2,7;null;null;null;null;null;null;null;
2017-02-13;6,9;11,6;0;30,9;null;21,3;null;47;4,5;
2017-02-14;9,5;10,6;0;30,6;null;20,2;null;46;5;
2017-02-15;9,2;2,8;0;29,1;null;22,7;null;56;4;
2017-02-16;5,5;8,5;0;31,4;null;20,9;null;52;1;
2017-02-17;6,3;3,8;0;31,3;null;21,5;null;64;4;
2017-02-18;5,1;7,5;0;30,4;null;22,9;null;49;3;
2017-02-19;8,6;10,2;null;null;null;null;null;null;null;
2017-02-20;9,1;8,2;0;31,6;null;22,5;null;59;6;
2017-02-21;9;10,1;0;31,7;null;22;null;49;5;
2017-02-22;9,7;10,8;0;31,5;null;22,1;null;47;5;
2017-02-23;9,9;10,2;0;31,9;null;22,3;null;45;5;
2017-02-24;7,8;10,9;0;32,9;null;22,3;null;45;5,5;
2017-02-25;8,1;10,3;0;34,1;null;23;null;42;2;
2017-02-26;6,9;7,9;null;34,2;null;null;null;null;null;
2017-02-27;6,5;10,1;0;34,2;null;21,8;null;42;4;
2017-02-28;8,6;10;0;34,6;null;23,7;null;41;3;
2017-03-01;5;1,4;22,1;28,9;null;21;null;71;1;
2017-03-02;1,1;6,9;15,1;33,2;null;20,7;null;52;3;
2017-03-03;6,9;10,9;0;32,7;null;22,1;null;43;3;
2017-03-04;6,6;10,9;0;33,1;null;21,9;null;40;2;
2017-03-05;4,4;10,4;null;35;null;null;null;null;null;
2017-03-06;6,1;11,2;0;35,6;null;19,8;null;44;3;
2017-03-07;7,7;11,1;0;35,4;null;21,7;null;27;3;
2017-03-08;11,2;10,6;0;35,6;null;19,3;null;25;4;
2017-03-09;11,3;10,9;0;34,1;null;22,3;null;30;4;
2017-03-10;10,2;10,2;0;34,2;null;22,7;null;32;3;
2017-03-11;9,4;10,9;0;33,1;null;23;null;36;4;
2017-03-12;10,4;10,9;null;33,7;null;null;null;null;null;
2017-03-13;11,3;10,4;0;33,9;null;22,7;null;37;3;
2017-03-14;8,8;9,9;0;34,3;null;23,7;null;28;5;
2017-03-15;10,3;5,4;0;32;null;22,5;null;37;3;
2017-03-16;10,9;6,6;0;32,3;null;22,9;null;42;3;
2017-03-17;9,7;11,1;0;35,2;null;23,3;null;32;4;
2017-03-18;10,1;9,2;0;35,3;null;24,6;null;33;2;
2017-03-19;6,3;8,4;null;35,2;null;null;null;null;null;
2017-03-20;5,6;9,1;0;35,2;null;22,3;null;35;3,5;
2017-03-21;8,6;7,2;0;33,5;null;24,7;null;41;2;
2017-03-22;9,1;7,7;0;33,6;null;24,7;null;44;2;
2017-03-23;10,5;11,4;0;35,1;null;22,7;null;28;4;
2017-03-24;9,3;11;0;35,6;null;22,5;null;28;5;
2017-03-25;9,4;11,3;0;35,9;null;23,1;null;30;3;
2017-03-26;7,8;10,9;null;37;null;null;null;null;null;
2017-03-27;9,2;4,1;0;33,8;null;23,8;null;38;3,5;
2017-03-28;4,6;3;30,2;29,2;null;22,3;null;89;1,5;
2017-03-29;1,1;1,2;18,1;27,3;null;21,2;null;66;2;
2017-03-30;1,7;4,1;3,2;28;null;21,8;null;64;2;
2017-03-31;2,2;7,7;3,8;29,5;null;21,3;null;73;1;
2017-04-01;2,4;4,2;8,9;28,7;null;22;null;55;3;
2017-04-02;null;2;null;null;null;null;null;null;null;
2017-04-03;null;9;0;29,7;null;20,1;null;61;4;
2017-04-04;3,8;8,5;,2;29,8;null;22,1;null;48;3;
2017-04-05;6,5;9,4;0;30,1;null;22,9;null;52;5;
2017-04-06;5,9;11,2;0;32,1;null;22,2;null;42;4;
2017-04-07;6,5;11,2;0;31,7;null;20,8;null;41;2;
2017-04-08;6,6;10,7;0;31,6;null;20,6;null;33;5;
2017-04-09;null;11,1;null;null;null;null;null;null;null;
2017-04-10;null;8,6;0;32,5;null;21,2;null;37;4;
2017-04-11;7,5;10,2;0;34,1;null;20,3;null;35;3;
2017-04-12;6,9;7;0;34,3;null;23;null;41;2;
2017-04-13;6,9;9,6;0;32,6;null;24,3;null;39;3,5;
2017-04-14;9;8,1;0;32,1;null;21,7;null;42;5;
2017-04-15;8,7;10,3;0;31;null;22,3;null;43;5,5;
2017-04-16;null;9,8;null;null;null;null;null;null;null;
2017-04-17;null;9,6;0;33,9;null;20,1;null;38;3;
2017-04-18;5,6;9,6;1,9;34,2;null;20,6;null;31;3,5;
2017-04-19;9,5;9,1;0;31,9;null;21,8;null;36;4;
2017-04-20;9;7,9;0;29,6;null;21,4;null;45;5;
2017-04-21;8,3;7,7;0;33;null;21,4;null;40;3;
2017-04-22;5,2;10,1;0;34,3;null;19,8;null;35;2;
2017-04-23;null;9,3;null;null;null;null;null;null;null;
2017-04-24;null;6,6;0;32,5;null;21;null;40;4;
2017-04-25;9;8,4;0;31,3;null;23,1;null;44;5;
2017-04-26;6,6;6,2;0;32,7;null;21,8;null;50;4;
2017-04-27;3,8;9,6;0;34,1;null;19,9;null;32;4;
2017-04-28;5,2;10,5;0;33,4;null;21,1;null;28;4;
2017-04-29;8,8;10,8;0;32,5;null;21,9;null;31;5;
2017-04-30;null;null;null;null;null;null;null;null;null;
2017-05-01;9,8;6,5;0;28,1;null;20,5;null;48;5,5;
2017-05-02;9,4;3,9;0;27,2;null;21,4;null;57;5;
2017-05-03;7,5;8,5;0;29,7;null;20,9;null;38;4;
2017-05-04;9;6;0;30,6;null;19,8;null;37;4;
2017-05-05;7,6;7;0;30,2;null;19,3;null;46;4;
2017-05-06;7,6;8,8;0;31,7;null;21,2;null;43;2;
2017-05-07;null;7,2;null;32,3;null;null;null;null;null;
2017-05-08;null;8,4;0;31,8;null;19,1;null;40;3;
2017-05-09;6,6;3,7;1,7;32,2;null;21,9;null;40;2;
2017-05-10;5,2;8,7;0;32,8;null;19,6;null;35;3;
2017-05-11;8,1;10,1;0;33,5;null;21,1;null;31;3;
2017-05-12;9,7;10,6;0;30,6;null;20,9;null;32;3;
2017-05-13;9,4;9,9;0;30,3;null;19,6;null;35;4;
2017-05-14;null;10,4;null;33,5;null;null;null;null;null;
2017-05-15;null;9,7;0;35,8;null;15,7;null;24;2;
2017-05-16;7,2;7,5;0;34,9;null;19,7;null;27;2;
2017-05-17;5,4;1,2;,9;29,9;null;22,4;null;53;2;
2017-05-18;5,6;6,1;,2;29,5;null;22,1;null;48;4;
2017-05-19;6,9;1,5;0;28,5;null;21,7;null;48;3;
2017-05-20;6,4;2,8;0;29,7;null;19,9;null;49;3;
2017-05-21;6,6;null;null;31,7;null;null;null;null;null;
2017-05-22;null;9,4;0;31,9;null;21,7;null;44;3;
2017-05-23;7,5;8,4;0;31,6;null;21,8;null;41;4;
2017-05-24;7,5;8,9;0;31,8;null;22,4;null;37;5,5;
2017-05-25;8;10,3;0;30,3;null;20,6;null;38;4,5;
2017-05-26;9,1;10,1;0;29,9;null;20,4;null;33;4,5;
2017-05-27;9,4;10,6;0;30,7;null;16,7;null;30;2;
2017-05-28;null;9;null;30,3;null;null;null;null;null;
2017-05-29;null;9,5;0;30,7;null;18,9;null;32;3;
2017-05-30;9,1;10,4;0;30;null;19,3;null;34;3;
2017-05-31;6,8;10,6;0;31,6;null;15,4;null;33;2;
2017-06-01;5,5;10,4;0;33,8;null;16,7;null;26;2;
2017-06-02;6,7;10,1;0;35,4;null;17,8;null;25;1;
2017-06-03;8,6;10,4;0;32,1;null;20,6;null;34;5;
2017-06-04;null;10,4;null;null;null;null;null;null;null;
2017-06-05;null;8,2;0;29,9;null;22,1;null;47;4,5;
2017-06-06;7,4;9,7;0;31,4;null;21,1;null;36;3;
2017-06-07;6,8;9,4;0;29,4;null;20,9;null;42;5;
2017-06-08;7,3;9,6;0;30,2;null;17,3;null;44;5;
2017-06-09;5,7;10,4;0;31,4;null;16,7;null;34;3;
2017-06-10;5,5;10,4;0;34,1;null;16;null;25;2;
2017-06-11;null;10,4;null;null;null;null;null;null;null;
2017-06-12;null;10,5;0;31,5;null;18,5;null;21;4,5;
2017-06-13;10,6;9,8;0;30,3;null;20,1;null;33;4;
2017-06-14;10,4;10,4;0;30,5;null;19,8;null;34;3;
2017-06-15;8,3;10,4;0;30,1;null;17;null;22;6,5;
2017-06-16;12,7;8;0;28,8;null;18,4;null;40;4;
2017-06-17;8,6;10,1;0;29,1;null;19,5;null;36;5;
2017-06-18;null;9,8;null;null;null;null;null;null;null;
2017-06-19;null;10,3;0;30,8;null;18,3;null;27;3;
2017-06-20;8,6;8,3;0;30,8;null;20,1;null;24;3;
2017-06-21;9,2;8,1;0;29,5;null;19,6;null;31;5;
2017-06-22;10,6;7,1;0;27,2;null;18,9;null;39;4,1;
2017-06-23;9,6;7,4;0;28;null;20,5;null;41;4,5;
2017-06-24;9,5;10,2;0;27;null;18,7;null;39;5,5;
2017-06-25;null;2,6;null;null;null;null;null;null;null;
2017-06-26;null;4,3;0;26,9;null;19;null;42;5,5;
2017-06-27;8,9;6,6;0;27,2;null;17,6;null;37;6;
2017-06-28;9;5;0;26,3;null;18,5;null;46;3;
2017-06-29;8,5;7,7;0;27,7;null;16,9;null;43;4;
2017-06-30;7,9;8;0;28,7;null;14,3;null;41;2;
2017-07-01;5,7;9,9;0;29,2;null;15,7;null;32;3,5;
2017-07-02;null;9,3;null;29,3;null;null;null;null;null;
2017-07-03;null;5,5;0;23,1;null;18,1;null;46;6;
2017-07-04;5,7;9,2;0;23,7;null;15,9;null;37;7;
2017-07-05;7,6;9,6;0;25,8;null;16,1;null;35;6;
2017-07-06;10,4;7,9;0;26,3;null;17,3;null;46;6;
2017-07-07;8,4;6,9;0;27;null;18,2;null;39;6;
2017-07-08;9,1;6,8;0;26,9;null;17;null;48;6;
2017-07-09;null;7,5;null;26,5;null;null;null;null;null;
2017-07-10;null;0;0;26,5;null;16,3;null;84;2;
2017-07-11;4,6;10;,6;27,1;null;16,4;null;39;5;
2017-07-12;8,6;9,9;0;28,9;null;19,9;null;28;6;
2017-07-13;9,6;8,4;0;27,9;null;19,9;null;39;5,5;
2017-07-14;10,8;6,3;0;25,8;null;16,3;null;48;5;
2017-07-15;7,8;9,2;0;28,1;null;16,5;null;23;6;
2017-07-16;null;8,2;0;27,9;null;null;null;null;null;
2017-07-17;null;9,6;0;28,9;null;17,5;null;32;4;
2017-07-18;9,2;10,5;0;28,6;null;14,5;null;29;3;
2017-07-19;8,6;9,2;0;28,5;null;15,9;null;28;4;
2017-07-20;null;null;0;null;null;null;null;null;null;
2017-07-21;null;null;null;null;null;null;null;null;null;
2017-07-22;null;null;null;null;null;null;null;null;null;
2017-07-23;null;null;null;null;null;null;null;null;null;
2017-07-24;null;null;null;null;null;null;null;null;null;
2017-07-25;null;null;null;null;null;null;null;null;null;
2017-07-26;null;null;null;null;null;null;null;null;null;
2017-07-27;null;null;null;null;null;null;null;null;null;
2017-07-28;null;null;null;null;null;null;null;null;null;
2017-07-29;null;null;null;null;null;null;null;null;null;
2017-07-30;null;null;null;null;null;null;null;null;null;
2017-07-31;null;null;0;30,6;null;20,1;null;60;4,5;
2017-08-01;8,9;7,2;0;27;null;18;null;31;4;
2017-08-02;8,4;10;0;28,7;null;17,1;null;34;4;
2017-08-03;8;10,7;0;32,6;null;15,9;null;25;3;
2017-08-04;7,9;10,6;0;34,5;null;14;null;22;3;
2017-08-05;10,2;8,9;0;31,9;null;18,1;null;29;4;
2017-08-06;null;8;null;null;null;null;null;null;null;
2017-08-07;null;10,3;0;29,5;null;18,4;null;33;4,5;
2017-08-08;11,6;10,6;0;30,6;null;17;null;26;4;
2017-08-09;8,4;10,5;0;32,7;null;17,8;null;21;2;
2017-08-10;8,2;10,4;0;33,7;null;15,2;null;16;3;
2017-08-11;12,5;10,5;0;31,2;null;21,3;null;26;5;
2017-08-12;12,8;10,5;0;29,9;null;17,9;null;27;4;
2017-08-13;null;10,8;null;null;null;null;null;null;null;
2017-08-14;10,7;10,8;0;32,9;null;13,9;null;21;3;
2017-08-15;12,3;10,7;0;29,9;null;18,3;null;27;4;
2017-08-16;12,9;10,8;0;29,4;null;15,6;null;27;6;
2017-08-17;8,8;10,9;0;31,1;null;17,6;null;22;4;
2017-08-18;8,8;10,8;0;31,5;null;16,4;null;21;4;
2017-08-19;9,8;10,8;0;31;null;17,8;null;23;4,5;
2017-08-20;null;10,8;null;null;null;null;null;null;null;
2017-08-21;null;10,1;0;33,5;null;15,7;null;21;4;
2017-08-22;12,8;7,3;0;28,3;null;20,5;null;43;3,9;
2017-08-23;10;3,3;0;27;null;19,3;null;47;5,5;
2017-08-24;8,5;3,7;0;27,2;null;20;null;65;5;
2017-08-25;8,8;9,7;0;27,9;null;18,9;null;37;5;
2017-08-26;8,8;11;0;29,4;null;15,8;null;26;4;
2017-08-27;null;10,9;null;null;null;null;null;null;null;
2017-08-28;null;10,8;0;32,5;null;17,5;null;20;4;
2017-08-29;11;10,8;0;31,3;null;18,5;null;29;3,5;
2017-08-30;10,8;10,8;0;33,2;null;18,1;null;25;4;
2017-08-31;7,9;11,1;0;34,7;null;15,5;null;13;4;
2017-09-01;13,7;10,6;0;31,2;null;19,9;null;28;7;
2017-09-02;12,8;5;0;27,9;null;19,5;null;46;4;
2017-09-03;null;11,2;null;29,3;null;null;null;null;null;
2017-09-04;11,8;10,4;0;29;null;17,1;null;25;4;
2017-09-05;11,6;11,2;0;30,4;null;14,6;null;28;5;
2017-09-06;9,3;11,1;0;32;null;18,9;null;34;4;
2017-09-07;8,8;10;0;31,3;null;20,4;null;33;3;
2017-09-08;10,2;11,2;0;30,7;null;18,8;null;23;4;
2017-09-09;11,9;11,2;0;31;null;19,3;null;25;5,5;
2017-09-10;null;11,2;null;31,5;null;null;null;null;null;
2017-09-11;12,3;11,3;0;30,7;null;19;null;34;7;
2017-09-12;12,8;9,9;0;30,5;null;17,1;null;25;7,5;
2017-09-13;12,3;9,2;,1;29,7;null;18,3;null;29;7;
2017-09-14;12,1;9,1;0;30,3;null;19;null;32;4;
2017-09-15;10,1;11,3;0;31,5;null;18,6;null;22;4;
2017-09-16;13,8;10,8;0;30,1;null;16,8;null;29;5,5;
2017-09-17;null;11,2;null;30,8;null;null;null;null;null;
2017-09-18;12,4;10,3;0;31,2;null;16,8;null;26;5;
2017-09-19;11,6;8,8;0;30,1;null;18,7;null;35;5,5;
2017-09-20;12,4;10,8;0;31,1;null;19,6;null;25;5,5;
2017-09-21;12,8;4,5;0;29,3;null;20,1;null;36;5;
2017-09-22;13,4;5,4;0;28,7;null;18,1;null;32;6;
2017-09-23;12,7;5,7;0;29,8;null;19,4;null;32;5,5;
2017-09-24;10,4;null;null;30,3;null;null;null;null;null;
2017-09-25;13,4;11,1;0;30,5;null;19,5;null;25;5;
2017-09-26;14;8,9;0;30,9;null;19,5;null;30;4,5;
2017-09-27;12,1;5,1;0;31,2;null;20,4;null;37;4;
2017-09-28;8,7;9,1;0;34,3;null;21,9;null;28;5;
2017-09-29;11,7;10,4;0;34,8;null;22,3;null;16;5;
2017-09-30;13,1;9,7;0;33,7;null;21,7;null;29;3;
2017-10-01;,4;3,4;null;null;null;null;null;null;null;
2017-10-02;11,3;10,5;0;36,4;null;23;null;19;5,5;
2017-10-03;12,6;9,8;0;35,9;null;22,2;null;25;2;
2017-10-04;10,3;10,3;0;34,2;null;23,1;null;25;7;
2017-10-05;14,2;10,1;0;32,6;null;21,3;null;26;7;
2017-10-06;14,3;11,1;0;35,7;null;20,8;null;29;6;
2017-10-07;14;11,1;0;31,3;null;21,3;null;31;4;
2017-10-08;null;null;null;null;null;null;null;null;null;
2017-10-09;null;null;null;null;null;null;null;null;null;
2017-10-10;null;null;null;null;null;null;null;null;null;
2017-10-11;null;null;null;null;null;null;null;null;null;
2017-10-12;null;null;null;null;null;null;null;null;null;
2017-10-13;null;null;null;null;null;null;null;null;null;
2017-10-14;null;null;null;null;null;null;null;null;null;
2017-10-15;null;null;null;null;null;null;null;null;null;
2017-10-16;null;null;null;null;null;null;null;null;null;
2017-10-17;null;null;null;null;null;null;null;null;null;
2017-10-18;null;null;null;null;null;null;null;null;null;
2017-10-19;null;null;0;32,8;null;24,4;null;29;4;
2017-10-20;10,5;8,8;0;35,6;null;22,3;null;21;3;
2017-10-21;15,4;11;0;36,6;null;24,1;null;22;6,5;
2017-10-22;11,4;9,7;null;37,3;null;null;null;null;null;
2017-10-23;14,2;7,9;0;36,7;null;22;null;13;5;
2017-10-24;15,7;10,2;0;34,1;null;21,2;null;24;5;
2017-10-25;13,9;11;0;34,2;null;21,3;null;24;6,1;
2017-10-26;15,1;9,8;0;34,4;null;20,9;null;29;5,5;
2017-10-27;12,8;10,5;0;37;null;23;null;22;3;
2017-10-28;13,8;6;0;35,9;null;24,7;null;47;3;
2017-10-29;7,3;7,7;null;36,3;null;null;null;null;null;
2017-10-30;9;0;0;28,8;null;22,1;null;47;4;
2017-10-31;7,1;7,7;0;35,9;null;23,3;null;26;2;
2017-11-01;9,4;1;,1;30,6;null;20,6;null;55;2,5;
2017-11-02;7,9;,1;0;28;null;23,4;null;54;5;
2017-11-03;9,8;6;0;30,3;null;22,6;null;40;5;
2017-11-04;12,8;10,4;0;33,8;null;21,8;null;32;4;
2017-11-05;9,2;2,4;null;33,9;null;null;null;null;null;
2017-11-06;9,8;1,7;0;32,5;null;24,3;null;64;2;
2017-11-07;3,4;,6;13,8;24,9;null;21,3;null;68;4;
2017-11-08;5;,7;,3;29;null;21,5;null;54;4;
2017-11-09;6,4;2,1;0;30,1;null;22,3;null;47;3,5;
2017-11-10;10;,9;0;30,7;null;23,3;null;46;3;
2017-11-11;9;5,2;0;35,5;null;22,7;null;34;3;
2017-11-12;5,6;2,3;null;35,4;null;null;null;null;null;
2017-11-13;3,4;5,1;null;33,6;null;21,9;null;57;5;
2017-11-14;3,8;7;,5;31,3;null;22,8;null;44;4;
2017-11-15;7,2;4,9;0;30;null;21,8;null;32;6;
2017-11-16;9,4;9,3;0;31,9;null;21,3;null;36;5;
2017-11-17;10,3;8,7;0;33,2;null;21,4;null;35;4,5;
2017-11-18;10;8,1;0;33,9;null;22,1;null;34;2;
2017-11-19;6,4;7,9;null;34,7;null;null;null;null;null;
2017-11-20;8,4;6,1;0;34,2;null;23,2;null;36;2;
2017-11-21;5,6;7,3;20,2;34,4;null;22,7;null;36;3,5;
2017-11-22;8,5;8,9;0;34,5;null;22,5;null;34;2,5;
2017-11-23;6,6;7,9;0;36,7;null;23,5;null;31;3;
2017-11-24;7,4;8,3;33,2;32,6;null;22,7;null;39;4;
2017-11-25;11,3;10,9;0;33,1;null;22,4;null;30;6;
2017-11-26;9,4;10;null;32,9;null;null;null;null;null;
2017-11-27;13;11,9;0;34,4;null;21,5;null;29;3;
2017-11-28;11,5;11,1;0;34,9;null;22,3;null;23;4;
2017-11-29;12,7;6,3;0;34,5;null;21,8;null;29;2;
2017-11-30;9,9;4;0;30,5;null;23,9;null;54;4;
2017-12-01;4;1,9;6,8;29,5;null;22,3;null;68;2;
2017-12-02;1,3;0;38,6;23,3;null;21,3;null;90;2;
2017-12-03;2;3,3;null;30,3;null;null;null;null;null;
2017-12-04;1,5;7,8;0;33,5;null;21,7;null;48;2,5;
2017-12-05;4,6;3,3;0;34,9;null;24,3;null;56;3;
2017-12-06;3,4;3,3;8,5;31,5;null;24,1;null;62;3;
2017-12-07;3,6;2,1;2,1;31,1;null;22,9;null;55;2;
2017-12-08;2,1;0;11,6;26,1;null;21,7;null;72;3;
2017-12-09;1,3;2,7;3,5;30,6;null;21,5;null;61;2;
2017-12-10;1,3;null;null;null;null;null;null;null;null;
2017-12-11;3,5;null;null;24,3;null;21,8;null;85;3;
2017-12-12;1,4;2;5,4;29,1;null;21,3;null;64;2;
2017-12-13;1,8;,3;10,8;27;null;21,5;null;78;1;
2017-12-14;1,7;0;6,2;25,7;null;21,7;null;61;2;
2017-12-15;4,5;1,4;0;27,3;null;21,3;null;60;2;
2017-12-16;4,7;6,4;0;30,2;null;19,8;null;42;4;
2017-12-17;4,8;7,7;null;31,1;null;null;null;null;null;
2017-12-18;8,9;6,2;0;30,6;null;21,4;null;49;4,5;
2017-12-19;7,3;10,4;0;32,2;null;22,5;null;37;4;
2017-12-20;8,4;10,9;0;31,2;null;21,9;null;38;4;
2017-12-21;null;null;null;null;null;null;null;null;null;
2017-12-22;null;null;null;null;null;null;null;null;null;
2017-12-23;null;null;null;null;null;null;null;null;null;
2017-12-24;null;null;null;null;null;null;null;null;null;
2017-12-25;null;null;null;null;null;null;null;null;null;
2017-12-26;null;null;null;null;null;null;null;null;null;
2017-12-27;null;null;null;null;null;null;null;null;null;
2017-12-28;null;null;null;null;null;null;null;null;null;
2017-12-29;null;null;null;null;null;null;null;null;null;
2017-12-30;null;null;null;null;null;null;null;null;null;
2017-12-31;null;null;null;null;null;null;null;null;null;
2018-01-01;null;null;0;null;null;28,6;null;51;3;
2018-01-02;null;3,5;15,1;33,6;null;23;null;64;2;
2018-01-03;3,4;1,4;0;32,7;null;22,8;null;73;1,5;
2018-01-04;1,7;,6;6,6;29,9;null;22,5;null;60;1,5;
2018-01-05;3,4;9,4;0;31,9;null;22,5;null;40;3;
2018-01-06;6,8;12;0;31,4;null;20,7;null;44;4;
2018-01-07;null;null;null;null;null;null;null;null;null;
2018-01-08;null;12;0;32,6;null;20;null;31;5;
2018-01-09;11,6;10,4;0;33,6;null;21,5;null;33;4;
2018-01-10;12,4;5,2;0;29,2;null;21,7;null;67;2;
2018-01-11;5,1;11,8;2,1;31,6;null;20,1;null;37;5;
2018-01-12;11;10;0;33,6;null;22,2;null;35;2;
2018-01-13;7,8;9,9;0;33,7;null;23;null;37;4;
2018-01-14;null;null;null;null;null;null;null;null;null;
2018-01-15;null;null;0;null;null;null;null;33;4;
2018-01-16;null;12;0;34,2;null;22,3;null;22;3;
2018-01-17;null;11;0;33;null;21,3;null;32;7;
2018-01-18;15,8;11,2;0;32,2;null;21;null;38;7,5;
2018-01-19;12,6;10,6;0;34,3;null;22,9;null;25;5;
2018-01-20;14,4;8;0;34,5;null;23;null;28;3;
2018-01-21;null;null;null;null;null;null;null;null;null;
2018-01-22;null;null;0;35,4;null;22,7;null;22;5;
2018-01-23;null;11,5;0;34,9;null;22,6;null;30;4;
2018-01-24;14,2;null;0;35;null;22,5;null;26;4;
2018-01-25;12,9;7,2;0;33;null;22,8;null;38;4;
2018-01-26;9,4;4,9;,4;30,5;null;23;null;63;2,5;
2018-01-27;12,4;6,3;7,1;32,1;null;21,3;null;61;4;
2018-01-28;null;null;,5;null;null;null;null;null;null;
2018-01-29;null;8,8;0;null;null;26,3;null;38;2;
2018-01-30;null;6,9;0;34,4;null;23,2;null;42;2;
2018-01-31;5,6;0;5,8;26,3;null;21,5;null;67;2;
2018-02-01;1,3;,3;4,4;27,1;null;21,6;null;73;1;
2018-02-02;1,5;6,5;8,6;32,3;null;20,9;null;52;2,5;
2018-02-03;3,8;0;22,4;23,6;null;21,6;null;93;1;
2018-02-04;null;null;null;null;null;null;null;null;null;
2018-02-05;null;,2;null;26,8;null;20,9;null;93;2;
2018-02-06;,7;7,2;5,4;29,6;null;20,7;null;65;2;
2018-02-07;2,3;2,4;7,8;29,7;null;21,3;null;69;2;
2018-02-08;1,7;9,1;7,5;32,1;null;22,1;null;63;2;
2018-02-09;3,6;6,2;0;30,8;null;23,4;null;51;4;
2018-02-10;3,5;11,3;,2;31,5;null;22,1;null;38;4;
2018-02-11;null;null;null;null;null;null;null;null;null;
2018-02-12;null;null;0;32,1;null;25,5;null;39;3;
2018-02-13;6,2;11,2;0;32,7;null;20,3;null;30;4;
2018-02-14;8,9;9,9;0;31,6;null;22,2;null;44;5;
2018-02-15;8,7;10,4;0;31,9;null;21,5;null;46;3;
2018-02-16;8,8;9,4;0;30,3;null;22,2;null;50;4;
2018-02-17;7,2;5,8;1,1;29,5;null;21,9;null;55;5;
2018-02-18;null;null;null;null;null;null;null;null;null;
2018-02-19;null;10,9;0;33,3;null;null;null;45;3;
2018-02-20;6,2;6,9;0;31,5;null;23,7;null;50;3;
2018-02-21;4,5;8,4;0;34;null;22,9;null;46;2;
2018-02-22;4,8;6,4;,1;31,5;null;22,1;null;61;2;
2018-02-23;3;5,9;0;30,8;null;21,4;null;58;2;
2018-02-24;3,8;9,1;0;30,8;null;22,8;null;58;2;
2018-02-25;null;null;null;null;null;null;null;null;null;
2018-02-26;null;9;null;31,9;null;25,9;null;48;2;
2018-02-27;4,9;10,8;0;32,4;null;21,3;null;40;4;
2018-02-28;6,5;10,3;0;32,9;null;21,5;null;40;3;
2018-03-01;6,2;10,8;0;33,2;null;19,5;null;39;3;
2018-03-02;7,9;10,6;0;34,9;null;20,3;null;32;3;
2018-03-03;7;10,6;0;34,8;null;18;null;34;2;
2018-03-04;null;null;null;null;null;null;null;null;null;
2018-03-05;null;1,6;0;32,8;null;null;null;64;2;
2018-03-06;2,3;7,6;4,6;34,6;null;23,6;null;43;2;
2018-03-07;4,7;2,2;0;31,2;null;23,2;null;75;1;
2018-03-08;2,4;,6;20,2;26,9;null;21,8;null;78;2;
2018-03-09;1,1;4,9;11,6;30,1;null;21,8;null;62;2,5;
2018-03-10;2,3;4,1;,2;26,3;null;22,6;null;77;3;
2018-03-11;null;null;null;null;null;null;null;null;null;
2018-03-12;null;3,4;null;29,4;null;23,5;null;89;2;
2018-03-13;1,1;4,2;22,5;28,1;null;22,4;null;84;1;
2018-03-14;1,3;10,5;20,3;32,4;null;21,7;null;56;2;
2018-03-15;2,5;10,2;,2;32,5;null;22,9;null;43;4;
2018-03-16;5;11,2;0;33,1;null;21,2;null;46;3;
2018-03-17;4,4;10,7;0;32,8;null;20,4;null;43;2;
2018-03-18;null;null;null;null;null;null;null;null;null;
2018-03-19;null;9,5;0;32,4;null;null;null;49;2;
2018-03-20;3,6;11;0;32,4;null;20,5;null;43;2;
2018-03-21;4,3;10,1;0;31,3;null;20,3;null;52;2;
2018-03-22;3,6;8,7;0;33,4;null;20,3;null;40;2;
2018-03-23;5;7,1;0;30,8;null;23,5;null;44;4;
2018-03-24;8,4;10,5;0;30,9;null;21,9;null;49;4;
2018-03-25;null;null;null;null;null;null;null;null;null;
2018-03-26;null;null;null;29,3;null;24,5;null;53;3;
2018-03-27;5,3;10,3;0;30,3;null;21,3;null;46;4;
2018-03-28;6,4;6,5;0;29,1;null;19,9;null;53;2;
2018-03-29;4,9;9,1;,6;31,3;null;20,9;null;53;3;
2018-03-30;7,8;10;,2;31,1;null;21;null;44;3;
2018-03-31;7,1;null;,2;31,9;null;22,7;null;44;3;
2018-04-01;null;null;null;null;null;null;null;null;null;
2018-04-02;null;10,1;0;32,8;null;null;null;43;3;
2018-04-03;5,2;10,5;0;33,4;null;19,4;null;38;2;
2018-04-04;5,1;8,8;0;34,8;null;20;null;41;2;
2018-04-05;6;9,6;0;34;null;22,4;null;43;3;
2018-04-06;6;3;0;29,5;null;22,7;null;51;2;
2018-04-07;3,8;10,7;0;32,8;null;19,7;null;37;4;
2018-04-08;null;null;null;null;null;null;null;null;null;
2018-04-09;null;null;0;29,8;null;24,3;null;45;3;
2018-04-10;6,4;8;0;30,7;null;22,2;null;52;4;
2018-04-11;6;9,2;1,1;30,2;null;20,3;null;43;2;
2018-04-12;9,1;6,3;0;30,5;null;21,4;null;47;5;
2018-04-13;6,9;,7;,7;28,9;null;21,4;null;54;4;
2018-04-14;5,6;5;0;30,4;null;21,1;null;46;2;
2018-04-15;null;null;null;null;null;null;null;null;null;
2018-04-16;null;,2;0;32,2;null;null;null;35;3;
2018-04-17;8,2;,1;,2;27,2;null;21,8;null;52;5;
2018-04-18;6,8;5,1;0;28,4;null;19,3;null;49;5;
2018-04-19;7,4;7,5;0;29,4;null;20,3;null;47;4;
2018-04-20;5,5;9,9;0;32,6;null;18;null;41;2,5;
2018-04-21;6,7;7,1;0;31,1;null;21,9;null;49;3;
2018-04-22;null;null;null;null;null;null;null;null;null;
2018-04-23;null;null;0;30,8;null;24,6;null;52;4;
2018-04-24;7,8;10,1;0;31,2;null;21,3;null;50;5,5;
2018-04-25;8,6;10,6;0;32,6;null;21,2;null;50;4;
2018-04-26;7,9;8,4;0;32,6;null;22,5;null;49;3;
2018-04-27;7,6;6,7;0;31,8;null;22,3;null;54;3;
2018-04-28;8;8,5;0;32,2;null;22,4;null;50;4;
2018-04-29;null;null;null;null;null;null;null;null;null;
2018-04-30;null;null;0;29,8;null;23,7;null;59;4;
2018-05-01;6,1;9,9;0;32,3;null;18,8;null;48;4,5;
2018-05-02;5,9;8,8;0;32;null;19,5;null;53;3;
2018-05-03;7,4;4,1;0;29,6;null;22,5;null;60;4;
2018-05-04;6,1;9,5;0;33,1;null;20,3;null;49;2;
2018-05-05;7,9;6,6;0;33,1;null;17,7;null;51;4;
2018-05-06;null;null;null;null;null;null;null;null;null;
2018-05-07;null;null;0;31,6;null;24,5;null;53;3;
2018-05-08;9,6;9,8;0;31;null;20,1;null;50;2;
2018-05-09;7,8;9,5;0;31;null;17,1;null;57;3;
2018-05-10;9,4;8,1;0;28,7;null;18,1;null;52;4;
2018-05-11;6,7;10,4;0;32,3;null;17,7;null;40;3;
2018-05-12;6,8;10;0;32,5;null;18,7;null;40;2;
2018-05-13;null;null;null;null;null;null;null;null;null;
2018-05-14;null;9,1;0;30,9;null;26;null;43;5;
2018-05-15;10,1;,7;0;28,9;null;22;null;50;4;
2018-05-16;6,7;9,9;0;31,5;null;19,3;null;45;3;
2018-05-17;6,4;10,1;0;33,2;null;18,4;null;47;2;
2018-05-18;8,6;9,7;0;32,6;null;22,1;null;35;5;
2018-05-19;11;9,9;0;32,6;null;21,3;null;39;3,5;
2018-05-20;null;null;null;null;null;null;null;null;null;
2018-05-21;null;null;0;33,1;null;27,1;null;46;2;
2018-05-22;6;9,3;,1;31;null;23,1;null;44;5;
2018-05-23;8,1;7,7;0;31,3;null;21,7;null;49;4;
2018-05-24;6;2,6;,5;27,5;null;19,7;null;54;3;
2018-05-25;4,6;10,3;,4;29,4;null;18,7;null;36;4;
2018-05-26;8,7;9,6;0;29,3;null;16,8;null;49;4;
2018-05-27;null;null;null;null;null;null;null;null;null;
2018-05-28;null;null;0;27,1;null;23,1;null;48;4;
2018-05-29;9,2;10,2;0;28;null;19,4;null;42;6;
2018-05-30;8,8;10;0;29,4;null;15,7;null;33;2;
2018-05-31;8,7;9,3;0;29,9;null;18,2;null;30;2;
2018-06-01;7,9;9,7;0;30,6;null;16,1;null;40;3;
2018-06-02;6,8;4;0;28,8;null;17,1;null;57;3;
2018-06-03;null;null;null;null;null;null;null;null;null;
2018-06-04;null;null;0;30;null;26;null;42;3;
2018-06-05;null;8,7;0;28,8;null;20,3;null;46;4,5;
2018-06-06;7;9,7;0;31;null;19,6;null;42;3;
2018-06-07;5,2;9,7;0;33,3;24,3;17,1;62,8;34;2;
2018-06-08;6,6;9;0;34,9;null;17,8;null;35;2;
2018-06-09;8,1;6,8;0;31,1;null;21,4;null;37;6;
2018-06-10;null;null;null;null;null;null;null;null;null;
2018-06-11;null;null;0;29;null;22,7;null;46;4;
2018-06-12;null;10,1;0;30,7;null;20,3;null;37;2;
2018-06-13;7,5;null;0;31,4;null;18,7;null;33;2;
2018-06-14;9,5;10,2;0;31,6;null;17;null;23;3;
2018-06-15;9,9;10,4;0;29,7;null;16,9;null;36;4;
2018-06-16;7,8;10,3;0;30,1;null;14,3;null;29;3;
2018-06-17;null;null;null;null;null;null;null;null;null;
2018-06-18;null;null;0;29,4;null;20,6;null;33;4,5;
2018-06-19;null;9,7;0;28,8;null;19;null;33;5;
2018-06-20;10,9;2,9;0;26,5;null;19,7;null;59;4;
2018-06-21;6,3;8,9;0;29,8;null;18,7;null;34;4;
2018-06-22;7,2;10,4;0;29,7;null;16;null;33;3;
2018-06-23;6,9;10,2;0;28,6;null;15,1;null;42;3;
2018-06-24;null;null;null;null;null;null;null;null;null;
2018-06-25;null;null;0;30;null;23,1;null;33;6;
2018-06-26;null;9,5;0;29,3;null;19;null;36;3;
2018-06-27;9,1;10,4;0;29,8;null;19,3;null;31;5;
2018-06-28;7,8;10,5;0;29,9;null;15,7;null;27;4;
2018-06-29;9,4;10,3;0;30,1;null;15,9;null;33;5;
2018-06-30;9,6;8,8;0;29,4;null;20;null;40;4;
2018-07-01;null;null;null;30,3;null;null;null;null;null;
2018-07-02;null;null;0;30,3;null;22,7;null;39;4;
2018-07-03;7,7;6;0;29,3;null;18,3;null;36;2;
2018-07-04;7,4;10,5;0;30,1;null;17,8;null;20;4;
2018-07-05;10,3;10;0;29,2;null;15,9;null;35;3;
2018-07-06;7,4;10,3;0;29,2;null;16,6;null;37;3;
2018-07-07;6,9;10,4;0;30,6;null;15,2;null;32;4;
2018-07-08;null;null;null;null;null;null;null;null;null;
2018-07-09;null;null;0;31,1;null;21,6;null;40;4;
2018-07-10;7,8;10,4;0;31,7;null;14,7;null;25;5;
2018-07-11;10,1;10,5;0;32,5;null;12,7;null;27;2;
2018-07-12;9,4;10,2;0;31,4;null;15,7;null;28;3,5;
2018-07-13;10,5;9,6;0;30,1;null;19,3;null;35;4;
2018-07-14;10,3;10,2;0;29,9;null;16,5;null;29;5;
2018-07-15;null;null;null;null;null;null;null;null;null;
2018-07-16;null;null;0;29,1;null;22,3;null;33;4;
2018-07-17;10,7;5,7;0;28,7;null;16,5;null;44;5;
2018-07-18;8,3;8,2;0;28,8;null;16,8;null;31;4;
2018-07-19;9,2;10,2;0;29,3;null;18,7;null;35;4;
2018-07-20;8,2;7;0;29,4;null;16,9;null;42;3;
2018-07-21;5,6;10,4;0;29,5;null;14,9;null;31;3;
2018-07-22;null;null;null;null;null;null;null;null;null;
2018-07-23;null;null;null;null;null;null;null;null;null;
2018-07-24;null;null;null;null;null;null;null;null;null;
2018-07-25;null;null;null;null;null;null;null;null;null;
2018-07-26;null;null;null;null;null;null;null;null;null;
2018-07-27;null;null;null;null;null;null;null;null;null;
2018-07-28;null;null;null;null;null;null;null;null;null;
2018-07-29;null;null;null;null;null;null;null;null;null;
2018-07-30;null;null;null;null;null;null;null;null;null;
2018-07-31;null;null;null;null;null;null;null;null;null;
2018-08-01;null;null;null;null;null;null;null;null;null;
2018-08-02;10,7;null;0;32,7;null;20,4;null;32;4;
2018-08-03;11,2;9,8;0;32,4;null;20,6;null;27;4;
2018-08-04;10,3;9,7;0;33,3;null;19,4;null;36;3;
2018-08-05;null;null;null;null;null;null;null;null;null;
2018-08-06;null;null;0;34,2;null;27,7;null;27;2;
2018-08-07;12,3;9,6;0;33,5;null;21,7;null;27;4;
2018-08-08;14,5;10,1;0;32,2;null;21,4;null;30;6;
2018-08-09;11,4;9,4;0;32,6;null;20,3;null;35;3;
2018-08-10;5,5;8,4;0;35;null;17,9;null;30;2;
2018-08-11;9,3;7;0;35;null;19,3;null;30;2;
2018-08-12;null;null;null;null;null;null;null;null;null;
2018-08-13;null;null;0;32,7;null;25,3;null;35;5;
2018-08-14;8,7;9,9;0;33;null;22,2;null;33;3;
2018-08-15;9,3;10,4;0;33;null;21,5;null;33;3,5;
2018-08-16;9,3;8,3;0;31,8;null;21,5;null;31;5;
2018-08-17;10,3;,1;0;28,9;null;22,6;null;43;2;
2018-08-18;4,9;3,9;,6;28,4;null;20,1;null;40;4,5;
2018-08-19;null;null;null;null;null;null;null;null;null;
2018-08-20;null;null;0;31,1;null;23;null;32;5;
2018-08-21;11;9,2;0;30,8;null;20,7;null;40;3;
2018-08-22;10;9,5;0;31,2;null;20,7;null;34;5,5;
2018-08-23;12,7;9,9;0;32;null;20,5;null;27;5;
2018-08-24;13;10,2;0;31,8;null;20,7;null;31;4;
2018-08-25;12,1;10,7;0;32,6;null;19,7;null;35;3,5;
2018-08-26;null;null;null;null;null;null;null;null;null;
2018-08-27;null;null;0;31,5;null;24,1;null;26;4;
2018-08-28;12,8;5,6;0;30,3;null;19,4;null;32;5;
2018-08-29;12;10;0;30,2;null;19,7;null;30;6;
2018-08-30;12,1;9,3;0;29,9;null;18,9;null;31;4;
2018-08-31;11,4;10,4;0;29,9;null;19,3;null;31;4;
2018-09-01;9,8;10,8;0;31,9;null;19;null;29;4,5;
2018-09-02;null;null;null;null;null;null;null;null;null;
2018-09-03;null;null;0;34,7;null;24,6;null;21;3;
2018-09-04;9,1;10,5;0;35,9;null;16,1;null;21;3;
2018-09-05;9,8;9,9;0;35,8;null;18,5;null;28;2;
2018-09-06;10,5;10,2;0;31,8;null;23,1;null;35;6,5;
2018-09-07;13,5;10,2;0;30,6;null;21;null;30;4,5;
2018-09-08;11,2;11;0;30,6;null;18,9;null;32;5,5;
2018-09-09;null;null;null;null;null;null;null;null;null;
2018-09-10;null;null;0;31,5;null;23,8;null;30;3;
2018-09-11;10,7;10,2;0;33,5;null;20,3;null;28;4;
2018-09-12;11,3;6,8;0;33,1;null;21,2;null;23;3;
2018-09-13;11,6;8,4;0;29,4;null;20,8;null;38;6;
2018-09-14;12,4;10;0;31,9;null;19,9;null;29;3;
2018-09-15;10,4;8,5;0;33,2;null;19,4;null;38;3;
2018-09-16;null;null;null;null;null;null;null;null;null;
2018-09-17;null;null;0;36,4;null;null;null;28;4,5;
2018-09-18;10,6;8,3;0;35,6;null;23,4;null;32;2,5;
2018-09-19;10,8;1;null;30,8;null;23,8;null;44;4;
2018-09-20;8,7;10,8;0;35,1;null;22,1;null;23;3;
2018-09-21;12,7;10,6;0;36,3;null;22,1;null;30;3;
2018-09-22;8,6;9,6;0;36,6;null;23,3;null;26;4;
2018-09-23;null;null;null;null;null;null;null;null;null;
2018-09-24;null;null;0;35,9;null;26;null;25;4;
2018-09-25;13,3;11;0;34,1;null;22;null;24;4,5;
2018-09-26;14,1;11,1;0;33,5;null;21,2;null;22;4;
2018-09-27;13,7;10,9;0;34,5;null;21,2;null;26;4,5;
2018-09-28;10,5;10,9;0;36,8;null;22,5;null;21;3;
2018-09-29;13;10,9;0;37,2;null;21,4;null;20;4;
2018-09-30;null;null;null;null;null;null;null;null;null;
2018-10-01;null;null;0;34,5;null;26,6;null;24;4;
2018-10-02;12,9;9,2;0;34,4;null;21,8;null;27;4;
2018-10-03;12,1;9,4;0;35,3;null;22,3;null;32;3;
2018-10-04;11,1;10,3;0;38,3;null;24,4;null;19;2,5;
2018-10-05;15,7;9,9;0;36,1;null;23,2;null;24;5;
2018-10-06;12,8;10,7;0;34,7;null;22,8;null;23;4,5;
2018-10-07;null;null;null;null;null;null;null;null;null;
2018-10-08;null;null;null;null;null;null;null;null;null;
2018-10-09;null;null;null;null;null;null;null;null;null;
2018-10-10;null;null;null;null;null;null;null;null;null;
2018-10-11;null;null;null;null;null;null;null;null;null;
2018-10-12;null;null;null;null;null;null;null;null;null;
2018-10-13;null;null;null;null;null;null;null;null;null;
2018-10-14;null;null;null;null;null;null;null;null;null;
2018-10-15;null;null;null;null;null;null;null;null;null;
2018-10-16;null;null;null;null;null;null;null;null;null;
2018-10-17;null;null;null;null;null;null;null;null;null;
2018-10-18;null;null;0;35,6;null;null;null;29;4,5;
2018-10-19;10,5;1,5;0;35,1;null;23,1;null;35;1;
2018-10-20;8,1;3,6;1,4;35,3;null;24;null;38;2,5;
2018-10-21;null;null;null;null;null;null;null;null;null;
2018-10-22;null;null;null;26,6;null;21,3;null;60;4;
2018-10-23;6,7;10,6;0;31,6;null;20,8;null;48;4;
2018-10-24;7,6;8,1;0;35,6;null;23;null;34;2;
2018-10-25;9,2;6,2;0;33,3;null;24,2;null;44;4;
2018-10-26;6,8;6,8;0;35;null;25;null;39;2;
2018-10-27;4,6;3,6;3,6;33,8;null;23,3;null;43;2;
2018-10-28;null;null;null;null;null;null;null;null;null;
2018-10-29;null;null;15,9;33,9;null;28,2;null;42;3;
2018-10-30;4,2;4,9;56,1;30,2;null;20,9;null;57;3;
2018-10-31;5,6;6,4;0;32,2;null;23,2;null;46;3;
2018-11-01;6,8;5,9;0;32,5;null;23,3;null;46;4;
2018-11-02;null;null;null;null;null;null;null;null;null;
2018-11-03;null;null;null;null;null;null;null;null;null;
2018-11-04;null;null;null;null;null;null;null;null;null;
2018-11-05;null;null;64;32,1;null;26,3;null;67;1;
2018-11-06;4,3;3,4;,4;29,8;null;22,3;null;53;5;
2018-11-07;7,8;2,5;0;29,8;null;22,1;null;53;4;
2018-11-08;7,5;10;0;31,7;null;22,7;null;45;5;
2018-11-09;8,4;,2;1,4;27,9;null;21,9;null;65;3;
2018-11-10;null;null;null;null;null;null;null;null;null;
2018-11-11;null;null;null;null;null;null;null;null;null;
2018-11-12;null;null;26;30,5;null;25,1;null;56;3;
2018-11-13;3;8,6;9,6;31,3;null;20,6;null;49;3;
2018-11-14;5,9;11,1;0;30,5;null;22,9;null;52;3;
2018-11-15;null;null;null;null;null;null;null;null;null;
2018-11-16;null;8,4;0;29,7;null;22,3;null;53;4;
2018-11-17;null;null;null;null;null;null;null;null;null;
2018-11-18;null;null;null;null;null;null;null;null;null;
2018-11-19;null;null;0;31,4;null;26;null;41;3;
2018-11-20;6,9;7,5;0;32;null;18,9;null;42;4;
2018-11-21;8,6;9,5;0;32,2;null;22,3;null;41;5;
2018-11-22;10,1;6,7;0;31,2;null;23,2;null;44;5;
2018-11-23;9,8;10,7;0;31,6;null;21,8;null;36;4;
2018-11-24;null;null;null;null;null;null;null;null;null;
2018-11-25;null;null;null;null;null;null;null;null;null;
2018-11-26;null;null;19,2;27,8;null;23,1;null;61;4;
2018-11-27;5,7;9;0;28,9;null;20,7;null;53;6;
2018-11-28;6,3;10;0;30;null;20,2;null;54;5,5;
2018-11-29;7,2;12;0;30,8;null;21,2;null;45;4,5;
2018-11-30;5,3;10;0;31,8;null;21;null;52;3;
2018-12-01;null;null;null;null;null;null;null;null;null;
2018-12-02;null;null;null;null;null;null;null;null;null;
2018-12-03;null;null;45,7;28,5;null;24,2;null;81;2;
2018-12-04;1;0;91,8;24,2;null;20,8;null;95;2;
2018-12-05;,6;3,1;10,4;28,9;null;21,5;null;77;3;
2018-12-06;1,4;3,5;0;29,3;null;21,7;null;75;2;
2018-12-07;1,1;9,2;,9;30,5;null;21,4;null;59;2;
2018-12-08;null;null;1,2;null;null;null;null;null;null;
2018-12-09;null;null;null;null;null;null;null;null;null;
2018-12-10;null;null;128,4;24,2;null;23;null;74;2;
2018-12-11;1,8;4,4;,2;28;null;20,1;null;62;4;
2018-12-12;5,9;6,7;0;29,5;null;22,3;null;48;5;
2018-12-13;6,2;11;0;30,1;null;19,6;null;45;4;
2018-12-14;6,1;11,3;0;30,5;null;19,3;null;48;3;
2018-12-15;null;null;null;null;null;null;null;null;null;
2018-12-16;null;null;null;null;null;null;null;null;null;
2018-12-17;null;null;0;30,6;null;24,8;null;47;4;
2018-12-18;5;12,1;0;33,5;null;18;null;38;2;
2018-12-19;4,2;12;0;33,3;null;19,1;null;36;2;
2018-12-20;4;11,9;0;33,3;null;19,1;null;39;1;
2018-12-21;4,1;10,7;0;34,4;null;17,8;null;42;1,1;
2018-12-22;null;null;null;null;null;null;null;null;null;
2018-12-23;null;null;null;null;null;null;null;null;null;
2018-12-24;null;null;null;null;null;null;null;null;null;
2018-12-25;null;null;null;null;null;null;null;null;null;
2018-12-26;null;null;null;null;null;null;null;null;null;
2018-12-27;null;null;null;null;null;null;null;null;null;
2018-12-28;null;null;null;null;null;null;null;null;null;
2018-12-29;null;null;null;null;null;null;null;null;null;
2018-12-30;null;null;null;null;null;null;null;null;null;
2018-12-31;null;null;null;null;null;null;null;null;null;
2019-01-01;null;null;null;null;null;null;null;null;null;
2019-01-02;null;null;null;null;null;null;null;null;null;
2019-01-03;null;null;null;33,6;null;26,8;null;34;3;
2019-01-04;7,3;9,5;0;34,4;null;19;null;36;2;
2019-01-05;null;null;null;null;null;null;null;null;null;
2019-01-06;null;null;null;null;null;null;null;null;null;
2019-01-07;null;null;6,6;32,3;null;null;null;42;4;
2019-01-08;7,7;7;0;30,7;null;22;null;47;3;
2019-01-09;7,1;9;0;30,1;null;20,1;null;47;5;
2019-01-10;null;null;null;null;null;null;null;null;null;
2019-01-11;null;null;null;null;null;null;null;null;null;
2019-01-12;null;null;null;null;null;null;null;null;null;
2019-01-13;null;null;null;null;null;null;null;null;null;
2019-01-14;null;null;null;null;null;null;null;null;null;
2019-01-15;null;null;null;null;null;null;null;null;null;
2019-01-16;null;null;null;null;null;null;null;null;null;
2019-01-17;null;null;null;null;null;null;null;null;null;
2019-01-18;null;null;null;null;null;null;null;null;null;
2019-01-19;null;null;null;null;null;null;null;null;null;
2019-01-20;null;null;null;null;null;null;null;null;null;
2019-01-21;null;null;null;null;null;null;null;null;null;
2019-01-22;null;null;null;null;null;null;null;null;null;
2019-01-23;null;null;null;null;null;null;null;null;null;
2019-01-24;null;null;null;null;null;null;null;null;null;
2019-01-25;null;null;null;null;null;null;null;null;null;
2019-01-26;null;null;null;null;null;null;null;null;null;
2019-01-27;null;null;null;null;null;null;null;null;null;
2019-01-28;null;null;null;null;null;null;null;null;null;
2019-01-29;null;null;null;null;null;null;null;null;null;
2019-01-30;null;null;null;null;null;null;null;null;null;
2019-01-31;null;null;null;null;null;null;null;null;null;
2019-02-01;null;null;null;null;null;null;null;null;null;
2019-02-02;null;null;null;null;null;null;null;null;null;
2019-02-03;null;null;null;null;null;null;null;null;null;
2019-02-04;null;null;0;37,8;null;null;null;32;2;
2019-02-05;7,6;5,4;0;34,8;null;22,5;null;60;2;
2019-02-06;2,6;3,6;22;32,6;null;21,6;null;57;3;
2019-02-07;3,5;2,7;,3;32;null;22,1;null;74;2;
2019-02-08;2,7;7,9;,8;32,6;null;22;null;57;3;
2019-02-09;null;null;null;null;null;null;null;null;null;
2019-02-10;null;null;null;null;null;null;null;null;null;
2019-02-11;null;null;0;34,8;null;27,4;null;25;4;
2019-02-12;11,3;11,2;0;35,5;null;21,5;null;27;3;
2019-02-13;9,8;11,2;0;37,6;null;20,1;null;24;2;
2019-02-14;9,5;11;0;36,8;null;22;null;33;3;
2019-02-15;7,2;2,6;18,8;28,8;null;22,1;null;72;2;
2019-02-16;null;null;null;null;null;null;null;null;null;
2019-02-17;null;null;null;null;null;null;null;null;null;
2019-02-18;null;null;15,8;28;null;25,1;null;74;2;
2019-02-19;1,6;9,8;,2;33,4;null;21,3;null;52;2;
2019-02-20;4,4;8,8;0;34,7;null;22,3;null;51;2;
2019-02-21;4,8;10,5;0;36;null;21,8;null;30;2;
2019-02-22;11,5;9,9;0;34,4;null;24,5;null;43;3,5;
2019-02-23;null;null;null;null;null;null;null;null;null;
2019-02-24;null;null;null;null;null;null;null;null;null;
2019-02-25;null;null;0;37,7;null;29,6;null;29;2;
2019-02-26;8,1;6,4;0;35,6;null;22,7;null;39;2;
2019-02-27;5,5;,8;8;30,9;null;19,6;null;55;2;
2019-02-28;3;6;0;33,4;null;21,8;null;49;2;
2019-03-01;null;null;0;null;null;21;null;67;4,1;
2019-03-02;null;null;null;null;null;null;null;null;null;
2019-03-03;null;null;null;null;null;null;null;null;null;
2019-03-04;null;null;null;null;null;null;null;null;null;
2019-03-05;null;null;null;null;null;null;null;null;null;
2019-03-06;null;null;null;null;null;null;null;null;null;
2019-03-07;null;null;null;null;null;null;null;null;null;
2019-03-08;null;null;null;null;null;null;null;null;null;
2019-03-09;null;null;null;null;null;null;null;null;null;
2019-03-10;null;null;null;null;null;null;null;null;null;
2019-03-11;null;null;null;null;null;null;null;null;null;
2019-03-12;null;null;null;null;null;null;null;null;null;
2019-03-13;null;null;null;null;null;null;null;null;null;
2019-03-14;null;null;null;null;null;null;null;null;null;

