Nome: ANGRA DOS REIS
Codigo Estacao: 83788
Latitude: -23.01583333
Longitude: -44.32972221
Altitude: 17.04
Situacao: Desativada
Data Inicial: 2015-01-01
Data Final: 2017-04-30
Periodicidade da Medicao: Diaria

Data Medicao;EVAPORACAO DO PICHE, DIARIA(mm);INSOLACAO TOTAL, DIARIO(h);PRECIPITACAO TOTAL, DIARIO(mm);TEMPERATURA MAXIMA, DIARIA(°C);TEMPERATURA MEDIA COMPENSADA, DIARIA(°C);TEMPERATURA MINIMA, DIARIA(°C);UMIDADE RELATIVA DO AR, MEDIA DIARIA(%);UMIDADE RELATIVA DO AR, MINIMA DIARIA(%);VENTO, VELOCIDADE MEDIA DIARIA(m/s);
2015-01-01;null;null;,6;35,4;null;24,5;null;null;null;
2015-01-02;null;null;0;37,5;null;24,9;null;null;null;
2015-01-03;null;null;0;30,7;null;25,3;null;null;null;
2015-01-04;null;null;,2;31,2;null;24;null;null;null;
2015-01-05;null;null;6,2;29,1;null;22,7;null;null;null;
2015-01-06;null;null;98,4;30,3;null;22,5;null;null;null;
2015-01-07;null;null;0;32,9;null;23,7;null;null;null;
2015-01-08;null;null;0;33,1;null;24,5;null;null;null;
2015-01-09;null;null;0;34,8;null;24,1;null;null;null;
2015-01-10;null;null;0;34,8;null;24,3;null;null;null;
2015-01-11;null;null;0;33,5;null;25,9;null;null;null;
2015-01-12;null;null;0;34,2;null;25,5;null;null;null;
2015-01-13;null;null;0;33,5;null;24,7;null;null;null;
2015-01-14;null;null;0;31,4;null;26,4;null;null;null;
2015-01-15;null;null;0;33,9;null;25,2;null;null;null;
2015-01-16;null;null;0;32,1;null;25,2;null;null;null;
2015-01-17;null;null;0;33,5;null;24,5;null;null;null;
2015-01-18;null;null;0;34,8;null;23,9;null;null;null;
2015-01-19;null;null;0;32,5;null;23,9;null;null;null;
2015-01-20;null;null;0;33,7;null;25;null;null;null;
2015-01-21;null;null;8,8;31,9;null;25,9;null;null;null;
2015-01-22;null;null;17,4;29,3;null;21,6;null;null;null;
2015-01-23;null;null;44,9;27,7;null;21,1;null;null;null;
2015-01-24;null;null;1;29,5;null;22,5;null;null;null;
2015-01-25;null;null;4,7;32,7;null;20,5;null;null;null;
2015-01-26;null;null;0;31,3;null;23,5;null;null;null;
2015-01-27;null;null;9,1;34,2;null;23,3;null;null;null;
2015-01-28;null;null;0;34,2;null;24,3;null;null;null;
2015-01-29;null;null;0;34,4;null;24,8;null;null;null;
2015-01-30;null;null;0;32,1;null;24,8;null;null;null;
2015-01-31;null;null;62,7;29,4;null;23,1;null;null;null;
2015-02-01;null;null;63,5;29,4;null;23;null;null;null;
2015-02-02;null;null;22,7;27,3;null;23,8;null;null;null;
2015-02-03;null;null;17;30,7;null;20,5;null;null;null;
2015-02-04;null;null;0;28,5;null;21,9;null;null;null;
2015-02-05;null;null;26;29,1;null;22,4;null;null;null;
2015-02-06;null;null;7,4;27,5;null;22;null;null;null;
2015-02-07;null;null;57,7;28,6;null;20,5;null;null;null;
2015-02-08;null;null;16,5;29,6;null;21,7;null;null;null;
2015-02-09;null;null;2;29,7;null;22,9;null;null;null;
2015-02-10;null;null;0;31,1;null;23,9;null;null;null;
2015-02-11;null;null;0;34,2;null;24,7;null;null;null;
2015-02-12;null;null;0;35,1;null;25,3;null;null;null;
2015-02-13;null;null;0;34,2;null;25,8;null;null;null;
2015-02-14;null;null;0;32,1;null;25,8;null;null;null;
2015-02-15;null;null;3,2;30,1;null;23,5;null;null;null;
2015-02-16;null;null;43,7;28;null;22,9;null;null;null;
2015-02-17;null;null;3,3;29,1;null;23,8;null;null;null;
2015-02-18;null;null;45,2;28,9;null;23,5;null;null;null;
2015-02-19;null;null;1,8;34,3;null;20,6;null;null;null;
2015-02-20;null;null;0;34;null;24,5;null;null;null;
2015-02-21;null;null;0;31,9;null;23,9;null;null;null;
2015-02-22;null;null;0;31,3;null;24,3;null;null;null;
2015-02-23;null;null;0;31,1;null;24,7;null;null;null;
2015-02-24;null;null;0;32,7;null;24;null;null;null;
2015-02-25;null;null;0;30,8;null;24,9;null;null;null;
2015-02-26;null;null;2,9;31,9;null;22,7;null;null;null;
2015-02-27;null;null;0;32,9;null;22,7;null;null;null;
2015-02-28;null;null;33;30,5;null;24,7;null;null;null;
2015-03-01;null;null;17,3;28,7;null;21,7;null;null;null;
2015-03-02;null;null;0;28,5;null;21,3;null;null;null;
2015-03-03;null;null;0;29,5;null;21,7;null;null;null;
2015-03-04;null;null;0;29,9;null;22,9;null;null;null;
2015-03-05;null;null;0;30,7;null;23,1;null;null;null;
2015-03-06;null;null;0;31,1;null;24,1;null;null;null;
2015-03-07;null;null;10,7;27,3;null;22,9;null;null;null;
2015-03-08;null;null;28,4;28,3;null;22,9;null;null;null;
2015-03-09;null;null;81,8;28,3;null;23;null;null;null;
2015-03-10;null;null;5,3;27,1;null;23,5;null;null;null;
2015-03-11;null;null;,3;31,7;null;23,9;null;null;null;
2015-03-12;null;null;,2;29,5;null;24,6;null;null;null;
2015-03-13;null;null;1,4;29,5;null;23,6;null;null;null;
2015-03-14;null;null;,7;29,8;null;23,9;null;null;null;
2015-03-15;null;null;0;29,7;null;24,3;null;null;null;
2015-03-16;null;null;0;30,9;null;24,7;null;null;null;
2015-03-17;null;null;6,4;27,1;null;22,3;null;null;null;
2015-03-18;null;null;0;28,5;null;23,2;null;null;null;
2015-03-19;null;null;14,4;28,5;null;22,3;null;null;null;
2015-03-20;null;null;0;28,8;null;23,3;null;null;null;
2015-03-21;null;null;7,5;28,7;null;23,3;null;null;null;
2015-03-22;null;null;35,8;27,5;null;21,9;null;null;null;
2015-03-23;null;null;39,7;26,9;null;20,5;null;null;null;
2015-03-24;null;null;2,6;27,6;null;20,6;null;null;null;
2015-03-25;null;null;3,6;27,9;null;20,1;null;null;null;
2015-03-26;null;null;0;29,4;null;20,7;null;null;null;
2015-03-27;null;null;0;28,5;null;22,5;null;null;null;
2015-03-28;null;null;0;26;null;23,8;null;null;null;
2015-03-29;null;null;11,5;27,7;null;22,3;null;null;null;
2015-03-30;null;null;15,4;28,5;null;23,1;null;null;null;
2015-03-31;null;null;0;31,2;null;24,2;null;null;null;
2015-04-01;null;null;42,4;28,3;null;23,4;null;null;null;
2015-04-02;null;null;0;27,4;null;21,3;null;null;null;
2015-04-03;null;null;0;27,3;null;20,8;null;null;null;
2015-04-04;null;null;0;29,8;null;19,8;null;null;null;
2015-04-05;null;null;0;29,1;null;22,3;null;null;null;
2015-04-06;null;null;6,3;30,3;null;23,4;null;null;null;
2015-04-07;null;null;33,2;23,3;null;20,4;null;null;null;
2015-04-08;null;null;15,7;26,2;null;17,9;null;null;null;
2015-04-09;null;null;0;26,9;null;19,3;null;null;null;
2015-04-10;null;null;0;26,7;null;20,1;null;null;null;
2015-04-11;null;null;0;27,8;null;19,8;null;null;null;
2015-04-12;null;null;0;27,7;null;20,8;null;null;null;
2015-04-13;null;null;0;27,7;null;21,3;null;null;null;
2015-04-14;null;null;0;27,5;null;21,3;null;null;null;
2015-04-15;null;null;0;28,3;null;21,2;null;null;null;
2015-04-16;null;null;1;29;null;23,3;null;null;null;
2015-04-17;null;null;2,6;27,5;null;22,7;null;null;null;
2015-04-18;null;null;,3;29,9;null;20,8;null;null;null;
2015-04-19;null;null;3,6;27,9;null;23,7;null;null;null;
2015-04-20;null;null;,2;29,7;null;23,4;null;null;null;
2015-04-21;null;null;0;31,7;null;23,8;null;null;null;
2015-04-22;null;null;10,8;24,7;null;22,6;null;null;null;
2015-04-23;null;null;30,6;26,9;null;21,3;null;null;null;
2015-04-24;null;null;0;27,7;null;21,2;null;null;null;
2015-04-25;null;null;,5;27,5;null;21,8;null;null;null;
2015-04-26;null;null;1;26,2;null;19,2;null;null;null;
2015-04-27;null;null;,3;25,7;null;19,9;null;null;null;
2015-04-28;null;null;0;27,1;null;20,2;null;null;null;
2015-04-29;null;null;79,2;26,6;null;20,3;null;null;null;
2015-04-30;null;null;34,4;22,7;null;19,3;null;null;null;
2015-05-01;null;null;9,7;24,7;null;17;null;null;null;
2015-05-02;null;null;,9;25,8;null;18,3;null;null;null;
2015-05-03;null;null;0;29,3;null;19,8;null;null;null;
2015-05-04;null;null;0;30,3;null;21,1;null;null;null;
2015-05-05;null;null;14,6;23,1;null;20,7;null;null;null;
2015-05-06;null;null;7,8;23,9;null;19,7;null;null;null;
2015-05-07;null;null;0;25,4;null;18,2;null;null;null;
2015-05-08;null;null;18;22,5;null;17,6;null;null;null;
2015-05-09;null;null;,4;25,5;null;16,4;null;null;null;
2015-05-10;null;null;0;26,2;null;17,8;null;null;null;
2015-05-11;null;null;8,4;26,5;null;20,1;null;null;null;
2015-05-12;null;null;6,3;26,2;null;18,2;null;null;null;
2015-05-13;null;null;11,6;23,7;null;19,2;null;null;null;
2015-05-14;null;null;7,9;22,7;null;18,1;null;null;null;
2015-05-15;null;null;1,7;24,5;null;17,1;null;null;null;
2015-05-16;null;null;0;25,1;null;17,3;null;null;null;
2015-05-17;null;null;0;25,8;null;19,9;null;null;null;
2015-05-18;null;null;0;25,7;null;19,8;null;null;null;
2015-05-19;null;null;0;25,7;null;20,6;null;null;null;
2015-05-20;null;null;0;26,3;null;18,5;null;null;null;
2015-05-21;null;null;0;25,7;null;20;null;null;null;
2015-05-22;null;null;0;26,3;null;18,9;null;null;null;
2015-05-23;null;null;0;25,5;null;18,4;null;null;null;
2015-05-24;null;null;0;29,9;null;18,5;null;null;null;
2015-05-25;null;null;0;28,9;null;19;null;null;null;
2015-05-26;null;null;0;27,4;null;20,1;null;null;null;
2015-05-27;null;null;0;27,1;null;20,7;null;null;null;
2015-05-28;null;null;0;28,5;null;19,6;null;null;null;
2015-05-29;null;null;0;26,1;null;21;null;null;null;
2015-05-30;null;null;0;24,1;null;18,7;null;null;null;
2015-05-31;null;null;1,9;21,5;null;20,1;null;null;null;
2015-06-01;null;null;12,4;22,3;null;19,7;null;null;null;
2015-06-02;null;null;5,6;23,2;null;18,6;null;null;null;
2015-06-03;null;null;,3;25,6;null;18,2;null;null;null;
2015-06-04;null;null;0;26,6;null;17,8;null;null;null;
2015-06-05;null;null;0;26,2;null;17,6;null;null;null;
2015-06-06;null;null;0;26,7;null;18,5;null;null;null;
2015-06-07;null;null;0;28,3;null;18,7;null;null;null;
2015-06-08;null;null;0;28,9;null;18,5;null;null;null;
2015-06-09;null;null;0;29,1;null;18,1;null;null;null;
2015-06-10;null;null;0;28,9;null;17,8;null;null;null;
2015-06-11;null;null;0;30,2;null;17,9;null;null;null;
2015-06-12;null;null;0;24,1;null;18,7;null;null;null;
2015-06-13;null;null;6,6;25,7;null;18,9;null;null;null;
2015-06-14;null;null;0;30,1;null;18,3;null;null;null;
2015-06-15;null;null;0;22,1;null;20,2;null;null;null;
2015-06-16;null;null;19,6;21,2;null;17,8;null;null;null;
2015-06-17;null;null;1;24,3;null;18,3;null;null;null;
2015-06-18;null;null;,3;28,7;null;18,9;null;null;null;
2015-06-19;null;null;15,7;20;null;19,4;null;null;null;
2015-06-20;null;null;29;21,1;null;16,1;null;null;null;
2015-06-21;null;null;0;23,9;null;15,8;null;null;null;
2015-06-22;null;null;0;25,3;null;17,6;null;null;null;
2015-06-23;null;null;0;27,2;null;17,5;null;null;null;
2015-06-24;null;null;36,6;19,4;null;19,1;null;null;null;
2015-06-25;null;null;34;20;null;16,2;null;null;null;
2015-06-26;null;null;0;24,1;null;15;null;null;null;
2015-06-27;null;null;0;24,1;null;15;null;null;null;
2015-06-28;null;null;0;25,7;null;15,4;null;null;null;
2015-06-29;null;null;0;26,4;null;16,6;null;null;null;
2015-06-30;null;null;0;28,1;null;17,3;null;null;null;
2015-07-01;null;null;0;25,1;null;18,1;null;null;null;
2015-07-02;null;null;0;24,1;null;20;null;null;null;
2015-07-03;null;null;0;22,3;null;19;null;null;null;
2015-07-04;null;null;,3;25,5;null;19,4;null;null;null;
2015-07-05;null;null;15,1;18,6;null;14,9;null;null;null;
2015-07-06;null;null;0;21,9;null;14,6;null;null;null;
2015-07-07;null;null;0;23,9;null;17,1;null;null;null;
2015-07-08;null;null;0;23,5;null;18,3;null;null;null;
2015-07-09;null;null;0;24,9;null;18,3;null;null;null;
2015-07-10;null;null;0;26,1;null;16,8;null;null;null;
2015-07-11;null;null;0;24,5;null;17,7;null;null;null;
2015-07-12;null;null;0;27,7;null;18,6;null;null;null;
2015-07-13;null;null;0;28,9;null;18,1;null;null;null;
2015-07-14;null;null;0;28,7;null;18,9;null;null;null;
2015-07-15;null;null;0;27;null;19,6;null;null;null;
2015-07-16;null;null;0;25,9;null;19,1;null;null;null;
2015-07-17;null;null;0;24,5;null;18,9;null;null;null;
2015-07-18;null;null;0;27,5;null;18,2;null;null;null;
2015-07-19;null;null;0;27;null;17,3;null;null;null;
2015-07-20;null;null;0;31,2;null;18;null;null;null;
2015-07-21;null;null;0;29,3;null;18,1;null;null;null;
2015-07-22;null;null;4,3;21,8;null;17,3;null;null;null;
2015-07-23;null;null;1,4;22,5;null;17,7;null;null;null;
2015-07-24;null;null;0;26,3;null;17,5;null;null;null;
2015-07-25;null;null;5,3;24,4;null;19,1;null;null;null;
2015-07-26;null;null;3;22,3;null;18,3;null;null;null;
2015-07-27;null;null;0;23;null;18,8;null;null;null;
2015-07-28;null;null;,4;23,7;null;19,5;null;null;null;
2015-07-29;null;null;0;24,9;null;19;null;null;null;
2015-07-30;null;null;0;23,3;null;19,2;null;null;null;
2015-07-31;null;null;0;24,9;null;18,9;null;null;null;
2015-08-01;null;null;0;28,5;null;18,7;null;null;null;
2015-08-02;null;null;0;27,9;null;17,4;null;null;null;
2015-08-03;null;null;0;28,3;null;17,3;null;null;null;
2015-08-04;null;null;0;29,7;null;17,4;null;null;null;
2015-08-05;null;null;0;26,8;null;16,7;null;null;null;
2015-08-06;null;null;0;30,3;null;17,1;null;null;null;
2015-08-07;null;null;0;26,5;null;17,6;null;null;null;
2015-08-08;null;null;0;26,3;null;19;null;null;null;
2015-08-09;null;null;0;24,9;null;18,9;null;null;null;
2015-08-10;null;null;0;25,3;null;18;null;null;null;
2015-08-11;null;null;0;25,7;null;17,5;null;null;null;
2015-08-12;null;null;0;25,1;null;16,5;null;null;null;
2015-08-13;null;null;0;26,3;null;16,6;null;null;null;
2015-08-14;null;null;0;25,9;null;17,5;null;null;null;
2015-08-15;null;null;0;27,8;null;18;null;null;null;
2015-08-16;null;null;0;28,4;null;17,9;null;null;null;
2015-08-17;null;null;0;26,7;null;18,9;null;null;null;
2015-08-18;null;null;0;29,7;null;18,3;null;null;null;
2015-08-19;null;null;0;30,9;null;19,7;null;null;null;
2015-08-20;null;null;0;24,3;null;19,1;null;null;null;
2015-08-21;null;null;,9;23,5;null;17,9;null;null;null;
2015-08-22;null;null;0;24,1;null;17,4;null;null;null;
2015-08-23;null;null;0;27,3;null;18,2;null;null;null;
2015-08-24;null;null;0;24,1;null;19,1;null;null;null;
2015-08-25;null;null;21;21,2;null;18,3;null;null;null;
2015-08-26;null;null;,7;23,1;null;18,2;null;null;null;
2015-08-27;null;null;0;24,7;null;18,2;null;null;null;
2015-08-28;null;null;1,3;24,9;null;17,7;null;null;null;
2015-08-29;null;null;0;25,1;null;17,1;null;null;null;
2015-08-30;null;null;0;26,1;null;16,6;null;null;null;
2015-08-31;null;null;0;28,7;null;17,1;null;null;null;
2015-09-01;null;null;0;32,1;null;18,7;null;null;null;
2015-09-02;null;null;11,6;21,2;null;17,2;null;null;null;
2015-09-03;null;null;0;22,9;null;17,9;null;null;null;
2015-09-04;null;null;0;24,5;null;17,6;null;null;null;
2015-09-05;null;null;16,2;20,4;null;18,1;null;null;null;
2015-09-06;null;null;,3;23,1;null;16,9;null;null;null;
2015-09-07;null;null;0;27,3;null;17,9;null;null;null;
2015-09-08;null;null;,6;23,5;null;19,9;null;null;null;
2015-09-09;null;null;19,6;24,5;null;20,1;null;null;null;
2015-09-10;null;null;0;25,9;null;18,9;null;null;null;
2015-09-11;null;null;5;23,7;null;20,5;null;null;null;
2015-09-12;null;null;21;21;null;17,9;null;null;null;
2015-09-13;null;null;19,1;18,9;null;16,8;null;null;null;
2015-09-14;null;null;,4;21,9;null;16,9;null;null;null;
2015-09-15;null;null;0;24,3;null;18,3;null;null;null;
2015-09-16;null;null;0;32,3;null;18,7;null;null;null;
2015-09-17;null;null;0;32,5;null;20,4;null;null;null;
2015-09-18;null;null;0;33,7;null;20,5;null;null;null;
2015-09-19;null;null;0;29,4;null;21,1;null;null;null;
2015-09-20;null;null;0;26,7;null;21,9;null;null;null;
2015-09-21;null;null;0;25,5;null;21;null;null;null;
2015-09-22;null;null;0;26,4;null;21;null;null;null;
2015-09-23;null;null;0;26,7;null;21,1;null;null;null;
2015-09-24;null;null;0;34,4;null;21,1;null;null;null;
2015-09-25;null;null;0;30,7;null;20,9;null;null;null;
2015-09-26;null;null;7,6;25,9;null;20,6;null;null;null;
2015-09-27;null;null;0;29;null;21,6;null;null;null;
2015-09-28;null;null;19,8;26,1;null;21,6;null;null;null;
2015-09-29;null;null;2,7;24,5;null;21,1;null;null;null;
2015-09-30;null;null;,4;25,3;null;21,3;null;null;null;
2015-10-01;null;null;null;null;null;null;null;null;null;
2015-10-02;null;null;null;null;null;null;null;null;null;
2015-10-03;null;null;null;null;null;null;null;null;null;
2015-10-04;null;null;null;null;null;null;null;null;null;
2015-10-05;null;null;null;null;null;null;null;null;null;
2015-10-06;null;null;null;null;null;null;null;null;null;
2015-10-07;null;null;null;null;null;null;null;null;null;
2015-10-08;null;null;null;null;null;null;null;null;null;
2015-10-09;null;null;null;null;null;null;null;null;null;
2015-10-10;null;null;null;null;null;null;null;null;null;
2015-10-11;null;null;null;null;null;null;null;null;3,1;
2015-10-12;null;null;null;null;null;null;null;null;null;
2015-10-13;null;null;null;null;null;null;null;null;null;
2015-10-14;null;null;null;null;null;null;null;null;null;
2015-10-15;null;null;null;null;null;null;null;null;null;
2015-10-16;null;null;null;null;null;null;null;null;null;
2015-10-17;null;null;null;null;null;null;null;null;null;
2015-10-18;null;null;null;null;null;null;null;null;null;
2015-10-19;null;null;null;null;null;null;null;null;null;
2015-10-20;null;null;null;null;null;null;null;null;null;
2015-10-21;null;null;null;null;null;null;null;null;null;
2015-10-22;null;null;null;null;null;null;null;null;null;
2015-10-23;null;null;null;null;null;null;null;null;null;
2015-10-24;null;null;null;null;null;null;null;null;null;
2015-10-25;null;null;null;null;null;null;null;null;null;
2015-10-26;null;null;null;null;null;null;null;null;null;
2015-10-27;null;null;null;null;null;null;null;null;null;
2015-10-28;null;null;null;null;null;null;null;null;null;
2015-10-29;null;null;null;null;null;null;null;null;null;
2015-10-30;null;null;null;null;null;null;null;null;null;
2015-10-31;null;null;null;null;null;null;null;null;null;
2015-11-01;null;null;0;27;null;22,5;null;null;null;
2015-11-02;null;null;6,6;24,9;null;21,2;null;null;null;
2015-11-03;null;null;5,1;25,9;null;22,9;null;null;null;
2015-11-04;null;null;,4;25,9;null;22,7;null;null;null;
2015-11-05;null;null;12,2;26,1;null;22,4;null;null;null;
2015-11-06;null;null;0;25;null;23,1;null;null;null;
2015-11-07;null;null;25,6;24;null;21,9;null;null;null;
2015-11-08;null;null;5,9;25,3;null;21,7;null;null;null;
2015-11-09;null;null;,9;28,5;null;22;null;null;null;
2015-11-10;null;null;,3;27,5;null;23,6;null;null;null;
2015-11-11;null;null;0;28,1;null;24,4;null;null;null;
2015-11-12;null;null;0;28,3;null;24,1;null;null;null;
2015-11-13;null;null;,2;30,1;null;22,8;null;null;null;
2015-11-14;null;null;0;33;null;24;null;null;null;
2015-11-15;null;null;0;26,7;null;24,7;null;null;null;
2015-11-16;null;null;15,4;24,5;null;22;null;null;null;
2015-11-17;null;null;,9;26,9;null;22,3;null;null;null;
2015-11-18;null;null;1,1;29,5;null;23,8;null;null;null;
2015-11-19;null;null;0;32,3;null;23,1;null;null;null;
2015-11-20;null;null;7,4;30,5;null;23,9;null;null;null;
2015-11-21;null;null;10,7;23,5;null;20,9;null;null;null;
2015-11-22;null;null;5,3;26,5;null;19,1;null;null;null;
2015-11-23;null;null;6,8;25,8;null;22,7;null;null;null;
2015-11-24;null;null;7,2;27,5;null;22,4;null;null;null;
2015-11-25;null;null;,3;27,3;null;22,9;null;null;null;
2015-11-26;null;null;17,1;26,7;null;22,4;null;null;null;
2015-11-27;null;null;0;26,1;null;20,9;null;null;null;
2015-11-28;null;null;0;29,2;null;21;null;null;null;
2015-11-29;null;null;11,8;28,5;null;23,2;null;null;null;
2015-11-30;null;null;38,4;23,9;null;23,1;null;null;null;
2015-12-01;null;null;21,2;24,5;null;20,6;null;null;null;
2015-12-02;null;null;0;24,7;null;21;null;null;null;
2015-12-03;null;null;2,7;23,9;null;22,4;null;null;null;
2015-12-04;null;null;,3;25,1;null;20,5;null;null;null;
2015-12-05;null;null;7,2;28,8;null;20,5;null;null;null;
2015-12-06;null;null;3,5;27,5;null;23,1;null;null;null;
2015-12-07;null;null;39,5;24,4;null;21,6;null;null;null;
2015-12-08;null;null;7,2;26;null;21,1;null;null;null;
2015-12-09;null;null;0;27,3;null;22,5;null;null;null;
2015-12-10;null;null;,3;30,1;null;23,5;null;null;null;
2015-12-11;null;null;0;29,3;null;22,9;null;null;null;
2015-12-12;null;null;0;28,9;null;22,4;null;null;null;
2015-12-13;null;null;9,5;30,1;null;22,7;null;null;null;
2015-12-14;null;null;4,6;34,4;null;22,5;null;null;null;
2015-12-15;null;null;0;36,8;null;23,9;null;null;null;
2015-12-16;null;null;0;29,5;null;24,5;null;null;null;
2015-12-17;null;null;22,5;27,9;null;23,7;null;null;null;
2015-12-18;null;null;0;32,9;null;23,4;null;null;null;
2015-12-19;null;null;0;34,6;null;24,7;null;null;null;
2015-12-20;null;null;0;29,8;null;23,9;null;null;null;
2015-12-21;null;null;2;30,3;null;24;null;null;null;
2015-12-22;null;null;6;31,9;null;22,9;null;null;null;
2015-12-23;null;null;0;35,6;null;24,6;null;null;null;
2015-12-24;null;null;0;34,6;null;25,3;null;null;null;
2015-12-25;null;null;0;33,1;null;24,9;null;null;null;
2015-12-26;null;null;0;33,3;null;25;null;null;null;
2015-12-27;null;null;0;34,6;null;23,9;null;null;null;
2015-12-28;null;null;0;34,2;null;24,5;null;null;null;
2015-12-29;null;null;3,4;30,9;null;23,8;null;null;null;
2015-12-30;null;null;0;35,4;null;24,7;null;null;null;
2015-12-31;null;null;0;36,2;null;24,3;null;null;null;
2016-01-01;null;null;0;34,4;null;24,9;null;null;null;
2016-01-02;null;null;26,7;29,3;null;23,5;null;null;null;
2016-01-03;null;null;71,3;25,9;null;23,5;null;null;null;
2016-01-04;null;null;9,8;27,5;null;21,7;null;null;null;
2016-01-05;null;null;0;27,7;null;20,1;null;null;null;
2016-01-06;null;null;0;29;null;21,5;null;null;null;
2016-01-07;null;null;0;29,3;null;21,3;null;null;null;
2016-01-08;null;null;0;30;null;23,4;null;null;null;
2016-01-09;null;null;,4;29,9;null;24,7;null;null;null;
2016-01-10;null;null;12,3;29,3;null;24,5;null;null;null;
2016-01-11;null;null;14,7;27,2;null;25,4;null;null;null;
2016-01-12;null;null;13,8;30,9;null;23,9;null;null;null;
2016-01-13;null;null;12,4;31;null;24,7;null;null;null;
2016-01-14;null;null;29,3;27,9;null;24,6;null;null;null;
2016-01-15;null;null;13;27;null;24,5;null;null;null;
2016-01-16;null;null;76,2;27,7;null;22;null;null;null;
2016-01-17;null;null;2;26,7;null;21,5;null;null;null;
2016-01-18;null;null;0;25,3;null;20,5;null;null;null;
2016-01-19;null;null;2,7;23,7;null;20,3;null;null;null;
2016-01-20;null;null;8,2;23,3;null;20,3;null;null;null;
2016-01-21;null;null;7,7;27,7;null;21,5;null;null;null;
2016-01-22;null;null;2;24,9;null;20,4;null;null;null;
2016-01-23;null;null;49,1;27,3;null;21,3;null;null;null;
2016-01-24;null;null;0;27,1;null;20,8;null;null;null;
2016-01-25;null;null;0;29,1;null;22,6;null;null;null;
2016-01-26;null;null;0;31;null;23,6;null;null;null;
2016-01-27;null;null;0;31,1;null;23,5;null;null;null;
2016-01-28;null;null;0;27,3;null;24,9;null;null;null;
2016-01-29;null;null;9,1;28,5;null;23,3;null;null;null;
2016-01-30;null;null;0;33,2;null;23,6;null;null;null;
2016-01-31;null;null;0;35,6;null;23,3;null;null;null;
2016-02-01;null;null;0;35,8;null;22,7;null;null;null;
2016-02-02;null;null;0;31,3;null;22,4;null;null;null;
2016-02-03;null;null;0;30,9;null;24,3;null;null;null;
2016-02-04;null;null;0;30,7;null;24,3;null;null;null;
2016-02-05;null;null;0;33,9;null;23,7;null;null;null;
2016-02-06;null;null;0;30,9;null;24,9;null;null;null;
2016-02-07;null;null;1,5;30,1;null;24,3;null;null;null;
2016-02-08;null;null;0;31,3;null;24,5;null;null;null;
2016-02-09;null;null;0;36;null;25,4;null;null;null;
2016-02-10;null;null;0;36,4;null;24,7;null;null;null;
2016-02-11;null;null;1,6;27,1;null;24;null;null;null;
2016-02-12;null;null;11,9;28,7;null;21,8;null;null;null;
2016-02-13;null;null;0;28,9;null;20,3;null;null;null;
2016-02-14;null;null;0;30,8;null;23;null;null;null;
2016-02-15;null;null;0;31,9;null;24,2;null;null;null;
2016-02-16;null;null;20,1;31;null;23,7;null;null;null;
2016-02-17;null;null;26,9;32,9;null;23,6;null;null;null;
2016-02-18;null;null;20,7;31,9;null;23,4;null;null;null;
2016-02-19;null;null;0;32,9;null;24,3;null;null;null;
2016-02-20;null;null;11,9;32,2;null;23,6;null;null;null;
2016-02-21;null;null;0;32,8;null;23,6;null;null;null;
2016-02-22;null;null;3,9;30,3;null;23,4;null;null;null;
2016-02-23;null;null;43;32,1;null;22,7;null;null;null;
2016-02-24;null;null;0;32,5;null;23,4;null;null;null;
2016-02-25;null;null;0;32,7;null;24,5;null;null;null;
2016-02-26;null;null;1;34,4;null;23;null;null;null;
2016-02-27;null;null;0;33,4;null;24,6;null;null;null;
2016-02-28;null;null;1,4;34,6;null;24,7;null;null;null;
2016-02-29;null;null;21,1;24,4;null;24,2;null;null;null;
2016-03-01;null;null;111,2;24,1;null;20,3;null;null;null;
2016-03-02;null;null;14,7;26,4;null;21,4;null;null;null;
2016-03-03;null;null;,4;29,5;null;23;null;null;null;
2016-03-04;null;null;1,4;30,9;null;22,4;null;null;null;
2016-03-05;null;null;3,1;29,8;null;21,3;null;null;null;
2016-03-06;null;null;0;29,9;null;23,2;null;null;null;
2016-03-07;null;null;1,3;30,3;null;22,1;null;null;null;
2016-03-08;null;null;0;29,7;null;23,9;null;null;null;
2016-03-09;null;null;0;31,4;null;24,3;null;null;null;
2016-03-10;null;null;0;28,6;null;23,6;null;null;null;
2016-03-11;null;null;4,4;31,2;null;24,7;null;null;null;
2016-03-12;null;null;,8;30,5;null;24,7;null;null;null;
2016-03-13;null;null;5,9;27,5;null;21,3;null;null;null;
2016-03-14;null;null;0;28,3;null;21,9;null;null;null;
2016-03-15;null;null;0;28,5;null;22,4;null;null;null;
2016-03-16;null;null;0;28,5;null;23,2;null;null;null;
2016-03-17;null;null;8,2;28,3;null;22,7;null;null;null;
2016-03-18;null;null;3,8;29,9;null;21,9;null;null;null;
2016-03-19;null;null;0;28,9;null;23;null;null;null;
2016-03-20;null;null;0;29,7;null;22,5;null;null;null;
2016-03-21;null;null;0;30,2;null;22,6;null;null;null;
2016-03-22;null;null;0;32;null;23,3;null;null;null;
2016-03-23;null;null;0;30,5;null;24,8;null;null;null;
2016-03-24;null;null;54,2;27,8;null;21,3;null;null;null;
2016-03-25;null;null;0;29,5;null;23,3;null;null;null;
2016-03-26;null;null;15,9;29,3;null;23,1;null;null;null;
2016-03-27;null;null;0;33,3;null;22,3;null;null;null;
2016-03-28;null;null;0;32,1;null;23,5;null;null;null;
2016-03-29;null;null;0;29,9;null;25,2;null;null;null;
2016-03-30;null;null;0;31,1;null;24,7;null;null;null;
2016-03-31;null;null;6,1;30,3;null;24,3;null;null;null;
2016-04-01;null;null;,8;30,9;null;25;null;null;null;
2016-04-02;null;null;0;30,1;null;23,2;null;null;null;
2016-04-03;null;null;0;31,9;null;23,9;null;null;null;
2016-04-04;null;null;0;30,9;null;23,1;null;null;null;
2016-04-05;null;null;0;29,9;null;22,7;null;null;null;
2016-04-06;null;null;0;29,6;null;21,5;null;null;null;
2016-04-07;null;null;0;32,1;null;21,5;null;null;null;
2016-04-08;null;null;0;30,3;null;22,2;null;null;null;
2016-04-09;null;null;0;30,9;null;22,7;null;null;null;
2016-04-10;null;null;0;31,1;null;23,3;null;null;null;
2016-04-11;null;null;0;30,4;null;23,8;null;null;null;
2016-04-12;null;null;0;30,7;null;23,5;null;null;null;
2016-04-13;null;null;0;31,1;null;23,4;null;null;null;
2016-04-14;null;null;0;33,8;null;23,6;null;null;null;
2016-04-15;null;null;0;31,3;null;23,3;null;null;null;
2016-04-16;null;null;0;31,1;null;23,5;null;null;null;
2016-04-17;null;null;0;32,5;null;23,2;null;null;null;
2016-04-18;null;null;0;33,1;null;23,3;null;null;null;
2016-04-19;null;null;0;34,8;null;23,6;null;null;null;
2016-04-20;null;null;0;32,9;null;22,9;null;null;null;
2016-04-21;null;null;0;34,4;null;23,1;null;null;null;
2016-04-22;null;null;0;32,3;null;23,1;null;null;null;
2016-04-23;null;null;0;31,2;null;21,9;null;null;null;
2016-04-24;null;null;0;32,9;null;22,3;null;null;null;
2016-04-25;null;null;0;33,2;null;22,6;null;null;null;
2016-04-26;null;null;0;30,2;null;23,2;null;null;null;
2016-04-27;null;null;0;26,1;null;24,2;null;null;null;
2016-04-28;null;null;6,9;20,8;null;18,3;null;null;null;
2016-04-29;null;null;3,6;22,1;null;16,7;null;null;null;
2016-04-30;null;null;16,3;21,9;null;17,3;null;null;null;
2016-05-01;null;null;4;23,5;null;17,1;null;null;null;
2016-05-02;null;null;0;24,7;null;15,1;null;null;null;
2016-05-03;null;null;0;25,3;null;16,3;null;null;null;
2016-05-04;null;null;0;25,7;null;17,6;null;null;null;
2016-05-05;null;null;0;25,7;null;20,3;null;null;null;
2016-05-06;null;null;0;25,7;null;19,2;null;null;null;
2016-05-07;null;null;0;26,1;null;20,5;null;null;null;
2016-05-08;null;null;0;27,1;null;21,1;null;null;null;
2016-05-09;null;null;0;25,7;null;21,1;null;null;null;
2016-05-10;null;null;0;26,9;null;20,9;null;null;null;
2016-05-11;null;null;0;27,1;null;21,7;null;null;null;
2016-05-12;null;null;16,7;25,5;null;21,1;null;null;null;
2016-05-13;null;null;7,1;23,9;null;19,3;null;null;null;
2016-05-14;null;null;2,2;24,3;null;18;null;null;null;
2016-05-15;null;null;0;27,7;null;17,1;null;null;null;
2016-05-16;null;null;0;30,1;null;18,9;null;null;null;
2016-05-17;null;null;,9;23,5;null;21,5;null;null;null;
2016-05-18;null;null;6,9;20,4;null;17,3;null;null;null;
2016-05-19;null;null;19;21,4;null;18,9;null;null;null;
2016-05-20;null;null;5,1;25,3;null;19,4;null;null;null;
2016-05-21;null;null;0;25,5;null;20,9;null;null;null;
2016-05-22;null;null;,6;27,5;null;19,2;null;null;null;
2016-05-23;null;null;21,6;20,8;null;20,4;null;null;null;
2016-05-24;null;null;4,9;21;null;13,8;null;null;null;
2016-05-25;null;null;2,5;23,1;null;16,1;null;null;null;
2016-05-26;null;null;0;23,7;null;16,6;null;null;null;
2016-05-27;null;null;0;24,6;null;17,9;null;null;null;
2016-05-28;null;null;0;25;null;18,8;null;null;null;
2016-05-29;null;null;0;24,8;null;17,8;null;null;null;
2016-05-30;null;null;0;25,9;null;18,9;null;null;null;
2016-05-31;null;null;6,7;27,1;null;18,8;null;null;null;
2016-06-01;null;null;0;26,1;null;19,5;null;null;null;
2016-06-02;null;null;7;27,9;null;19,8;null;null;null;
2016-06-03;null;null;4,7;23,1;null;19,3;null;null;null;
2016-06-04;null;null;9,4;22,5;null;20,3;null;null;null;
2016-06-05;null;null;27,1;25,7;null;20,2;null;null;null;
2016-06-06;null;null;15,8;23,3;null;20,9;null;null;null;
2016-06-07;null;null;35,2;20,2;null;18,3;null;null;null;
2016-06-08;null;null;31,8;19,4;null;16,7;null;null;null;
2016-06-09;null;null;1,4;21,6;null;15;null;null;null;
2016-06-10;null;null;0;19,8;null;13,8;null;null;null;
2016-06-11;null;null;0;20,3;null;12,4;null;null;null;
2016-06-12;null;null;0;19,8;null;14,4;null;null;null;
2016-06-13;null;null;0;21,6;null;13,6;null;null;null;
2016-06-14;null;null;0;21,9;null;14,2;null;null;null;
2016-06-15;null;null;0;21,9;null;14,3;null;null;null;
2016-06-16;null;null;0;23,3;null;14,2;null;null;null;
2016-06-17;null;null;0;23,5;null;15,4;null;null;null;
2016-06-18;null;null;0;20,6;null;16,7;null;null;null;
2016-06-19;null;null;0;21,5;null;18,6;null;null;null;
2016-06-20;null;null;2,7;18,9;null;17,8;null;null;null;
2016-06-21;null;null;7,1;18,6;null;16,7;null;null;null;
2016-06-22;null;null;7,5;23,7;null;15,8;null;null;null;
2016-06-23;null;null;0;19,5;null;17,3;null;null;null;
2016-06-24;null;null;1;20,4;null;16,7;null;null;null;
2016-06-25;null;null;0;21,7;null;15,7;null;null;null;
2016-06-26;null;null;0;23,3;null;15,9;null;null;null;
2016-06-27;null;null;0;21,6;null;16,3;null;null;null;
2016-06-28;null;null;0;22,3;null;15,9;null;null;null;
2016-06-29;null;null;0;22,3;null;17,2;null;null;null;
2016-06-30;null;null;0;20;null;18,2;null;null;null;
2016-07-01;null;null;0;20,4;null;18,6;null;null;null;
2016-07-02;null;null;0;23,5;null;18,1;null;null;null;
2016-07-03;null;null;0;24,1;null;18,7;null;null;null;
2016-07-04;null;null;0;25,1;null;17,7;null;null;null;
2016-07-05;null;null;0;24,3;null;16;null;null;null;
2016-07-06;null;null;0;28,9;null;18;null;null;null;
2016-07-07;null;null;0;22,9;null;18,5;null;null;null;
2016-07-08;null;null;0;22,1;null;13,4;null;null;null;
2016-07-09;null;null;0;22,2;null;13;null;null;null;
2016-07-10;null;null;0;26;null;15;null;null;null;
2016-07-11;null;null;0;29,9;null;17,4;null;null;null;
2016-07-12;null;null;0;30,5;null;18,5;null;null;null;
2016-07-13;null;null;0;25,2;null;18,5;null;null;null;
2016-07-14;null;null;0;26,5;null;17,6;null;null;null;
2016-07-15;null;null;0;30,9;null;17,3;null;null;null;
2016-07-16;null;null;0;24,9;null;18,5;null;null;null;
2016-07-17;null;null;6,1;21,6;null;16,5;null;null;null;
2016-07-18;null;null;0;20;null;15,2;null;null;null;
2016-07-19;null;null;0;19,8;null;13,4;null;null;null;
2016-07-20;null;null;,7;18,8;null;16,1;null;null;null;
2016-07-21;null;null;,8;19,2;null;15,5;null;null;null;
2016-07-22;null;null;2;19,2;null;16;null;null;null;
2016-07-23;null;null;0;22,7;null;15,9;null;null;null;
2016-07-24;null;null;0;26,9;null;16,2;null;null;null;
2016-07-25;null;null;0;22,1;null;16,8;null;null;null;
2016-07-26;null;null;0;24,4;null;16;null;null;null;
2016-07-27;null;null;0;28,3;null;17;null;null;null;
2016-07-28;null;null;0;20,3;null;17,2;null;null;null;
2016-07-29;null;null;0;21;null;16,8;null;null;null;
2016-07-30;null;null;0;22,9;null;17,4;null;null;null;
2016-07-31;null;null;0;23,1;null;17,2;null;null;null;
2016-08-01;null;null;0;26,9;null;16,5;null;null;null;
2016-08-02;null;null;0;24,5;null;18,4;null;null;null;
2016-08-03;null;null;4,9;21,6;null;17,5;null;null;null;
2016-08-04;null;null;0;23,3;null;17,9;null;null;null;
2016-08-05;null;null;0;24,1;null;17,1;null;null;null;
2016-08-06;null;null;0;29,6;null;17,7;null;null;null;
2016-08-07;null;null;0;27,5;null;20,4;null;null;null;
2016-08-08;null;null;1,4;23,4;null;18,4;null;null;null;
2016-08-09;null;null;1,3;25,3;null;17,9;null;null;null;
2016-08-10;null;null;6,8;18,8;null;18,3;null;null;null;
2016-08-11;null;null;3,4;22,5;null;12,9;null;null;null;
2016-08-12;null;null;0;22;null;14,1;null;null;null;
2016-08-13;null;null;0;22,9;null;14,2;null;null;null;
2016-08-14;null;null;0;24,5;null;15,4;null;null;null;
2016-08-15;null;null;0;27,7;null;16,2;null;null;null;
2016-08-16;null;null;1,8;26,3;null;17,4;null;null;null;
2016-08-17;null;null;0;29,3;null;17,5;null;null;null;
2016-08-18;null;null;0;26,9;null;19,5;null;null;null;
2016-08-19;null;null;3,8;25,5;null;19,3;null;null;null;
2016-08-20;null;null;0;23,4;null;19,9;null;null;null;
2016-08-21;null;null;21,3;22,3;null;19,7;null;null;null;
2016-08-22;null;null;8,8;20,7;null;14,6;null;null;null;
2016-08-23;null;null;,7;20,4;null;13;null;null;null;
2016-08-24;null;null;0;22,5;null;16;null;null;null;
2016-08-25;null;null;0;24,4;null;15,8;null;null;null;
2016-08-26;null;null;0;24,5;null;16;null;null;null;
2016-08-27;null;null;0;27,2;null;16,4;null;null;null;
2016-08-28;null;null;0;28,3;null;16,8;null;null;null;
2016-08-29;null;null;0;30,1;null;18,8;null;null;null;
2016-08-30;null;null;0;23,9;null;20,2;null;null;null;
2016-08-31;null;null;null;null;null;null;null;null;null;
2016-09-01;null;null;1;25,7;null;19,1;null;null;null;
2016-09-02;null;null;0;24,1;null;20,4;null;null;null;
2016-09-03;null;null;,4;25,7;null;19,3;null;null;null;
2016-09-04;null;null;0;25,9;null;20,1;null;null;null;
2016-09-05;null;null;0;24,7;null;20,3;null;null;null;
2016-09-06;null;null;0;27,7;null;20,3;null;null;null;
2016-09-07;null;null;0;25,8;null;18,8;null;null;null;
2016-09-08;null;null;0;21,5;null;19,3;null;null;null;
2016-09-09;null;null;4,1;21,4;null;15,7;null;null;null;
2016-09-10;null;null;0;22,9;null;18,6;null;null;null;
2016-09-11;null;null;1,6;26;null;19,2;null;null;null;
2016-09-12;null;null;0;27,5;null;20,6;null;null;null;
2016-09-13;null;null;0;37,2;null;20,3;null;null;null;
2016-09-14;null;null;0;27,1;null;21,1;null;null;null;
2016-09-15;null;null;0;25,4;null;20,1;null;null;null;
2016-09-16;null;null;1,3;20,6;null;18,3;null;null;null;
2016-09-17;null;null;2,2;23,9;null;18,1;null;null;null;
2016-09-18;null;null;,2;26,5;null;18,5;null;null;null;
2016-09-19;null;null;26,2;27,3;null;18,9;null;null;null;
2016-09-20;null;null;1,6;21,2;null;18,9;null;null;null;
2016-09-21;null;null;6;23,9;null;13,8;null;null;null;
2016-09-22;null;null;3,9;23,5;null;16,4;null;null;null;
2016-09-23;null;null;0;25,3;null;16,6;null;null;null;
2016-09-24;null;null;,3;22,7;null;19,1;null;null;null;
2016-09-25;null;null;,5;20,6;null;19,3;null;null;null;
2016-09-26;null;null;20,1;22,1;null;16,4;null;null;null;
2016-09-27;null;null;7,1;21,9;null;15,6;null;null;null;
2016-09-28;null;null;1,4;23,7;null;16,8;null;null;null;
2016-09-29;null;null;0;25,6;null;17,6;null;null;null;
2016-09-30;null;null;4,9;21,6;null;17,7;null;null;null;
2016-10-01;null;null;7;22,3;null;17,1;null;null;null;
2016-10-02;null;null;,9;23,1;null;17,5;null;null;null;
2016-10-03;null;null;,2;25,1;null;17,5;null;null;null;
2016-10-04;null;null;19,7;22,9;null;19,3;null;null;null;
2016-10-05;null;null;8,2;23,3;null;19;null;null;null;
2016-10-06;null;null;0;22,7;null;17,6;null;null;null;
2016-10-07;null;null;13,4;23,9;null;18,1;null;null;null;
2016-10-08;null;null;0;25,6;null;16,8;null;null;null;
2016-10-09;null;null;0;25,4;null;17,8;null;null;null;
2016-10-10;null;null;9;22,1;null;19,5;null;null;null;
2016-10-11;null;null;0;22,9;null;17,5;null;null;null;
2016-10-12;null;null;22,2;25,5;null;18,9;null;null;null;
2016-10-13;null;null;0;29,7;null;20,3;null;null;null;
2016-10-14;null;null;3,5;30,5;null;21,5;null;null;null;
2016-10-15;null;null;10,8;26,3;null;21,3;null;null;null;
2016-10-16;null;null;2,7;28,3;null;21,9;null;null;null;
2016-10-17;null;null;0;31,2;null;23,1;null;null;null;
2016-10-18;null;null;0;27,3;null;23,6;null;null;null;
2016-10-19;null;null;0;27,3;null;23,7;null;null;null;
2016-10-20;null;null;3,1;30,5;null;23,9;null;null;null;
2016-10-21;null;null;0;27,3;null;23,5;null;null;null;
2016-10-22;null;null;9,7;23,5;null;20,7;null;null;null;
2016-10-23;null;null;3,4;25,4;null;19,9;null;null;null;
2016-10-24;null;null;0;26,6;null;21,9;null;null;null;
2016-10-25;null;null;0;24,7;null;23,1;null;null;null;
2016-10-26;null;null;,6;26,3;null;22,9;null;null;null;
2016-10-27;null;null;1,8;30,7;null;22,6;null;null;null;
2016-10-28;null;null;1,1;25,6;null;21,3;null;null;null;
2016-10-29;null;null;3,3;24,6;null;16,4;null;null;null;
2016-10-30;null;null;0;23,9;null;18,5;null;null;null;
2016-10-31;null;null;0;25,7;null;17,7;null;null;null;
2016-11-01;null;null;null;22;null;18,4;null;null;null;
2016-11-02;null;null;null;null;null;null;null;null;null;
2016-11-03;null;null;null;null;null;null;null;null;null;
2016-11-04;null;null;null;null;null;null;null;null;null;
2016-11-05;null;null;null;null;null;null;null;null;null;
2016-11-06;null;null;null;null;null;null;null;null;null;
2016-11-07;null;null;null;null;null;null;null;null;null;
2016-11-08;null;null;null;null;null;null;null;null;null;
2016-11-09;null;null;null;null;null;null;null;null;null;
2016-11-10;null;null;null;null;null;null;null;null;null;
2016-11-11;null;null;null;null;null;null;null;null;null;
2016-11-12;null;null;null;null;null;null;null;null;null;
2016-11-13;null;null;null;null;null;null;null;null;null;
2016-11-14;null;null;null;null;null;null;null;null;null;
2016-11-15;null;null;null;null;null;null;null;null;null;
2016-11-16;null;null;null;null;null;null;null;null;null;
2016-11-17;null;null;null;null;null;null;null;null;null;
2016-11-18;null;null;null;null;null;null;null;null;null;
2016-11-19;null;null;null;null;null;null;null;null;null;
2016-11-20;null;null;null;null;null;null;null;null;null;
2016-11-21;null;null;null;null;null;null;null;null;null;
2016-11-22;null;null;null;null;null;null;null;null;null;
2016-11-23;null;null;null;null;null;null;null;null;null;
2016-11-24;null;null;null;null;null;null;null;null;null;
2016-11-25;null;null;null;null;null;null;null;null;null;
2016-11-26;null;null;null;null;null;null;null;null;null;
2016-11-27;null;null;null;null;null;null;null;null;null;
2016-11-28;null;null;null;null;null;null;null;null;null;
2016-11-29;null;null;null;null;null;null;null;null;null;
2016-11-30;null;null;null;null;null;null;null;null;null;
2016-12-01;null;null;4,8;24,3;null;18,9;null;null;null;
2016-12-02;null;null;0;25,1;null;19,1;null;null;null;
2016-12-03;null;null;0;27,9;null;20,5;null;null;null;
2016-12-04;null;null;7,9;28,9;null;22,3;null;null;null;
2016-12-05;null;null;3,7;25,5;null;19,9;null;null;null;
2016-12-06;null;null;0;28,3;null;20,1;null;null;null;
2016-12-07;null;null;0;28,3;null;19,3;null;null;null;
2016-12-08;null;null;0;29,1;null;21,3;null;null;null;
2016-12-09;null;null;2,4;28,3;null;22,9;null;null;null;
2016-12-10;null;null;3,9;28,1;null;22,9;null;null;null;
2016-12-11;null;null;3,2;30,7;null;23,7;null;null;null;
2016-12-12;null;null;8,1;29,7;null;23,8;null;null;null;
2016-12-13;null;null;52,9;28,7;null;24,3;null;null;null;
2016-12-14;null;null;13,7;29,1;null;24,9;null;null;null;
2016-12-15;null;null;17,8;21,9;null;19,6;null;null;null;
2016-12-16;null;null;10,7;25,1;null;17,4;null;null;null;
2016-12-17;null;null;0;26,3;null;18,7;null;null;null;
2016-12-18;null;null;3,5;28,7;null;21;null;null;null;
2016-12-19;null;null;,5;32,9;null;21,5;null;null;null;
2016-12-20;null;null;0;33,2;null;23,2;null;null;null;
2016-12-21;null;null;0;31;null;23,5;null;null;null;
2016-12-22;null;null;8,7;30,9;null;21,9;null;null;null;
2016-12-23;null;null;0;31,5;null;23,9;null;null;null;
2016-12-24;null;null;,6;32,7;null;23,5;null;null;null;
2016-12-25;null;null;0;32,1;null;23,2;null;null;null;
2016-12-26;null;null;0;31,5;null;23;null;null;null;
2016-12-27;null;null;0;37,4;null;24,9;null;null;null;
2016-12-28;null;null;0;34,1;null;24,7;null;null;null;
2016-12-29;null;null;0;31,7;null;25,4;null;null;null;
2016-12-30;null;null;0;34;null;25,5;null;null;null;
2016-12-31;null;null;2,4;34;null;23,6;null;null;null;
2017-01-01;null;null;,8;34,8;null;24,3;null;null;null;
2017-01-02;null;null;0;33;null;24,7;null;null;null;
2017-01-03;null;null;0;31,3;null;24,7;null;null;null;
2017-01-04;null;null;0;33,8;null;23,5;null;null;null;
2017-01-05;null;null;0;34,7;null;25,2;null;null;null;
2017-01-06;null;null;6,7;31,9;null;23;null;null;null;
2017-01-07;null;null;2,9;30,5;null;23,8;null;null;null;
2017-01-08;null;null;16,5;31,6;null;23,7;null;null;null;
2017-01-09;null;null;0;33,7;null;24,7;null;null;null;
2017-01-10;null;null;0;33,7;null;25,3;null;null;null;
2017-01-11;null;null;3,5;32,7;null;24;null;null;null;
2017-01-12;null;null;38,6;27,1;null;22,9;null;null;null;
2017-01-13;null;null;77,9;27,7;null;23,7;null;null;null;
2017-01-14;null;null;4,3;30,9;null;23,3;null;null;null;
2017-01-15;null;null;0;31,1;null;23,2;null;null;null;
2017-01-16;null;null;0;31,2;null;24,5;null;null;null;
2017-01-17;null;null;,9;31,7;null;25,6;null;null;null;
2017-01-18;null;null;0;32,7;null;24,4;null;null;null;
2017-01-19;null;null;10,9;28,7;null;23,1;null;null;null;
2017-01-20;null;null;17,6;28,1;null;22,4;null;null;null;
2017-01-21;null;null;8;29,3;null;22,4;null;null;null;
2017-01-22;null;null;49,4;29,3;null;22;null;null;null;
2017-01-23;null;null;28,7;29,9;null;22,4;null;null;null;
2017-01-24;null;null;4;30,3;null;23;null;null;null;
2017-01-25;null;null;11,3;32,1;null;22,8;null;null;null;
2017-01-26;null;null;0;31,3;null;23,9;null;null;null;
2017-01-27;null;null;8,1;31,7;null;23,7;null;null;null;
2017-01-28;null;null;17,4;31;null;22,8;null;null;null;
2017-01-29;null;null;0;31,1;null;24,5;null;null;null;
2017-01-30;null;null;0;31,5;null;24,6;null;null;null;
2017-01-31;null;null;0;30,5;null;23,7;null;null;null;
2017-02-01;null;null;0;29,8;null;24;null;null;null;
2017-02-02;null;null;0;31,7;null;24,3;null;null;null;
2017-02-03;null;null;6,1;31,1;null;22,9;null;null;null;
2017-02-04;null;null;0;30,8;null;24,4;null;null;null;
2017-02-05;null;null;0;32,4;null;24;null;null;null;
2017-02-06;null;null;0;33,1;null;23,9;null;null;null;
2017-02-07;null;null;0;31,3;null;25,3;null;null;null;
2017-02-08;null;null;31,6;28,9;null;24;null;null;null;
2017-02-09;null;null;4,2;28,7;null;21,5;null;null;null;
2017-02-10;null;null;0;29,8;null;22,8;null;null;null;
2017-02-11;null;null;0;31,7;null;23,5;null;null;null;
2017-02-12;null;null;0;34,6;null;24,7;null;null;null;
2017-02-13;null;null;0;34,7;null;24,3;null;null;null;
2017-02-14;null;null;0;34,2;null;24,4;null;null;null;
2017-02-15;null;null;0;31,3;null;23,9;null;null;null;
2017-02-16;null;null;0;30,3;null;23,2;null;null;null;
2017-02-17;null;null;0;32,1;null;23,1;null;null;null;
2017-02-18;null;null;0;null;null;24;null;null;null;
2017-02-19;null;null;0;31,1;null;23,8;null;null;null;
2017-02-20;null;null;0;31,3;null;23,8;null;null;null;
2017-02-21;null;null;0;31,7;null;23,5;null;null;null;
2017-02-22;null;null;0;32;null;23,9;null;null;null;
2017-02-23;null;null;0;34,1;null;23,4;null;null;null;
2017-02-24;null;null;0;31,3;null;23,6;null;null;null;
2017-02-25;null;null;4,4;26,3;null;21,7;null;null;null;
2017-02-26;null;null;0;28,1;null;22,3;null;null;null;
2017-02-27;null;null;2;29,4;null;22,6;null;null;null;
2017-02-28;null;null;0;null;null;22,7;null;null;null;
2017-03-01;null;null;null;null;null;null;null;null;null;
2017-03-02;null;null;null;null;null;null;null;null;null;
2017-03-03;null;null;null;null;null;null;null;null;null;
2017-03-04;null;null;null;null;null;null;null;null;null;
2017-03-05;null;null;null;null;null;null;null;null;null;
2017-03-06;null;null;null;null;null;null;null;null;null;
2017-03-07;null;null;null;null;null;null;null;null;null;
2017-03-08;null;null;null;27,6;null;null;null;null;null;
2017-03-09;null;null;0;28,9;null;23,9;null;null;null;
2017-03-10;null;null;0;34,4;null;23,7;null;null;null;
2017-03-11;null;null;0;31,3;null;23,9;null;null;null;
2017-03-12;null;null;0;32,6;null;23,9;null;null;null;
2017-03-13;null;null;0;30,4;null;24,5;null;null;null;
2017-03-14;null;null;31,8;27,3;null;23,9;null;null;null;
2017-03-15;null;null;23,4;29,2;null;23;null;null;null;
2017-03-16;null;null;0;31,1;null;22,8;null;null;null;
2017-03-17;null;null;0;30,5;null;23,1;null;null;null;
2017-03-18;null;null;72,8;27;null;21,9;null;null;null;
2017-03-19;null;null;40,6;23,4;null;19,9;null;null;null;
2017-03-20;null;null;31,2;26,9;null;20,6;null;null;null;
2017-03-21;null;null;0;27,1;null;18,5;null;null;null;
2017-03-22;null;null;0;27,2;null;20;null;null;null;
2017-03-23;null;null;0;26,7;null;19,7;null;null;null;
2017-03-24;null;null;0;28,3;null;20,6;null;null;null;
2017-03-25;null;null;0;28,3;null;21,9;null;null;null;
2017-03-26;null;null;0;28,1;null;21,1;null;null;null;
2017-03-27;null;null;0;28,1;null;21;null;null;null;
2017-03-28;null;null;,5;27,3;null;21,3;null;null;null;
2017-03-29;null;null;1,1;26,8;null;19,9;null;null;null;
2017-03-30;null;null;0;27,4;null;20,3;null;null;null;
2017-03-31;null;null;11,4;26,1;null;18,7;null;null;null;
2017-04-01;null;null;0;27,1;null;19,8;null;null;null;
2017-04-02;null;null;1,4;27,3;null;18,9;null;null;null;
2017-04-03;null;null;0;27,5;null;19,4;null;null;null;
2017-04-04;null;null;0;28,5;null;20,4;null;null;null;
2017-04-05;null;null;0;30,9;null;21,3;null;null;null;
2017-04-06;null;null;0;29,5;null;22,3;null;null;null;
2017-04-07;null;null;2,7;27,3;null;24,5;null;null;null;
2017-04-08;null;null;11,1;28,9;null;24;null;null;null;
2017-04-09;null;null;0;29,5;null;24;null;null;null;
2017-04-10;null;null;0;29,2;null;23,7;null;null;null;
2017-04-11;null;null;0;29,1;null;23,2;null;null;null;
2017-04-12;null;null;,3;28,1;null;24,1;null;null;null;
2017-04-13;null;null;13,2;23,7;null;20,7;null;null;null;
2017-04-14;null;null;18,6;25,7;null;20,4;null;null;null;
2017-04-15;null;null;7,6;27,1;null;20,9;null;null;null;
2017-04-16;null;null;0;28,3;null;21,6;null;null;null;
2017-04-17;null;null;0;27,5;null;22,9;null;null;null;
2017-04-18;null;null;28,4;25,2;null;19,7;null;null;null;
2017-04-19;null;null;0;25;null;18,3;null;null;null;
2017-04-20;null;null;0;27,9;null;18,9;null;null;null;
2017-04-21;null;null;0;28,7;null;19,9;null;null;null;
2017-04-22;null;null;4,2;26,3;null;21,3;null;null;null;
2017-04-23;null;null;2,3;24,3;null;20,2;null;null;null;
2017-04-24;null;null;6,1;25,5;null;19,4;null;null;null;
2017-04-25;null;null;0;27,5;null;19,5;null;null;null;
2017-04-26;null;null;0;32;null;21,1;null;null;null;
2017-04-27;null;null;4,9;25;null;22,3;null;null;null;
2017-04-28;null;null;32,2;20,8;null;19,1;null;null;null;
2017-04-29;null;null;3,6;21,9;null;17,7;null;null;null;
2017-04-30;null;null;1,1;23,2;null;18,6;null;null;null;

