Nome: CARMO
Codigo Estacao: 83807
Latitude: -21.93583333
Longitude: -42.60611111
Altitude: 342.19
Situacao: Desativada
Data Inicial: 2015-01-01
Data Final: 2019-03-31
Periodicidade da Medicao: Diaria

Data Medicao;EVAPORACAO DO PICHE, DIARIA(mm);INSOLACAO TOTAL, DIARIO(h);PRECIPITACAO TOTAL, DIARIO(mm);TEMPERATURA MAXIMA, DIARIA(°C);TEMPERATURA MEDIA COMPENSADA, DIARIA(°C);TEMPERATURA MINIMA, DIARIA(°C);UMIDADE RELATIVA DO AR, MEDIA DIARIA(%);UMIDADE RELATIVA DO AR, MINIMA DIARIA(%);VENTO, VELOCIDADE MEDIA DIARIA(m/s);
2015-01-01;4,1;null;0;37,8;null;22,1;null;null;null;
2015-01-02;4,4;null;0;39;null;24,6;null;null;null;
2015-01-03;4,1;null;0;37;null;23,2;null;null;null;
2015-01-04;2,6;null;33,4;32,5;null;21,8;null;null;null;
2015-01-05;2,9;null;,5;34,4;null;21,5;null;null;null;
2015-01-06;3,7;null;0;33;null;22,1;null;null;null;
2015-01-07;3,5;null;0;33,2;null;21,1;null;null;null;
2015-01-08;3,4;null;0;34;null;20;null;null;null;
2015-01-09;4;null;0;35,4;null;20,4;null;null;null;
2015-01-10;4,6;null;0;36,8;null;20,3;null;null;null;
2015-01-11;5,5;null;0;37,8;null;21;null;null;null;
2015-01-12;5,4;null;0;38;null;22,4;null;null;null;
2015-01-13;5,4;null;0;37,8;null;23,4;null;null;null;
2015-01-14;3,9;null;2,4;37;null;22,8;null;null;null;
2015-01-15;3,9;null;0;33,2;null;21,4;null;null;null;
2015-01-16;3,5;null;0;36;null;22,9;null;null;null;
2015-01-17;5,1;null;0;37;null;20,4;null;null;null;
2015-01-18;5,2;null;0;38,2;null;21,4;null;null;null;
2015-01-19;5,9;null;0;38;null;22,5;null;null;null;
2015-01-20;5,5;null;0;38,2;null;21,5;null;null;null;
2015-01-21;5,7;null;0;38,8;null;22;null;null;null;
2015-01-22;5,5;null;0;36,8;null;24,4;null;null;null;
2015-01-23;4,2;null;0;35,8;null;21,4;null;null;null;
2015-01-24;5,2;null;0;34,4;null;21,6;null;null;null;
2015-01-25;2,1;null;14,2;34;null;19,8;null;null;null;
2015-01-26;3,5;null;0;36;null;21,4;null;null;null;
2015-01-27;3,8;null;0;35,6;null;22,5;null;null;null;
2015-01-28;2,9;null;42;36;null;21,7;null;null;null;
2015-01-29;2,8;null;0;37;null;22,6;null;null;null;
2015-01-30;4,3;null;0;35,9;null;24,8;null;null;null;
2015-01-31;3,7;null;0;36,6;null;23,5;null;null;null;
2015-02-01;3,4;null;54,2;34,4;null;20,9;null;null;null;
2015-02-02;3,4;null;0;32,6;null;22;null;null;null;
2015-02-03;2,4;null;29,4;31,8;null;20,7;null;null;null;
2015-02-04;2,1;null;6,4;33;null;19,2;null;null;null;
2015-02-05;1,8;null;4,6;26,2;null;21;null;null;null;
2015-02-06;,8;null;15;25,8;null;21,9;null;null;null;
2015-02-07;,8;null;2,4;32,2;null;21,5;null;null;null;
2015-02-08;1,7;null;7,8;29;null;21;null;null;null;
2015-02-09;1,3;null;6,4;30,8;null;21;null;null;null;
2015-02-10;1,7;null;2,7;33,6;null;21,5;null;null;null;
2015-02-11;2,7;null;0;33,4;null;22;null;null;null;
2015-02-12;3;null;0;36;null;21,6;null;null;null;
2015-02-13;3,9;null;0;37;null;21,5;null;null;null;
2015-02-14;4,1;null;0;35,8;null;23,1;null;null;null;
2015-02-15;3,6;null;,2;34,6;null;22,7;null;null;null;
2015-02-16;3,2;null;,5;33,8;null;22,1;null;null;null;
2015-02-17;2,4;null;17,4;33,2;null;21,9;null;null;null;
2015-02-18;2,5;null;0;32;null;23,4;null;null;null;
2015-02-19;2,8;null;0;34;null;22,5;null;null;null;
2015-02-20;3,1;null;0;34,9;null;21,6;null;null;null;
2015-02-21;4;null;0;33,8;null;20,9;null;null;null;
2015-02-22;4;null;0;33,4;null;20,8;null;null;null;
2015-02-23;3,9;null;0;33;null;21;null;null;null;
2015-02-24;3,2;null;0;34,2;null;20,9;null;null;null;
2015-02-25;4,2;null;0;33,2;null;21,6;null;null;null;
2015-02-26;2,9;null;0;35,2;null;21,5;null;null;null;
2015-02-27;2,8;null;3,8;34,8;null;21,4;null;null;null;
2015-02-28;3;null;0;33,8;null;21,6;null;null;null;
2015-03-01;3,2;null;0;31,6;null;21,5;null;null;null;
2015-03-02;4;null;0;30;null;19;null;null;null;
2015-03-03;2,6;null;0;32,4;null;20,3;null;null;null;
2015-03-04;2,7;null;5,6;33;null;21,5;null;null;null;
2015-03-05;2,2;null;0;34,4;null;20,6;null;null;null;
2015-03-06;3,7;null;0;35;null;21,2;null;null;null;
2015-03-07;3,8;null;0;34,8;null;22,2;null;null;null;
2015-03-08;3;null;12,5;31;null;22,1;null;null;null;
2015-03-09;1,7;null;0;31,8;null;23,1;null;null;null;
2015-03-10;1,8;null;15,6;29;null;22,2;null;null;null;
2015-03-11;1,3;null;,2;32;null;22,8;null;null;null;
2015-03-12;1,7;null;4,4;33,4;null;21,9;null;null;null;
2015-03-13;2,3;null;5,6;34,2;null;21,1;null;null;null;
2015-03-14;2,9;null;0;33,1;null;21,8;null;null;null;
2015-03-15;3;null;0;32,2;null;22,6;null;null;null;
2015-03-16;2,8;null;0;35;null;21,1;null;null;null;
2015-03-17;3,8;null;0;30,8;null;22,4;null;null;null;
2015-03-18;1,3;null;,5;32,8;null;21,1;null;null;null;
2015-03-19;3,6;null;0;30,9;null;20,9;null;null;null;
2015-03-20;2,9;null;0;31,3;null;20,5;null;null;null;
2015-03-21;3,1;null;0;34,8;null;20,6;null;null;null;
2015-03-22;1,4;null;2,1;29;null;21,5;null;null;null;
2015-03-23;1,3;null;43,8;28;null;19,9;null;null;null;
2015-03-24;1,4;null;2,4;31,2;null;21,1;null;null;null;
2015-03-25;2,3;null;,5;31;null;18,8;null;null;null;
2015-03-26;2,5;null;0;32;null;19,5;null;null;null;
2015-03-27;2,7;null;0;34;null;19,5;null;null;null;
2015-03-28;3,1;null;0;33,8;null;20,9;null;null;null;
2015-03-29;3,2;null;0;33;null;23,1;null;null;null;
2015-03-30;2,5;null;32,2;31;null;22;null;null;null;
2015-03-31;1,5;null;1;33;null;23;null;null;null;
2015-04-01;2,2;null;0;30,1;null;23,2;null;null;null;
2015-04-02;1,6;null;0;30,8;null;20,6;null;null;null;
2015-04-03;2,6;null;0;30;null;18;null;null;null;
2015-04-04;3,2;null;0;30,6;null;16,6;null;null;null;
2015-04-05;2,8;null;0;30,2;null;21;null;null;null;
2015-04-06;1,8;null;3;32,6;null;22,5;null;null;null;
2015-04-07;2,1;null;1;28;null;18,1;null;null;null;
2015-04-08;1,5;null;3,6;26;null;16,5;null;null;null;
2015-04-09;1,8;null;0;28,2;null;16,5;null;null;null;
2015-04-10;2,1;null;0;27,4;null;18,8;null;null;null;
2015-04-11;2,2;null;0;30;null;18,9;null;null;null;
2015-04-12;2,7;null;0;30,4;null;17;null;null;null;
2015-04-13;2,8;null;0;30;null;19,1;null;null;null;
2015-04-14;2,5;null;0;30,6;null;18,4;null;null;null;
2015-04-15;3,1;null;0;31,2;null;17,8;null;null;null;
2015-04-16;2,9;null;0;32,2;null;18,6;null;null;null;
2015-04-17;3,9;null;0;31;null;19,8;null;null;null;
2015-04-18;1,3;null;15,6;31;null;21,5;null;null;null;
2015-04-19;2,2;null;0;34,4;null;20,3;null;null;null;
2015-04-20;2,6;null;0;32,4;null;22,5;null;null;null;
2015-04-21;2,3;null;0;32,8;null;21,5;null;null;null;
2015-04-22;1,2;null;3,6;29,4;null;21,4;null;null;null;
2015-04-23;1,1;null;4,4;27;null;20,2;null;null;null;
2015-04-24;1,1;null;1;27,3;null;21;null;null;null;
2015-04-25;1;null;4;30;null;21,2;null;null;null;
2015-04-26;2,3;null;0;29;null;15;null;null;null;
2015-04-27;2;null;0;26;null;17,5;null;null;null;
2015-04-28;1,9;null;0;30;null;19,4;null;null;null;
2015-04-29;2,3;null;0;29,4;null;17,5;null;null;null;
2015-04-30;1,3;null;15,2;28;null;16;null;null;null;
2015-05-01;2,2;null;0;25;null;17,6;null;null;null;
2015-05-02;1,5;null;0;27;null;18,5;null;null;null;
2015-05-03;1,4;null;0;28,8;null;17,9;null;null;null;
2015-05-04;1,9;null;0;28,6;null;19,5;null;null;null;
2015-05-05;1,7;null;5,2;27,4;null;21;null;null;null;
2015-05-06;,8;null;14,4;24,4;null;19,2;null;null;null;
2015-05-07;,5;null;6,2;24,2;null;18,2;null;null;null;
2015-05-08;,9;null;0;24;null;15,2;null;null;null;
2015-05-09;1,4;null;,2;25,4;null;17,6;null;null;null;
2015-05-10;1,5;null;0;25,6;null;15;null;null;null;
2015-05-11;1,5;null;,3;25,8;null;18,2;null;null;null;
2015-05-12;1;null;1,4;29;null;18,8;null;null;null;
2015-05-13;2,2;null;0;26,4;null;14,4;null;null;null;
2015-05-14;1,9;null;0;24,6;null;17;null;null;null;
2015-05-15;1,8;null;0;26;null;14,4;null;null;null;
2015-05-16;2;null;0;23,8;null;15,8;null;null;null;
2015-05-17;,9;null;,3;26,6;null;17,6;null;null;null;
2015-05-18;1,2;null;0;23,4;null;18,2;null;null;null;
2015-05-19;,8;null;,1;24,2;null;17,8;null;null;null;
2015-05-20;,6;null;2,5;26;null;15,1;null;null;null;
2015-05-21;1,8;null;,2;24,6;null;18,1;null;null;null;
2015-05-22;1,2;null;0;23,2;null;15,7;null;null;null;
2015-05-23;1;null;,5;25,4;null;15,4;null;null;null;
2015-05-24;1,7;null;0;28,2;null;14,9;null;null;null;
2015-05-25;2,1;null;0;30,4;null;15;null;null;null;
2015-05-26;2,4;null;0;30,6;null;16,7;null;null;null;
2015-05-27;2,4;null;0;28,4;null;17,5;null;null;null;
2015-05-28;1,9;null;0;30,4;null;17,6;null;null;null;
2015-05-29;1,8;null;,6;23,6;null;20,2;null;null;null;
2015-05-30;1;null;5,5;26,2;null;14;null;null;null;
2015-05-31;1,2;null;0;27,8;null;18,2;null;null;null;
2015-06-01;1,1;null;0;27;null;20,4;null;null;null;
2015-06-02;1,4;null;0;24;null;18,7;null;null;null;
2015-06-03;1,7;null;0;23,6;null;18,2;null;null;null;
2015-06-04;1,6;null;0;28;null;18,4;null;null;null;
2015-06-05;2,2;null;0;26,6;null;15;null;null;null;
2015-06-06;1,7;null;0;28,6;null;18;null;null;null;
2015-06-07;1,9;null;0;28,8;null;15,1;null;null;null;
2015-06-08;1,9;null;0;29;null;15,4;null;null;null;
2015-06-09;2;null;0;29,1;null;14;null;null;null;
2015-06-10;2,3;null;0;29,6;null;13,2;null;null;null;
2015-06-11;2,3;null;0;30,6;null;15,8;null;null;null;
2015-06-12;2,7;null;0;31,2;null;15,1;null;null;null;
2015-06-13;2,9;null;0;29;null;18,4;null;null;null;
2015-06-14;2,1;null;0;30,6;null;15,4;null;null;null;
2015-06-15;2,9;null;0;32;null;16,8;null;null;null;
2015-06-16;2,1;null;10,4;20,4;null;18,2;null;null;null;
2015-06-17;,6;null;,3;25,4;null;18,8;null;null;null;
2015-06-18;,9;null;0;29;null;16;null;null;null;
2015-06-19;1,6;null;0;26;null;17,5;null;null;null;
2015-06-20;1,5;null;,2;22,4;null;15,7;null;null;null;
2015-06-21;2;null;0;23,4;null;15,2;null;null;null;
2015-06-22;1,6;null;,3;24,6;null;15,6;null;null;null;
2015-06-23;1,2;null;0;28,2;null;14,5;null;null;null;
2015-06-24;2,2;null;0;26;null;14;null;null;null;
2015-06-25;1;null;9,1;21;null;15;null;null;null;
2015-06-26;1,1;null;0;23,6;null;12,9;null;null;null;
2015-06-27;1,7;null;0;25,2;null;12,7;null;null;null;
2015-06-28;2,2;null;,2;24,8;null;13,2;null;null;null;
2015-06-29;2,1;null;0;25,2;null;15;null;null;null;
2015-06-30;1,9;null;0;27,4;null;13,1;null;null;null;
2015-07-01;2,2;null;0;28,4;null;15,7;null;null;null;
2015-07-02;2,8;null;0;27,6;null;16,8;null;null;null;
2015-07-03;2,1;null;0;26;null;19,4;null;null;null;
2015-07-04;1,9;null;0;28,4;null;17;null;null;null;
2015-07-05;2,5;null;0;19;null;17,8;null;null;null;
2015-07-06;1;null;1;19,4;null;15,6;null;null;null;
2015-07-07;,7;null;,2;20,8;null;16,5;null;null;null;
2015-07-08;,6;null;,2;23;null;16,1;null;null;null;
2015-07-09;1;null;0;25;null;16,8;null;null;null;
2015-07-10;1,2;null;0;29,4;null;14,4;null;null;null;
2015-07-11;1,9;null;0;28;null;16;null;null;null;
2015-07-12;,9;null;0;30,6;null;16,2;null;null;null;
2015-07-13;1,2;null;0;30;null;15,4;null;null;null;
2015-07-14;,7;null;0;29;null;15,1;null;null;null;
2015-07-15;,7;null;0;28,8;null;14,9;null;null;null;
2015-07-16;,6;null;0;29;null;15;null;null;null;
2015-07-17;,7;null;0;28,2;null;17;null;null;null;
2015-07-18;2,1;null;0;28,8;null;15,8;null;null;null;
2015-07-19;2,5;null;0;28;null;14,5;null;null;null;
2015-07-20;2,6;null;0;29;null;17,1;null;null;null;
2015-07-21;2,8;null;0;30,2;null;13,6;null;null;null;
2015-07-22;3,3;null;0;19,6;null;19,1;null;null;null;
2015-07-23;,4;null;2,4;22;null;16,2;null;null;null;
2015-07-24;1,3;null;0;26,4;null;17,5;null;null;null;
2015-07-25;1,5;null;0;28,4;null;15;null;null;null;
2015-07-26;2;null;1,4;27;null;18,6;null;null;null;
2015-07-27;1,3;null;1,5;27,2;null;17,4;null;null;null;
2015-07-28;1,7;null;0;30;null;19;null;null;null;
2015-07-29;2,7;null;0;29,8;null;17,7;null;null;null;
2015-07-30;2,3;null;0;30;null;19,2;null;null;null;
2015-07-31;3;null;0;30;null;14,8;null;null;null;
2015-08-01;3,2;null;0;30,6;null;14,5;null;null;null;
2015-08-02;3,1;null;0;30;null;14,8;null;null;null;
2015-08-03;3,8;null;0;31;null;13,4;null;null;null;
2015-08-04;3,9;null;0;31,6;null;15;null;null;null;
2015-08-05;4,5;null;0;30,8;null;14,4;null;null;null;
2015-08-06;4,3;null;0;29,4;null;13,6;null;null;null;
2015-08-07;3,5;null;0;31,2;null;15,6;null;null;null;
2015-08-08;3,9;null;0;29;null;15,5;null;null;null;
2015-08-09;3;null;,1;26,2;null;18,5;null;null;null;
2015-08-10;2,1;null;,1;24,2;null;17,8;null;null;null;
2015-08-11;2;null;0;26,8;null;14,4;null;null;null;
2015-08-12;3;null;0;27,6;null;15;null;null;null;
2015-08-13;3,5;null;0;28,4;null;17,3;null;null;null;
2015-08-14;3;null;0;26;null;16,4;null;null;null;
2015-08-15;2,7;null;0;28;null;17;null;null;null;
2015-08-16;2,8;null;0;29,6;null;14;null;null;null;
2015-08-17;3,4;null;0;29,4;null;15,5;null;null;null;
2015-08-18;3,3;null;0;29;null;15,6;null;null;null;
2015-08-19;3;null;0;30;null;16;null;null;null;
2015-08-20;2,9;null;0;29;null;18,5;null;null;null;
2015-08-21;3,1;null;0;27,2;null;13,4;null;null;null;
2015-08-22;3;null;0;26,2;null;16,5;null;null;null;
2015-08-23;1,8;null;0;29,4;null;17;null;null;null;
2015-08-24;2,8;null;0;31,4;null;15,8;null;null;null;
2015-08-25;4;null;0;25,2;null;19,5;null;null;null;
2015-08-26;1,8;null;1;30,4;null;17,8;null;null;null;
2015-08-27;3,1;null;0;29;null;19;null;null;null;
2015-08-28;2,1;null;1,1;28,6;null;19;null;null;null;
2015-08-29;3,3;null;0;24,4;null;17,5;null;null;null;
2015-08-30;1,7;null;0;30,6;null;14;null;null;null;
2015-08-31;3,5;null;0;34,2;null;15,1;null;null;null;
2015-09-01;null;null;null;null;null;null;null;null;null;
2015-09-02;null;null;null;null;null;null;null;null;null;
2015-09-03;null;null;null;null;null;null;null;null;null;
2015-09-04;null;null;null;null;null;null;null;null;null;
2015-09-05;null;null;null;null;null;null;null;null;null;
2015-09-06;null;null;null;null;null;null;null;null;null;
2015-09-07;null;null;null;null;null;null;null;null;null;
2015-09-08;null;null;null;null;null;null;null;null;null;
2015-09-09;null;null;null;null;null;null;null;null;null;
2015-09-10;null;null;null;null;null;null;null;null;null;
2015-09-11;null;null;null;null;null;null;null;null;null;
2015-09-12;null;null;null;null;null;null;null;null;null;
2015-09-13;null;null;null;null;null;null;null;null;null;
2015-09-14;null;null;null;null;null;null;null;null;null;
2015-09-15;null;null;null;null;null;null;null;null;null;
2015-09-16;null;null;null;null;null;null;null;null;null;
2015-09-17;null;null;null;null;null;null;null;null;null;
2015-09-18;null;null;null;null;null;null;null;null;null;
2015-09-19;null;null;null;null;null;null;null;null;null;
2015-09-20;null;null;null;null;null;null;null;null;null;
2015-09-21;null;null;null;null;null;null;null;null;null;
2015-09-22;null;null;null;null;null;null;null;null;null;
2015-09-23;null;null;null;null;null;null;null;null;null;
2015-09-24;null;null;null;null;null;null;null;null;null;
2015-09-25;null;null;null;null;null;null;null;null;null;
2015-09-26;null;null;null;null;null;null;null;null;null;
2015-09-27;null;null;null;null;null;null;null;null;null;
2015-09-28;null;null;null;null;null;null;null;null;null;
2015-09-29;null;null;null;null;null;null;null;null;null;
2015-09-30;null;null;null;null;null;null;null;null;null;
2015-10-01;3;null;0;33,2;null;21,4;null;null;null;
2015-10-02;3,4;null;2,4;33;null;21,9;null;null;null;
2015-10-03;3,1;null;0;34;null;20,9;null;null;null;
2015-10-04;3,7;null;0;32,2;null;21,8;null;null;null;
2015-10-05;2,7;null;,3;null;null;21;null;null;null;
2015-10-06;2,6;null;0;24,8;null;17,6;null;null;null;
2015-10-07;2,6;null;0;29,9;null;19;null;null;null;
2015-10-08;3,4;null;0;31,6;null;18,9;null;null;null;
2015-10-09;3,8;null;0;32,8;null;16,7;null;null;null;
2015-10-10;4,2;null;0;36,2;null;18;null;null;null;
2015-10-11;5,4;null;0;36,4;null;19,6;null;null;null;
2015-10-12;5,6;null;0;35,2;null;18,8;null;null;null;
2015-10-13;5,5;null;0;34,6;null;18,9;null;null;null;
2015-10-14;5;null;0;33,4;null;19,2;null;null;null;
2015-10-15;5,5;null;0;39;null;20,8;null;null;null;
2015-10-16;6,8;null;0;40,6;null;21,6;null;null;null;
2015-10-17;7,3;null;0;39,2;null;20,9;null;null;null;
2015-10-18;6,5;null;0;28;null;22,2;null;null;null;
2015-10-19;2,8;null;0;24;null;20,4;null;null;null;
2015-10-20;2,1;null;0;31,2;null;19,5;null;null;null;
2015-10-21;3,1;null;0;37,8;null;18,5;null;null;null;
2015-10-22;4,5;null;0;37,4;null;21,8;null;null;null;
2015-10-23;5,2;null;4,2;34,3;null;20,2;null;null;null;
2015-10-24;2,8;null;1,3;32,8;null;21,3;null;null;null;
2015-10-25;4,2;null;0;31;null;21,7;null;null;null;
2015-10-26;3;null;0;29;null;20,2;null;null;null;
2015-10-27;3,1;null;0;30;null;21,5;null;null;null;
2015-10-28;2,7;null;2;29;null;22;null;null;null;
2015-10-29;1;null;1,9;32,2;null;21,4;null;null;null;
2015-10-30;4;null;1;30,6;null;20,2;null;null;null;
2015-10-31;2,8;null;1,6;33,4;null;21,1;null;null;null;
2015-11-01;3,3;null;0;34;null;21,5;null;null;null;
2015-11-02;4,3;null;0;34,6;null;22,8;null;null;null;
2015-11-03;4,6;null;0;34,4;null;23,3;null;null;null;
2015-11-04;4,2;null;2,5;36,8;null;23,6;null;null;null;
2015-11-05;3,9;null;0;38;null;23,8;null;null;null;
2015-11-06;4,7;null;0;35,8;null;23,7;null;null;null;
2015-11-07;2,9;null;21,8;31,6;null;22,9;null;null;null;
2015-11-08;1,9;null;32,8;28,2;null;21,1;null;null;null;
2015-11-09;1,4;null;21,2;28,4;null;20,7;null;null;null;
2015-11-10;1,3;null;0;34;null;20,8;null;null;null;
2015-11-11;3,5;null;0;35;null;22,8;null;null;null;
2015-11-12;3,4;null;0;37,4;null;23,5;null;null;null;
2015-11-13;4,1;null;0;34,6;null;22,9;null;null;null;
2015-11-14;3,4;null;0;33,8;null;23,5;null;null;null;
2015-11-15;2,1;null;0;36,8;null;23,2;null;null;null;
2015-11-16;2,9;null;6;27;null;22,4;null;null;null;
2015-11-17;,9;null;,2;26,5;null;22,2;null;null;null;
2015-11-18;1;null;,3;32;null;22,8;null;null;null;
2015-11-19;1,7;null;13,4;35,2;null;22,5;null;null;null;
2015-11-20;1,1;null;47,2;29;null;22,1;null;null;null;
2015-11-21;,8;null;2,4;29,6;null;23,4;null;null;null;
2015-11-22;,8;null;6,6;27;null;20,4;null;null;null;
2015-11-23;,9;null;2;25;null;21,5;null;null;null;
2015-11-24;,6;null;5;31,8;null;21,5;null;null;null;
2015-11-25;,7;null;2,6;28,4;null;22,5;null;null;null;
2015-11-26;,6;null;,8;29,4;null;22;null;null;null;
2015-11-27;,7;null;,5;29,9;null;20,5;null;null;null;
2015-11-28;,6;null;0;30,4;null;20,8;null;null;null;
2015-11-29;,8;null;0;35,4;null;22,6;null;null;null;
2015-11-30;,8;null;27,2;32;null;21,9;null;null;null;
2015-12-01;,8;null;1,2;28,4;null;21,5;null;null;null;
2015-12-02;,6;null;0;29,6;null;22,1;null;null;null;
2015-12-03;,8;null;58,4;31,2;null;21,8;null;null;null;
2015-12-04;,4;null;2,2;29;null;22;null;null;null;
2015-12-05;1,3;null;,3;32,2;null;22,5;null;null;null;
2015-12-06;2,1;null;7,6;32;null;22,3;null;null;null;
2015-12-07;1,7;null;35,4;30,8;null;22,2;null;null;null;
2015-12-08;1,2;null;45,6;26;null;20;null;null;null;
2015-12-09;1,3;null;0;30,4;null;22;null;null;null;
2015-12-10;1,2;null;0;32,8;null;22,3;null;null;null;
2015-12-11;1,2;null;5;33,2;null;22,6;null;null;null;
2015-12-12;1,7;null;38,2;32,8;null;22,5;null;null;null;
2015-12-13;1,6;null;53,2;32;null;21,5;null;null;null;
2015-12-14;1,6;null;11,2;33;null;21,7;null;null;null;
2015-12-15;1,4;null;0;34,6;null;22,8;null;null;null;
2015-12-16;1,2;null;0;35;null;22,3;null;null;null;
2015-12-17;3,2;null;0;32,8;null;23,5;null;null;null;
2015-12-18;2,9;null;0;34,8;null;22,4;null;null;null;
2015-12-19;3,2;null;0;33,2;null;22,5;null;null;null;
2015-12-20;3,7;null;0;33,4;null;21,4;null;null;null;
2015-12-21;3,2;null;0;33;null;21;null;null;null;
2015-12-22;3,6;null;0;33,2;null;21,2;null;null;null;
2015-12-23;3,8;null;0;33,4;null;22,4;null;null;null;
2015-12-24;3,7;null;0;34,4;null;21,2;null;null;null;
2015-12-25;3,3;null;0;35,6;null;22,2;null;null;null;
2015-12-26;2,9;null;0;36;null;21,7;null;null;null;
2015-12-27;1,8;null;0;36;null;20,5;null;null;null;
2015-12-28;1,5;null;0;35,8;null;21,8;null;null;null;
2015-12-29;1,3;null;11,4;33;null;21,4;null;null;null;
2015-12-30;2,5;null;0;35,8;null;23,3;null;null;null;
2015-12-31;2,7;null;16,2;35;null;20,6;null;null;null;
2016-01-01;3,2;null;4,2;36,8;null;23;null;null;null;
2016-01-02;3,3;null;,1;33,4;null;23,2;null;null;null;
2016-01-03;1,3;null;33,6;26,8;null;22,6;null;null;null;
2016-01-04;,8;null;32,2;30;null;21,3;null;null;null;
2016-01-05;1,2;null;0;31;null;18,3;null;null;null;
2016-01-06;1,4;null;0;31,6;null;18,6;null;null;null;
2016-01-07;1,3;null;0;33,4;null;21,5;null;null;null;
2016-01-08;3,1;null;0;35;null;21,6;null;null;null;
2016-01-09;3,9;null;0;35;null;23,2;null;null;null;
2016-01-10;3,8;null;0;36;null;23,5;null;null;null;
2016-01-11;3,9;null;0;32,6;null;22,9;null;null;null;
2016-01-12;2;null;22,8;28;null;23,3;null;null;null;
2016-01-13;,7;null;19;31,2;null;22,6;null;null;null;
2016-01-14;1,1;null;27,8;34;null;23,8;null;null;null;
2016-01-15;2,2;null;4;31,4;null;24,6;null;null;null;
2016-01-16;1,1;null;26,7;25,9;null;23,2;null;null;null;
2016-01-17;,5;null;35,2;24,6;null;20,8;null;null;null;
2016-01-18;,6;null;3,6;24;null;20;null;null;null;
2016-01-19;,4;null;20,8;26,6;null;21;null;null;null;
2016-01-20;,5;null;9;26,8;null;21,2;null;null;null;
2016-01-21;,7;null;21;30;null;21,3;null;null;null;
2016-01-22;,7;null;9,2;28,8;null;17,8;null;null;null;
2016-01-23;1;null;17;32;null;21;null;null;null;
2016-01-24;1,5;null;0;31;null;20,4;null;null;null;
2016-01-25;1,5;null;0;33;null;22,4;null;null;null;
2016-01-26;1,6;null;0;36;null;22,5;null;null;null;
2016-01-27;1,6;null;0;35,6;null;24,2;null;null;null;
2016-01-28;1,6;null;0;33,4;null;24,1;null;null;null;
2016-01-29;1;null;2;30;null;23,3;null;null;null;
2016-01-30;1,1;null;0;34;null;22;null;null;null;
2016-01-31;1,4;null;0;35;null;21,3;null;null;null;
2016-02-01;3,6;null;0;35,6;null;20,7;null;null;null;
2016-02-02;4;null;0;36;null;21,5;null;null;null;
2016-02-03;4,1;null;0;34,6;null;21,3;null;null;null;
2016-02-04;3,3;null;0;34,4;null;22,2;null;null;null;
2016-02-05;2,4;null;0;35;null;20,7;null;null;null;
2016-02-06;4,1;null;0;35,4;null;20,9;null;null;null;
2016-02-07;4,3;null;0;34,6;null;23,3;null;null;null;
2016-02-08;4,1;null;0;34,8;null;21,4;null;null;null;
2016-02-09;4,3;null;0;35,4;null;20,9;null;null;null;
2016-02-10;6,2;null;0;38;null;21,2;null;null;null;
2016-02-11;5,1;null;0;33,8;null;23,6;null;null;null;
2016-02-12;2,3;null;30,6;29;null;22;null;null;null;
2016-02-13;1,6;null;0;31,6;null;19,6;null;null;null;
2016-02-14;2,5;null;0;34,8;null;21,9;null;null;null;
2016-02-15;3;null;0;35,4;null;23,6;null;null;null;
2016-02-16;1,7;null;5,8;34,6;null;22,6;null;null;null;
2016-02-17;2;null;0;35;null;22,9;null;null;null;
2016-02-18;2,6;null;40,2;31,2;null;21,2;null;null;null;
2016-02-19;1,6;null;0;35,6;null;22;null;null;null;
2016-02-20;3;null;0;34,4;null;23,9;null;null;null;
2016-02-21;3;null;,3;33,2;null;21;null;null;null;
2016-02-22;2,8;null;0;32,8;null;21,6;null;null;null;
2016-02-23;3;null;0;33,6;null;22,1;null;null;null;
2016-02-24;2,7;null;0;33,4;null;21,5;null;null;null;
2016-02-25;2,6;null;0;34,2;null;22;null;null;null;
2016-02-26;2,6;null;0;35;null;22,7;null;null;null;
2016-02-27;2,5;null;25;34,6;null;22,1;null;null;null;
2016-02-28;2,3;null;11,6;34,8;null;22,5;null;null;null;
2016-02-29;2,3;null;34,2;30;null;22,5;null;null;null;
2016-03-01;1,2;null;6,8;27,2;null;20,3;null;null;null;
2016-03-02;1,2;null;,5;31,2;null;22,2;null;null;null;
2016-03-03;,8;null;0;30;null;21,7;null;null;null;
2016-03-04;2,7;null;,3;27;null;22,8;null;null;null;
2016-03-05;,9;null;6,7;30,4;null;20,2;null;null;null;
2016-03-06;1,9;null;,5;33,2;null;22,9;null;null;null;
2016-03-07;2,7;null;0;32,2;null;23,6;null;null;null;
2016-03-08;2,2;null;0;33;null;22,8;null;null;null;
2016-03-09;3;null;0;32,8;null;22,2;null;null;null;
2016-03-10;3,2;null;0;34;null;22,2;null;null;null;
2016-03-11;3,5;null;0;31;null;23,2;null;null;null;
2016-03-12;2,2;null;5;31,9;null;22,4;null;null;null;
2016-03-13;1,9;null;0;30,6;null;22;null;null;null;
2016-03-14;1,4;null;37;30,8;null;21,6;null;null;null;
2016-03-15;2,2;null;0;32,8;null;21,9;null;null;null;
2016-03-16;2,8;null;0;32;null;21,5;null;null;null;
2016-03-17;3;null;0;30,2;null;21,8;null;null;null;
2016-03-18;2,5;null;0;31,6;null;21,6;null;null;null;
2016-03-19;2,3;null;6,6;33;null;20,9;null;null;null;
2016-03-20;3,2;null;0;33;null;22,1;null;null;null;
2016-03-21;3,7;null;0;32,6;null;22,2;null;null;null;
2016-03-22;3,3;null;0;33,6;null;18,9;null;null;null;
2016-03-23;2,8;null;0;34,2;null;22,1;null;null;null;
2016-03-24;2,5;null;48,6;30,8;null;20,7;null;null;null;
2016-03-25;2,1;null;0;32;null;22,4;null;null;null;
2016-03-26;1,7;null;0;31;null;23;null;null;null;
2016-03-27;1,5;null;3,2;33;null;22,2;null;null;null;
2016-03-28;2,3;null;0;34,8;null;22,5;null;null;null;
2016-03-29;2,5;null;0;32;null;23,4;null;null;null;
2016-03-30;2,1;null;0;32,4;null;22,5;null;null;null;
2016-03-31;2,2;null;0;32,8;null;23,4;null;null;null;
2016-04-01;2,6;null;0;34;null;21,5;null;null;null;
2016-04-02;2,9;null;0;33;null;21,2;null;null;null;
2016-04-03;2,7;null;0;32,6;null;22;null;null;null;
2016-04-04;2,3;null;0;33,8;null;22,1;null;null;null;
2016-04-05;2,3;null;,8;32,6;null;20;null;null;null;
2016-04-06;3,5;null;0;32,4;null;21,1;null;null;null;
2016-04-07;2,8;null;0;32,6;null;20,5;null;null;null;
2016-04-08;2,7;null;0;34,2;null;19,5;null;null;null;
2016-04-09;2,7;null;0;33,8;null;20,6;null;null;null;
2016-04-10;3,8;null;0;34,6;null;21,6;null;null;null;
2016-04-11;2,8;null;1,9;34;null;21,4;null;null;null;
2016-04-12;3,2;null;0;33,2;null;19,2;null;null;null;
2016-04-13;3,1;null;0;31,3;null;19,4;null;null;null;
2016-04-14;2,7;null;0;33,8;null;21,2;null;null;null;
2016-04-15;5,4;null;0;34,8;null;20;null;null;null;
2016-04-16;3,6;null;0;34,2;null;19;null;null;null;
2016-04-17;3,5;null;0;32,8;null;19,1;null;null;null;
2016-04-18;2,8;null;0;33,6;null;21;null;null;null;
2016-04-19;3;null;0;32,2;null;20,5;null;null;null;
2016-04-20;2,7;null;0;33,2;null;19,1;null;null;null;
2016-04-21;2,7;null;0;34,8;null;20,3;null;null;null;
2016-04-22;2,9;null;0;35,8;null;21;null;null;null;
2016-04-23;3,7;null;0;33,8;null;20,1;null;null;null;
2016-04-24;3,2;null;0;33,2;null;19;null;null;null;
2016-04-25;6,9;null;0;33,4;null;17,4;null;null;null;
2016-04-26;3,3;null;0;34,4;null;19,6;null;null;null;
2016-04-27;3,7;null;0;32;null;21;null;null;null;
2016-04-28;2;null;9;21;null;19,5;null;null;null;
2016-04-29;,3;null;16,6;20,2;null;17;null;null;null;
2016-04-30;,2;null;19,2;26,2;null;17,5;null;null;null;
2016-05-01;1,3;null;1,1;26,8;null;16,9;null;null;null;
2016-05-02;2,5;null;0;26,6;null;9,8;null;null;null;
2016-05-03;2,5;null;0;28,4;null;13,2;null;null;null;
2016-05-04;2,4;null;0;29,4;null;14,5;null;null;null;
2016-05-05;2,4;null;0;28;null;18,2;null;null;null;
2016-05-06;2,2;null;0;28;null;19,4;null;null;null;
2016-05-07;1,9;null;0;29;null;18,2;null;null;null;
2016-05-08;1,7;null;0;30;null;18,5;null;null;null;
2016-05-09;2,1;null;0;29,8;null;20,8;null;null;null;
2016-05-10;3,8;null;0;31,6;null;19;null;null;null;
2016-05-11;2,5;null;0;31,4;null;19,8;null;null;null;
2016-05-12;2;null;7,8;26,8;null;21;null;null;null;
2016-05-13;1;null;0;23,6;null;16,6;null;null;null;
2016-05-14;1;null;6;25,4;null;16,8;null;null;null;
2016-05-15;1,5;null;0;26,2;null;17,5;null;null;null;
2016-05-16;1,7;null;0;28,2;null;15,6;null;null;null;
2016-05-17;1,8;null;0;32,4;null;18,5;null;null;null;
2016-05-18;2,3;null;7,2;26,2;null;20,6;null;null;null;
2016-05-19;1,1;null;1;23,8;null;20,4;null;null;null;
2016-05-20;,6;null;6;26;null;20;null;null;null;
2016-05-21;1,3;null;0;28,8;null;20,2;null;null;null;
2016-05-22;1,5;null;0;31;null;18,2;null;null;null;
2016-05-23;2,4;null;0;31,2;null;18,1;null;null;null;
2016-05-24;3;null;0;26;null;15,9;null;null;null;
2016-05-25;3;null;0;25,4;null;14,5;null;null;null;
2016-05-26;2,6;null;0;22,8;null;16,8;null;null;null;
2016-05-27;1,2;null;0;26,6;null;14;null;null;null;
2016-05-28;2;null;0;25;null;15,8;null;null;null;
2016-05-29;1,5;null;0;27,8;null;14;null;null;null;
2016-05-30;1,9;null;0;30,2;null;15,4;null;null;null;
2016-05-31;2,1;null;4,4;26,8;null;15,6;null;null;null;
2016-06-01;1;null;2,4;29,8;null;16,5;null;null;null;
2016-06-02;1,2;null;2,6;25,6;null;18,9;null;null;null;
2016-06-03;,7;null;15;24,8;null;18,1;null;null;null;
2016-06-04;,8;null;2,6;29;null;19;null;null;null;
2016-06-05;1,1;null;,1;27,2;null;20,6;null;null;null;
2016-06-06;1,1;null;0;29;null;20,4;null;null;null;
2016-06-07;,7;null;12,8;26,2;null;21,4;null;null;null;
2016-06-08;,8;null;6,4;19,8;null;17,5;null;null;null;
2016-06-09;,4;null;4,2;23,8;null;16;null;null;null;
2016-06-10;1,5;null;0;17,9;null;14;null;null;null;
2016-06-11;,5;null;0;23,8;null;14,3;null;null;null;
2016-06-12;2,2;null;0;22;null;11,9;null;null;null;
2016-06-13;1,6;null;0;23;null;9,5;null;null;null;
2016-06-14;2,1;null;0;22;null;8,9;null;null;null;
2016-06-15;3,7;null;0;23,8;null;9,5;null;null;null;
2016-06-16;1,7;null;0;24,8;null;10;null;null;null;
2016-06-17;1,8;null;0;22,9;null;10,8;null;null;null;
2016-06-18;2;null;0;28,2;null;12,1;null;null;null;
2016-06-19;1,9;null;0;24;null;15;null;null;null;
2016-06-20;1,1;null;0;21,8;null;12,5;null;null;null;
2016-06-21;,8;null;0;25,4;null;15,4;null;null;null;
2016-06-22;1,5;null;3,6;23,2;null;16,8;null;null;null;
2016-06-23;1,1;null;0;27;null;15,4;null;null;null;
2016-06-24;1,6;null;,3;23,4;null;17;null;null;null;
2016-06-25;,8;null;0;24,6;null;14,4;null;null;null;
2016-06-26;2;null;0;22,4;null;12,4;null;null;null;
2016-06-27;1,2;null;,7;25;null;14;null;null;null;
2016-06-28;2;null;,1;22,8;null;17,5;null;null;null;
2016-06-29;,9;null;0;25,2;null;14,8;null;null;null;
2016-06-30;1,6;null;0;25,8;null;16,4;null;null;null;
2016-07-01;1,3;null;1,3;25,8;null;19;null;null;null;
2016-07-02;1,5;null;0;27,8;null;16,3;null;null;null;
2016-07-03;2,2;null;0;27;null;15,5;null;null;null;
2016-07-04;1,8;null;0;27,4;null;15,4;null;null;null;
2016-07-05;2;null;0;27;null;15,7;null;null;null;
2016-07-06;1,5;null;0;27,1;null;14,5;null;null;null;
2016-07-07;2,1;null;0;30,4;null;15,8;null;null;null;
2016-07-08;2,5;null;0;25,8;null;13,5;null;null;null;
2016-07-09;2,1;null;0;22,2;null;11,5;null;null;null;
2016-07-10;1,4;null;0;27;null;12,6;null;null;null;
2016-07-11;1,9;null;0;30;null;14,5;null;null;null;
2016-07-12;2,5;null;0;31,4;null;15,2;null;null;null;
2016-07-13;3;null;0;32;null;15,5;null;null;null;
2016-07-14;3,3;null;0;30;null;14,4;null;null;null;
2016-07-15;2,7;null;0;31,2;null;14,7;null;null;null;
2016-07-16;3;null;0;32,6;null;15,4;null;null;null;
2016-07-17;3,8;null;0;27;null;17,5;null;null;null;
2016-07-18;3,2;null;0;25;null;12,8;null;null;null;
2016-07-19;2,7;null;0;21;null;14;null;null;null;
2016-07-20;1,6;null;0;25,8;null;16;null;null;null;
2016-07-21;2;null;0;21,8;null;16,4;null;null;null;
2016-07-22;1,1;null;0;22,4;null;16,2;null;null;null;
2016-07-23;1,8;null;0;22;null;17;null;null;null;
2016-07-24;1,1;null;0;27;null;17;null;null;null;
2016-07-25;1,9;null;0;30;null;13,6;null;null;null;
2016-07-26;3,1;null;0;28,2;null;13,8;null;null;null;
2016-07-27;2,5;null;0;31,8;null;13,9;null;null;null;
2016-07-28;2,5;null;0;23,4;null;14,8;null;null;null;
2016-07-29;3,6;null;0;23,2;null;17,4;null;null;null;
2016-07-30;2,4;null;0;26,9;null;14,3;null;null;null;
2016-07-31;1,7;null;0;25;null;17,4;null;null;null;
2016-08-01;2,3;null;0;27,6;null;16,5;null;null;null;
2016-08-02;3,5;null;0;30,2;null;12,4;null;null;null;
2016-08-03;3,9;null;0;26,8;null;17,2;null;null;null;
2016-08-04;2,9;null;0;26;null;17,6;null;null;null;
2016-08-05;2,5;null;0;26,8;null;16,5;null;null;null;
2016-08-06;2,2;null;0;30,4;null;13,5;null;null;null;
2016-08-07;3,3;null;0;33,2;null;14,6;null;null;null;
2016-08-08;4;null;0;28,6;null;17,8;null;null;null;
2016-08-09;2,8;null;0;30,8;null;18,2;null;null;null;
2016-08-10;2,9;null;0;30;null;17;null;null;null;
2016-08-11;2,5;null;2,5;26;null;15;null;null;null;
2016-08-12;3;null;0;27,2;null;9,7;null;null;null;
2016-08-13;2,9;null;0;26,4;null;15;null;null;null;
2016-08-14;2,3;null;0;31;null;12,4;null;null;null;
2016-08-15;3;null;0;33,8;null;15,2;null;null;null;
2016-08-16;3,3;null;9;29,7;null;17,9;null;null;null;
2016-08-17;2;null;6;31,8;null;16,8;null;null;null;
2016-08-18;2,6;null;0;34;null;17,8;null;null;null;
2016-08-19;4;null;0;30;null;18,2;null;null;null;
2016-08-20;2,9;null;0;31,1;null;17,9;null;null;null;
2016-08-21;3,2;null;0;29;null;20;null;null;null;
2016-08-22;3,3;null;1,2;26,2;null;16;null;null;null;
2016-08-23;2,8;null;0;21;null;15;null;null;null;
2016-08-24;2,4;null;0;27;null;15,5;null;null;null;
2016-08-25;3,4;null;0;26,8;null;14;null;null;null;
2016-08-26;2,7;null;0;28;null;13;null;null;null;
2016-08-27;2,7;null;0;29;null;12,5;null;null;null;
2016-08-28;3,3;null;0;30,2;null;13,2;null;null;null;
2016-08-29;3;null;0;33,2;null;13,5;null;null;null;
2016-08-30;4,3;null;0;32,6;null;15;null;null;null;
2016-08-31;3,7;null;0;32;null;17,4;null;null;null;
2016-09-01;2,7;null;37,8;27,4;null;18,5;null;null;null;
2016-09-02;1,5;null;0;29;null;17,3;null;null;null;
2016-09-03;2,3;null;0;29,2;null;17;null;null;null;
2016-09-04;2,3;null;0;30,6;null;18,5;null;null;null;
2016-09-05;3,2;null;0;31,2;null;16,7;null;null;null;
2016-09-06;3,6;null;0;31,2;null;16,6;null;null;null;
2016-09-07;3,7;null;0;33;null;18,4;null;null;null;
2016-09-08;3,9;null;0;31,8;null;18,2;null;null;null;
2016-09-09;3,8;null;0;29;null;20,4;null;null;null;
2016-09-10;2,7;null;0;29,9;null;20,6;null;null;null;
2016-09-11;3;null;0;30,6;null;16,3;null;null;null;
2016-09-12;2,7;null;0;32;null;17,2;null;null;null;
2016-09-13;3,5;null;0;33,3;null;16,8;null;null;null;
2016-09-14;4,3;null;0;35,4;null;18,5;null;null;null;
2016-09-15;5,3;null;0;33,8;null;19,5;null;null;null;
2016-09-16;4,2;null;0;26;null;19,5;null;null;null;
2016-09-17;3,3;null;3;29,8;null;17,8;null;null;null;
2016-09-18;2,1;null;0;35,4;null;18,5;null;null;null;
2016-09-19;3,9;null;,6;35;null;20;null;null;null;
2016-09-20;3,7;null;0;28;null;20,6;null;null;null;
2016-09-21;2,4;null;,2;27,6;null;18,2;null;null;null;
2016-09-22;3,7;null;0;28;null;13,4;null;null;null;
2016-09-23;4,1;null;0;29;null;16,4;null;null;null;
2016-09-24;3,2;null;0;32,8;null;15;null;null;null;
2016-09-25;4,2;null;0;27;null;20,5;null;null;null;
2016-09-26;2,3;null;7,6;22;null;17;null;null;null;
2016-09-27;1,6;null;,7;26,2;null;17,5;null;null;null;
2016-09-28;2,7;null;0;26,4;null;18,2;null;null;null;
2016-09-29;2,2;null;0;33,4;null;15,5;null;null;null;
2016-09-30;3,6;null;0;24;null;20;null;null;null;
2016-10-01;2,6;null;0;22;null;18,4;null;null;null;
2016-10-02;1;null;5,2;22;null;16,4;null;null;null;
2016-10-03;1;null;,7;23,6;null;16,2;null;null;null;
2016-10-04;1,5;null;22,5;19,8;null;17;null;null;null;
2016-10-05;,3;null;27,8;28;null;16,8;null;null;null;
2016-10-06;2,3;null;,4;22,8;null;17,6;null;null;null;
2016-10-07;,4;null;4;30;null;18,1;null;null;null;
2016-10-08;3,7;null;0;30;null;13,8;null;null;null;
2016-10-09;3,6;null;0;32,6;null;17;null;null;null;
2016-10-10;1,8;null;0;24,8;null;20,4;null;null;null;
2016-10-11;1,8;null;0;26;null;18,2;null;null;null;
2016-10-12;2,3;null;0;29,6;null;19,5;null;null;null;
2016-10-13;2,4;null;0;31;null;18;null;null;null;
2016-10-14;3,5;null;0;30,8;null;20,2;null;null;null;
2016-10-15;2,6;null;0;33;null;22,5;null;null;null;
2016-10-16;2,7;null;4,6;32,8;null;21,5;null;null;null;
2016-10-17;2,6;null;0;34,6;null;21;null;null;null;
2016-10-18;3,6;null;0;35,3;null;20,9;null;null;null;
2016-10-19;4,5;null;0;37,4;null;21,5;null;null;null;
2016-10-20;4,7;null;0;37,7;null;22;null;null;null;
2016-10-21;4,7;null;13;35;null;23,9;null;null;null;
2016-10-22;2,6;null;21,8;28;null;22;null;null;null;
2016-10-23;1,3;null;0;29,4;null;20,9;null;null;null;
2016-10-24;2,2;null;0;30;null;20,8;null;null;null;
2016-10-25;2,2;null;0;29,1;null;22;null;null;null;
2016-10-26;2,1;null;0;30,2;null;21,8;null;null;null;
2016-10-27;1,7;null;0;34,4;null;20,4;null;null;null;
2016-10-28;2,7;null;15;31,4;null;22,6;null;null;null;
2016-10-29;3;null;0;23;null;18,5;null;null;null;
2016-10-30;1,3;null;0;23,4;null;18;null;null;null;
2016-10-31;2,2;null;0;29,7;null;18;null;null;null;
2016-11-01;null;null;null;null;null;null;null;null;null;
2016-11-02;null;null;null;null;null;null;null;null;null;
2016-11-03;null;null;null;null;null;null;null;null;null;
2016-11-04;null;null;null;null;null;null;null;null;null;
2016-11-05;null;null;null;null;null;null;null;null;null;
2016-11-06;null;null;null;null;null;null;null;null;null;
2016-11-07;null;null;null;null;null;null;null;null;null;
2016-11-08;null;null;null;null;null;null;null;null;null;
2016-11-09;null;null;null;null;null;null;null;null;null;
2016-11-10;null;null;null;null;null;null;null;null;null;
2016-11-11;null;null;null;null;null;null;null;null;null;
2016-11-12;null;null;null;null;null;null;null;null;null;
2016-11-13;null;null;null;null;null;null;null;null;null;
2016-11-14;null;null;null;null;null;null;null;null;null;
2016-11-15;null;null;null;null;null;null;null;null;null;
2016-11-16;null;null;null;null;null;null;null;null;null;
2016-11-17;null;null;null;null;null;null;null;null;null;
2016-11-18;null;null;null;null;null;null;null;null;null;
2016-11-19;null;null;null;null;null;null;null;null;null;
2016-11-20;null;null;null;null;null;null;null;null;null;
2016-11-21;null;null;null;null;null;null;null;null;null;
2016-11-22;null;null;null;null;null;null;null;null;null;
2016-11-23;null;null;null;null;null;null;null;null;null;
2016-11-24;null;null;null;null;null;null;null;null;null;
2016-11-25;null;null;null;null;null;null;null;null;null;
2016-11-26;null;null;null;null;null;null;null;null;null;
2016-11-27;null;null;null;null;null;null;null;null;null;
2016-11-28;null;null;null;null;null;null;null;null;null;
2016-11-29;null;null;null;null;null;null;null;null;null;
2016-11-30;null;null;null;null;null;null;null;null;null;
2016-12-01;1,1;null;11,4;25,8;null;17,5;null;null;null;
2016-12-02;2,6;null;0;27,6;null;18,9;null;null;null;
2016-12-03;2,6;null;0;30,2;null;20,6;null;null;null;
2016-12-04;2,2;null;15;27,2;null;21,1;null;null;null;
2016-12-05;,8;null;60,4;27,4;null;21,4;null;null;null;
2016-12-06;,9;null;25,6;34;null;20,3;null;null;null;
2016-12-07;3,8;null;0;32,6;null;21,2;null;null;null;
2016-12-08;3,2;null;0;34;null;20,9;null;null;null;
2016-12-09;3,8;null;6,1;32,8;null;22,2;null;null;null;
2016-12-10;2;null;34;32,4;null;22,7;null;null;null;
2016-12-11;2;null;0;34;null;23,6;null;null;null;
2016-12-12;2,3;null;13,2;33;null;22,9;null;null;null;
2016-12-13;1,9;null;3,4;31,6;null;23,3;null;null;null;
2016-12-14;1,6;null;59,2;27,2;null;22,4;null;null;null;
2016-12-15;,9;null;7,2;24,6;null;22;null;null;null;
2016-12-16;,9;null;20,4;24;null;17,5;null;null;null;
2016-12-17;1,3;null;0;29,2;null;18,6;null;null;null;
2016-12-18;1,2;null;6;30,8;null;20;null;null;null;
2016-12-19;3;null;,4;31,2;null;20,9;null;null;null;
2016-12-20;3,9;null;0;32,2;null;21,2;null;null;null;
2016-12-21;3,5;null;0;32;null;20,5;null;null;null;
2016-12-22;3,2;null;0;34,4;null;21,1;null;null;null;
2016-12-23;3,2;null;0;33;null;21,5;null;null;null;
2016-12-24;3,1;null;0;35,4;null;23,2;null;null;null;
2016-12-25;3;null;3,8;32,8;null;19;null;null;null;
2016-12-26;3;null;0;34,6;null;21,9;null;null;null;
2016-12-27;3,5;null;0;36;null;23;null;null;null;
2016-12-28;4;null;0;36,4;null;23,4;null;null;null;
2016-12-29;4,2;null;0;36;null;22,4;null;null;null;
2016-12-30;4,6;null;0;36,2;null;22,8;null;null;null;
2016-12-31;3,8;null;0;35,8;null;22,9;null;null;null;
2017-01-01;4,2;null;0;35,1;null;23,5;null;null;null;
2017-01-02;4,3;null;0;37,4;null;24,2;null;null;null;
2017-01-03;3,3;null;4,1;34,6;null;20,7;null;null;null;
2017-01-04;2,7;null;0;34,8;null;20;null;null;null;
2017-01-05;3,9;null;0;35,8;null;23,6;null;null;null;
2017-01-06;4,1;null;0;35;null;23;null;null;null;
2017-01-07;3,7;null;0;35,4;null;23,3;null;null;null;
2017-01-08;3,8;null;2,6;32,8;null;22;null;null;null;
2017-01-09;3;null;0;34;null;22,5;null;null;null;
2017-01-10;3,2;null;0;35,4;null;22,6;null;null;null;
2017-01-11;3,8;null;0;35,8;null;22,1;null;null;null;
2017-01-12;3,2;null;0;32,4;null;22,9;null;null;null;
2017-01-13;2;null;2;27,8;null;23,1;null;null;null;
2017-01-14;,5;null;37,2;28,8;null;21,8;null;null;null;
2017-01-15;1,4;null;0;33,8;null;23,4;null;null;null;
2017-01-16;2;null;17,4;32;null;22,2;null;null;null;
2017-01-17;1,5;null;1,5;32,4;null;21,1;null;null;null;
2017-01-18;3;null;0;33,8;null;20,6;null;null;null;
2017-01-19;3,5;null;0;34,2;null;21;null;null;null;
2017-01-20;3,8;null;0;34,6;null;20,8;null;null;null;
2017-01-21;3,7;null;0;31,4;null;20,7;null;null;null;
2017-01-22;3;null;0;33;null;21,5;null;null;null;
2017-01-23;3,3;null;0;32,6;null;21;null;null;null;
2017-01-24;3,1;null;0;33,4;null;21,8;null;null;null;
2017-01-25;3,1;null;0;35,8;null;22,8;null;null;null;
2017-01-26;3,9;null;0;36;null;22,9;null;null;null;
2017-01-27;4,1;null;0;35,2;null;22,2;null;null;null;
2017-01-28;3,8;null;0;35,4;null;21,6;null;null;null;
2017-01-29;5,5;null;0;34,2;null;21,3;null;null;null;
2017-01-30;3,9;null;0;34;null;22,2;null;null;null;
2017-01-31;3,9;null;0;33,6;null;21,4;null;null;null;
2017-02-01;4,4;null;0;33;null;21;null;null;null;
2017-02-02;3,8;null;0;32,6;null;21,1;null;null;null;
2017-02-03;2,6;null;13;31,9;null;21,6;null;null;null;
2017-02-04;1,5;null;6,6;32,2;null;22,4;null;null;null;
2017-02-05;1,9;null;3,4;32,8;null;21,9;null;null;null;
2017-02-06;2,1;null;29,4;31,4;null;21,3;null;null;null;
2017-02-07;1,5;null;5,6;33,2;null;22,5;null;null;null;
2017-02-08;2,2;null;7,4;32,2;null;21,8;null;null;null;
2017-02-09;3,8;null;0;31,4;null;19,6;null;null;null;
2017-02-10;2;null;0;33;null;20,5;null;null;null;
2017-02-11;3,5;null;0;33,2;null;21;null;null;null;
2017-02-12;3,8;null;0;33;null;22,5;null;null;null;
2017-02-13;4,5;null;0;33,8;null;20,9;null;null;null;
2017-02-14;4,5;null;0;33,1;null;22,3;null;null;null;
2017-02-15;3,5;null;0;33,3;null;21,4;null;null;null;
2017-02-16;3,7;null;0;33;null;20,5;null;null;null;
2017-02-17;3,6;null;0;34,4;null;21,6;null;null;null;
2017-02-18;3,7;null;0;34,8;null;21;null;null;null;
2017-02-19;3,4;null;0;35;null;20,4;null;null;null;
2017-02-20;4,2;null;0;34,8;null;21,4;null;null;null;
2017-02-21;4,6;null;0;32;null;21,6;null;null;null;
2017-02-22;3;null;1;33,8;null;20;null;null;null;
2017-02-23;4,5;null;0;34,8;null;21,4;null;null;null;
2017-02-24;4,1;null;0;34,6;null;20,5;null;null;null;
2017-02-25;3,9;null;0;34;null;21,5;null;null;null;
2017-02-26;3,3;null;,2;31,4;null;22;null;null;null;
2017-02-27;1,5;null;6,5;27,8;null;21,2;null;null;null;
2017-02-28;,7;null;4,6;32,1;null;21;null;null;null;
2017-03-01;2,2;null;,4;32,1;null;21,5;null;null;null;
2017-03-02;2,3;null;0;35,8;null;21,8;null;null;null;
2017-03-03;3,4;null;0;35;null;23,5;null;null;null;
2017-03-04;3,5;null;0;34,8;null;22,7;null;null;null;
2017-03-05;3,7;null;0;35,4;null;22,5;null;null;null;
2017-03-06;3,6;null;0;35,8;null;21,9;null;null;null;
2017-03-07;2,9;null;0;34,8;null;22,6;null;null;null;
2017-03-08;2,5;null;,2;30,9;null;21,7;null;null;null;
2017-03-09;2,2;null;0;33;null;22,2;null;null;null;
2017-03-10;3,8;null;0;34,4;null;22,5;null;null;null;
2017-03-11;4;null;0;35,2;null;21,8;null;null;null;
2017-03-12;4;null;0;34,6;null;20,5;null;null;null;
2017-03-13;4;null;0;37;null;20,3;null;null;null;
2017-03-14;4,7;null;0;33,6;null;23,4;null;null;null;
2017-03-15;2,5;null;11,2;33;null;20,5;null;null;null;
2017-03-16;3;null;,2;32,4;null;20,5;null;null;null;
2017-03-17;3,6;null;0;35;null;20,3;null;null;null;
2017-03-18;4;null;0;34,4;null;22,4;null;null;null;
2017-03-19;3,4;null;6,2;25,8;null;21,6;null;null;null;
2017-03-20;,8;null;25,2;27,2;null;19,8;null;null;null;
2017-03-21;1,3;null;,2;31,2;null;15;null;null;null;
2017-03-22;3;null;0;30,6;null;17,1;null;null;null;
2017-03-23;3,2;null;0;30,8;null;17,5;null;null;null;
2017-03-24;3,3;null;0;31,2;null;19,5;null;null;null;
2017-03-25;3;null;0;33,8;null;18;null;null;null;
2017-03-26;3,4;null;0;33;null;19,8;null;null;null;
2017-03-27;3,6;null;0;32,1;null;18,7;null;null;null;
2017-03-28;3,3;null;,3;28,2;null;20,4;null;null;null;
2017-03-29;1,5;null;4,2;29,6;null;16,5;null;null;null;
2017-03-30;3,1;null;0;30,8;null;14,4;null;null;null;
2017-03-31;3,1;null;1,2;30;null;19,2;null;null;null;
2017-04-01;3,3;null;0;30,2;null;15;null;null;null;
2017-04-02;3,6;null;0;30;null;16;null;null;null;
2017-04-03;3,3;null;0;31,8;null;17,5;null;null;null;
2017-04-04;3,6;null;0;32,4;null;19,4;null;null;null;
2017-04-05;3,7;null;0;32,8;null;20;null;null;null;
2017-04-06;3,3;null;0;34,6;null;19;null;null;null;
2017-04-07;3,7;null;0;32,2;null;23,4;null;null;null;
2017-04-08;2,7;null;0;32;null;22,5;null;null;null;
2017-04-09;2,3;null;0;34,2;null;22,5;null;null;null;
2017-04-10;2,7;null;7;30,8;null;22,3;null;null;null;
2017-04-11;2,2;null;,3;32,2;null;21,7;null;null;null;
2017-04-12;2,4;null;0;32,9;null;21,8;null;null;null;
2017-04-13;2,2;null;,5;28,6;null;20,3;null;null;null;
2017-04-14;2;null;,2;30;null;19,7;null;null;null;
2017-04-15;2,6;null;0;30,6;null;20,9;null;null;null;
2017-04-16;2,4;null;0;31;null;20,5;null;null;null;
2017-04-17;2,4;null;0;34;null;18,5;null;null;null;
2017-04-18;3,4;null;0;29,8;null;19,5;null;null;null;
2017-04-19;2,7;null;0;28,2;null;15,8;null;null;null;
2017-04-20;2,6;null;0;27,8;null;17;null;null;null;
2017-04-21;2,9;null;0;29,8;null;18,1;null;null;null;
2017-04-22;2,4;null;0;29,4;null;18,9;null;null;null;
2017-04-23;1,3;null;1,7;29;null;16;null;null;null;
2017-04-24;2,1;null;1,5;26,4;null;18,9;null;null;null;
2017-04-25;1,9;null;0;28;null;19,5;null;null;null;
2017-04-26;1,8;null;0;30;null;20,4;null;null;null;
2017-04-27;1,6;null;0;33,4;null;20,6;null;null;null;
2017-04-28;2,1;null;8,2;23,6;null;19,8;null;null;null;
2017-04-29;,6;null;,6;21,8;null;18;null;null;null;
2017-04-30;,6;null;5;23,6;null;16,9;null;null;null;
2017-05-01;2;null;,1;26,8;null;17,5;null;null;null;
2017-05-02;2,4;null;0;25,6;null;15;null;null;null;
2017-05-03;1,6;null;0;28,9;null;15,2;null;null;null;
2017-05-04;2,4;null;0;28;null;16;null;null;null;
2017-05-05;1,8;null;0;29,8;null;17,9;null;null;null;
2017-05-06;1,8;null;0;27;null;18,9;null;null;null;
2017-05-07;1,3;null;,2;29,4;null;16,3;null;null;null;
2017-05-08;1,9;null;0;30;null;14,6;null;null;null;
2017-05-09;1,8;null;0;30,1;null;16,2;null;null;null;
2017-05-10;1,3;null;0;31,6;null;17,2;null;null;null;
2017-05-11;3,2;null;0;28,2;null;16,9;null;null;null;
2017-05-12;2,8;null;0;26,8;null;12,5;null;null;null;
2017-05-13;2,7;null;0;28;null;12,5;null;null;null;
2017-05-14;2,4;null;0;32;null;14,9;null;null;null;
2017-05-15;2,9;null;0;29,9;null;17,2;null;null;null;
2017-05-16;4;null;0;27;null;15,9;null;null;null;
2017-05-17;2,4;null;0;24,4;null;16,9;null;null;null;
2017-05-18;1,8;null;0;22;null;17,9;null;null;null;
2017-05-19;1,4;null;,2;19,8;null;17;null;null;null;
2017-05-20;,3;null;31,4;22,8;null;17;null;null;null;
2017-05-21;,6;null;,3;24,2;null;19,5;null;null;null;
2017-05-22;,7;null;4,2;24,8;null;19,9;null;null;null;
2017-05-23;,5;null;7,8;27,4;null;15,1;null;null;null;
2017-05-24;1,6;null;0;24;null;15;null;null;null;
2017-05-25;,7;null;0;25,2;null;18,5;null;null;null;
2017-05-26;1,1;null;0;24,4;null;18,5;null;null;null;
2017-05-27;,9;null;0;27,8;null;16,7;null;null;null;
2017-05-28;1,8;null;0;28;null;15,6;null;null;null;
2017-05-29;1,8;null;0;28,4;null;16,2;null;null;null;
2017-05-30;1,9;null;0;29;null;14,5;null;null;null;
2017-05-31;2,1;null;0;27;null;17,9;null;null;null;
2017-06-01;2,4;null;0;30;null;14,5;null;null;null;
2017-06-02;2,1;null;0;30,8;null;17,9;null;null;null;
2017-06-03;3,1;null;0;23,6;null;14,8;null;null;null;
2017-06-04;1,8;null;0;27,2;null;17;null;null;null;
2017-06-05;1,3;null;0;28;null;16,3;null;null;null;
2017-06-06;1,4;null;0;31,1;null;17,2;null;null;null;
2017-06-07;1,9;null;0;32,2;null;17,8;null;null;null;
2017-06-08;2,6;null;0;31,8;null;17,6;null;null;null;
2017-06-09;3;null;0;32,2;null;17,5;null;null;null;
2017-06-10;2,6;null;0;27,4;null;18,3;null;null;null;
2017-06-11;2,9;null;0;22,6;null;17,4;null;null;null;
2017-06-12;1,4;null;0;25;null;18,5;null;null;null;
2017-06-13;,9;null;2,4;29;null;17,4;null;null;null;
2017-06-14;1,8;null;,4;24,2;null;19,4;null;null;null;
2017-06-15;,9;null;0;26,6;null;13,2;null;null;null;
2017-06-16;1,7;null;0;26,4;null;13,5;null;null;null;
2017-06-17;1,8;null;0;27,4;null;15,9;null;null;null;
2017-06-18;1,7;null;0;28;null;14,2;null;null;null;
2017-06-19;2,1;null;0;29,2;null;14,9;null;null;null;
2017-06-20;3,1;null;0;27,9;null;17;null;null;null;
2017-06-21;2,6;null;4,6;25,9;null;17,5;null;null;null;
2017-06-22;1,6;null;0;24;null;14,5;null;null;null;
2017-06-23;1,2;null;0;27,4;null;14,2;null;null;null;
2017-06-24;1,9;null;0;25;null;15;null;null;null;
2017-06-25;1,3;null;,2;26;null;11,9;null;null;null;
2017-06-26;2;null;0;25,8;null;12;null;null;null;
2017-06-27;1,5;null;0;25,2;null;11,4;null;null;null;
2017-06-28;1,8;null;0;27,8;null;15,5;null;null;null;
2017-06-29;2,4;null;0;27,2;null;12,5;null;null;null;
2017-06-30;2,3;null;0;28,6;null;12,1;null;null;null;
2017-07-01;3,1;null;0;29;null;11,5;null;null;null;
2017-07-02;3,5;null;0;25,4;null;16,4;null;null;null;
2017-07-03;2,9;null;0;22,4;null;10,8;null;null;null;
2017-07-04;2,8;null;0;22;null;11,3;null;null;null;
2017-07-05;2,4;null;0;24,4;null;11,4;null;null;null;
2017-07-06;2;null;0;25;null;13,3;null;null;null;
2017-07-07;2;null;0;26,2;null;15,3;null;null;null;
2017-07-08;2,3;null;0;23,8;null;14,1;null;null;null;
2017-07-09;1,3;null;2;24;null;13,5;null;null;null;
2017-07-10;1,4;null;1;22,8;null;15,4;null;null;null;
2017-07-11;2,1;null;0;26;null;15;null;null;null;
2017-07-12;1,6;null;0;28;null;14,4;null;null;null;
2017-07-13;2,2;null;0;25,2;null;15,2;null;null;null;
2017-07-14;1,2;null;,2;22,1;null;13,8;null;null;null;
2017-07-15;1,4;null;0;24,6;null;13;null;null;null;
2017-07-16;1,1;null;0;27;null;14,2;null;null;null;
2017-07-17;2,6;null;0;27,8;null;15;null;null;null;
2017-07-18;3;null;0;29;null;14,3;null;null;null;
2017-07-19;3;null;0;20,6;null;14,4;null;null;null;
2017-07-20;1,1;null;0;22,3;null;12,4;null;null;null;
2017-07-21;2,1;null;0;28;null;12,1;null;null;null;
2017-07-22;2,3;null;0;30,6;null;14;null;null;null;
2017-07-23;2,9;null;0;27,4;null;14,6;null;null;null;
2017-07-24;2,9;null;0;28;null;13,6;null;null;null;
2017-07-25;3,1;null;0;27;null;17,8;null;null;null;
2017-07-26;3;null;0;27,6;null;14,6;null;null;null;
2017-07-27;2,8;null;0;26,8;null;12;null;null;null;
2017-07-28;3,2;null;0;27;null;11,4;null;null;null;
2017-07-29;3,5;null;1;23,2;null;16,8;null;null;null;
2017-07-30;,5;null;2,3;25;null;15,5;null;null;null;
2017-07-31;2,9;null;0;26,4;null;16,5;null;null;null;
2017-08-01;null;null;0;24,8;null;14,4;null;null;null;
2017-08-02;null;null;0;27;null;13,5;null;null;null;
2017-08-03;null;null;0;30;null;13;null;null;null;
2017-08-04;null;null;0;27,8;null;15,5;null;null;null;
2017-08-05;null;null;0;25,8;null;13,2;null;null;null;
2017-08-06;null;null;0;26,5;null;10;null;null;null;
2017-08-07;null;null;0;26;null;10,5;null;null;null;
2017-08-08;null;null;0;29;null;10,4;null;null;null;
2017-08-09;null;null;0;33;null;13,5;null;null;null;
2017-08-10;null;null;0;31,2;null;15,5;null;null;null;
2017-08-11;null;null;0;29;null;14,9;null;null;null;
2017-08-12;null;null;0;23,2;null;17;null;null;null;
2017-08-13;null;null;0;23;null;17,3;null;null;null;
2017-08-14;null;null;0;31,4;null;13;null;null;null;
2017-08-15;null;null;0;22;null;17,4;null;null;null;
2017-08-16;null;null;,5;28;null;16;null;null;null;
2017-08-17;null;null;0;25,4;null;18,6;null;null;null;
2017-08-18;null;null;9,2;26;null;17,8;null;null;null;
2017-08-19;null;null;1,8;28,2;null;18,5;null;null;null;
2017-08-20;null;null;0;31;null;17,1;null;null;null;
2017-08-21;null;null;3,8;21,2;null;18;null;null;null;
2017-08-22;null;null;,2;21,6;null;15,6;null;null;null;
2017-08-23;null;null;0;21;null;16,2;null;null;null;
2017-08-24;null;null;0;21,4;null;15,4;null;null;null;
2017-08-25;null;null;0;25,8;null;13,5;null;null;null;
2017-08-26;null;null;0;27;null;14,7;null;null;null;
2017-08-27;null;null;0;28;null;13,1;null;null;null;
2017-08-28;null;null;0;30,2;null;12,2;null;null;null;
2017-08-29;null;null;0;29,6;null;13,5;null;null;null;
2017-08-30;null;null;0;32,6;null;13,5;null;null;null;
2017-08-31;null;null;0;32,8;null;15,9;null;null;null;
2017-09-01;6,2;null;0;28,9;null;14,4;null;null;null;
2017-09-02;1,3;null;0;25;null;17,7;null;null;null;
2017-09-03;2,9;null;0;24,8;null;11,9;null;null;null;
2017-09-04;3,1;null;0;27,4;null;14,6;null;null;null;
2017-09-05;3,2;null;0;30,4;null;12,6;null;null;null;
2017-09-06;3,5;null;0;33,3;null;12,7;null;null;null;
2017-09-07;4,3;null;0;30;null;14,4;null;null;null;
2017-09-08;3,9;null;0;29,8;null;14,5;null;null;null;
2017-09-09;3,4;null;0;31;null;14,6;null;null;null;
2017-09-10;3,4;null;0;30,8;null;18,8;null;null;null;
2017-09-11;3,2;null;0;31,8;null;20;null;null;null;
2017-09-12;4;null;0;32,2;null;14,9;null;null;null;
2017-09-13;4,5;null;0;31,1;null;18,1;null;null;null;
2017-09-14;4;null;0;32,2;null;15,6;null;null;null;
2017-09-15;4,1;null;0;34,4;null;15,5;null;null;null;
2017-09-16;4,6;null;0;31,4;null;15,6;null;null;null;
2017-09-17;3,9;null;0;31,6;null;15,9;null;null;null;
2017-09-18;3,5;null;0;31,8;null;16,2;null;null;null;
2017-09-19;3,9;null;0;31,2;null;18,1;null;null;null;
2017-09-20;4,6;null;0;31;null;17,5;null;null;null;
2017-09-21;4,4;null;0;30,8;null;19;null;null;null;
2017-09-22;4,5;null;0;31;null;16,9;null;null;null;
2017-09-23;4,1;null;0;32;null;16,1;null;null;null;
2017-09-24;4,4;null;0;32;null;15;null;null;null;
2017-09-25;4,5;null;0;29;null;16,5;null;null;null;
2017-09-26;5,1;null;0;30,9;null;19;null;null;null;
2017-09-27;3,9;null;0;31,6;null;19,5;null;null;null;
2017-09-28;4,7;null;0;35,3;null;18;null;null;null;
2017-09-29;3,3;null;0;29,2;null;19,2;null;null;null;
2017-09-30;5,1;null;0;24;null;19,5;null;null;null;
2017-10-01;,7;null;4,9;33;null;19,2;null;null;null;
2017-10-02;3,8;null;0;35,4;null;19,5;null;null;null;
2017-10-03;4,2;null;5,6;25,4;null;21,5;null;null;null;
2017-10-04;1,3;null;1;22,9;null;19;null;null;null;
2017-10-05;1,3;null;0;29,6;null;17,5;null;null;null;
2017-10-06;2,9;null;0;32,3;null;18;null;null;null;
2017-10-07;4,1;null;0;33,4;null;17,8;null;null;null;
2017-10-08;4,2;null;0;32,2;null;21,1;null;null;null;
2017-10-09;4,7;null;0;31,8;null;18,8;null;null;null;
2017-10-10;4,5;null;0;36,3;null;19,4;null;null;null;
2017-10-11;5,5;null;0;37,8;null;20;null;null;null;
2017-10-12;6,2;null;0;38,4;null;20,4;null;null;null;
2017-10-13;6,6;null;0;36,8;null;19,1;null;null;null;
2017-10-14;5,9;null;0;38,6;null;19,2;null;null;null;
2017-10-15;6,3;null;0;32,6;null;20,6;null;null;null;
2017-10-16;4,1;null;0;27,9;null;20,8;null;null;null;
2017-10-17;3,6;null;0;31;null;20;null;null;null;
2017-10-18;4,3;null;0;32;null;17;null;null;null;
2017-10-19;5;null;0;34,2;null;16,8;null;null;null;
2017-10-20;5,6;null;0;38;null;18;null;null;null;
2017-10-21;6,4;null;0;35,4;null;20;null;null;null;
2017-10-22;5;null;,1;35,6;null;22,5;null;null;null;
2017-10-23;4;null;38,6;24,2;null;20;null;null;null;
2017-10-24;3,8;null;,6;29,4;null;19;null;null;null;
2017-10-25;1,8;null;0;31,2;null;20,2;null;null;null;
2017-10-26;1,9;null;0;32,2;null;19;null;null;null;
2017-10-27;4;null;0;33;null;19,6;null;null;null;
2017-10-28;3,3;null;7,6;31,2;null;21,4;null;null;null;
2017-10-29;3,2;null;0;32,8;null;21,6;null;null;null;
2017-10-30;3,5;null;13,6;32,4;null;20;null;null;null;
2017-10-31;3,1;null;2,5;33;null;21,8;null;null;null;
2017-11-01;null;null;null;null;null;null;null;null;null;
2017-11-02;null;null;null;null;null;null;null;null;null;
2017-11-03;null;null;null;null;null;null;null;null;null;
2017-11-04;null;null;null;null;null;null;null;null;null;
2017-11-05;null;null;null;null;null;null;null;null;null;
2017-11-06;null;null;null;null;null;null;null;null;null;
2017-11-07;null;null;null;null;null;null;null;null;null;
2017-11-08;null;null;null;null;null;null;null;null;null;
2017-11-09;null;null;null;null;null;null;null;null;null;
2017-11-10;null;null;null;null;null;null;null;null;null;
2017-11-11;null;null;null;null;null;null;null;null;null;
2017-11-12;null;null;null;null;null;null;null;null;null;
2017-11-13;null;null;null;null;null;null;null;null;null;
2017-11-14;null;null;null;null;null;null;null;null;null;
2017-11-15;null;null;null;null;null;null;null;null;null;
2017-11-16;null;null;null;null;null;null;null;null;null;
2017-11-17;null;null;null;null;null;null;null;null;null;
2017-11-18;null;null;null;null;null;null;null;null;null;
2017-11-19;null;null;null;null;null;null;null;null;null;
2017-11-20;null;null;null;null;null;null;null;null;null;
2017-11-21;null;null;null;null;null;null;null;null;null;
2017-11-22;null;null;null;null;null;null;null;null;null;
2017-11-23;null;null;null;null;null;null;null;null;null;
2017-11-24;null;null;null;null;null;null;null;null;null;
2017-11-25;null;null;null;null;null;null;null;null;null;
2017-11-26;null;null;null;null;null;null;null;null;null;
2017-11-27;null;null;null;null;null;null;null;null;null;
2017-11-28;null;null;null;null;null;null;null;null;null;
2017-11-29;null;null;null;null;null;null;null;null;null;
2017-11-30;null;null;null;null;null;null;null;null;null;
2017-12-01;1,6;null;12,8;29,4;null;20,4;null;null;null;
2017-12-02;,4;null;8;29;null;20;null;null;null;
2017-12-03;2;null;0;28,4;null;21,3;null;null;null;
2017-12-04;1,8;null;4;30;null;21;null;null;null;
2017-12-05;1,9;null;0;32,8;null;22,8;null;null;null;
2017-12-06;2,4;null;16,4;29,4;null;19,6;null;null;null;
2017-12-07;2,9;null;0;28;null;19,5;null;null;null;
2017-12-08;2;null;3,4;24,4;null;21,5;null;null;null;
2017-12-09;,7;null;35,6;31,6;null;21;null;null;null;
2017-12-10;1,9;null;,6;32,6;null;21,4;null;null;null;
2017-12-11;3,5;null;0;30,8;null;22,1;null;null;null;
2017-12-12;2,3;null;0;30,6;null;20,3;null;null;null;
2017-12-13;3,8;null;0;29,4;null;20,7;null;null;null;
2017-12-14;3,4;null;0;28;null;20,2;null;null;null;
2017-12-15;2,2;null;0;32,8;null;21,5;null;null;null;
2017-12-16;3,1;null;0;35;null;22,4;null;null;null;
2017-12-17;3,7;null;0;34,8;null;20,8;null;null;null;
2017-12-18;4;null;0;35,4;null;22;null;null;null;
2017-12-19;4,5;null;0;33,8;null;21,5;null;null;null;
2017-12-20;4,5;null;0;33,6;null;21,2;null;null;null;
2017-12-21;3,5;null;0;32;null;21,9;null;null;null;
2017-12-22;2,8;null;7,4;32;null;21,8;null;null;null;
2017-12-23;2,7;null;,1;35,8;null;21,9;null;null;null;
2017-12-24;4,6;null;0;36,2;null;23,6;null;null;null;
2017-12-25;3,7;null;0;36,4;null;24,2;null;null;null;
2017-12-26;4;null;3;35,8;null;23,2;null;null;null;
2017-12-27;3;null;5,1;35;null;22,5;null;null;null;
2017-12-28;4;null;,2;31,8;null;22,9;null;null;null;
2017-12-29;2,1;null;13,1;30;null;22,3;null;null;null;
2017-12-30;2;null;15,4;27;null;22,7;null;null;null;
2017-12-31;,9;null;3,6;30;null;22;null;null;null;
2018-01-01;1,2;null;6,8;33,8;null;21,8;null;null;null;
2018-01-02;2,4;null;15,8;33,6;null;22;null;null;null;
2018-01-03;2,2;null;17;33;null;22,4;null;null;null;
2018-01-04;1,4;null;17,4;24,8;null;22,5;null;null;null;
2018-01-05;1,3;null;61,2;30,6;null;21,3;null;null;null;
2018-01-06;1,2;null;64,4;30,4;null;21,2;null;null;null;
2018-01-07;1,8;null;0;33;null;22,6;null;null;null;
2018-01-08;3;null;0;33,4;null;22,1;null;null;null;
2018-01-09;3,5;null;0;33,4;null;20,5;null;null;null;
2018-01-10;3,7;null;,6;32,6;null;22;null;null;null;
2018-01-11;3,3;null;0;31,2;null;21,2;null;null;null;
2018-01-12;3;null;0;32;null;22,4;null;null;null;
2018-01-13;2,3;null;,2;33;null;21;null;null;null;
2018-01-14;3,1;null;0;33,2;null;22,6;null;null;null;
2018-01-15;3;null;0;33,6;null;22;null;null;null;
2018-01-16;3,4;null;0;34,3;null;21,4;null;null;null;
2018-01-17;3,6;null;0;36;null;22,2;null;null;null;
2018-01-18;4,4;null;0;35,6;null;21,9;null;null;null;
2018-01-19;5,1;null;0;37,4;null;21,4;null;null;null;
2018-01-20;5,5;null;0;36,6;null;22;null;null;null;
2018-01-21;4,7;null;0;34,8;null;21,7;null;null;null;
2018-01-22;4,3;null;0;35;null;23,5;null;null;null;
2018-01-23;3,5;null;,6;34,4;null;21,3;null;null;null;
2018-01-24;3,5;null;,4;34,8;null;22,5;null;null;null;
2018-01-25;4;null;0;34,6;null;22,8;null;null;null;
2018-01-26;3,7;null;,1;32,4;null;21,9;null;null;null;
2018-01-27;2,4;null;,5;32;null;21,2;null;null;null;
2018-01-28;3,1;null;0;33,4;null;21,4;null;null;null;
2018-01-29;3,8;null;0;34,6;null;22,8;null;null;null;
2018-01-30;2,2;null;16,6;26,6;null;21,8;null;null;null;
2018-01-31;,9;null;20,6;28;null;19,9;null;null;null;
2018-02-01;2;null;4,6;32,4;null;20;null;null;null;
2018-02-02;3,8;null;0;32,6;null;22,2;null;null;null;
2018-02-03;3,4;null;0;30,5;null;22,5;null;null;null;
2018-02-04;2,8;null;,1;29,4;null;21,5;null;null;null;
2018-02-05;1;null;8,2;21,1;null;18,6;null;null;null;
2018-02-06;,4;null;41,8;29,4;null;18,4;null;null;null;
2018-02-07;1,2;null;57,3;30,2;null;20,3;null;null;null;
2018-02-08;1,4;null;,3;32,6;null;21,6;null;null;null;
2018-02-09;2,7;null;2,5;33,9;null;22,7;null;null;null;
2018-02-10;2,8;null;0;34;null;22,3;null;null;null;
2018-02-11;3;null;0;35;null;23,5;null;null;null;
2018-02-12;3,3;null;0;34,8;null;23;null;null;null;
2018-02-13;4,5;null;0;34;null;21,2;null;null;null;
2018-02-14;3,5;null;0;33;null;23;null;null;null;
2018-02-15;3,8;null;0;31,2;null;21,5;null;null;null;
2018-02-16;3;null;0;33;null;20;null;null;null;
2018-02-17;3,4;null;2;33;null;21,2;null;null;null;
2018-02-18;3,4;null;0;32,8;null;21,5;null;null;null;
2018-02-19;2,3;null;7,8;30,8;null;20;null;null;null;
2018-02-20;1,7;null;14,6;32;null;22,6;null;null;null;
2018-02-21;1,6;null;8,6;32;null;23;null;null;null;
2018-02-22;1,7;null;5;31,4;null;23,5;null;null;null;
2018-02-23;1,5;null;17,2;30,8;null;22;null;null;null;
2018-02-24;1,2;null;19,2;29;null;19,9;null;null;null;
2018-02-25;1,3;null;5,2;29,1;null;21,2;null;null;null;
2018-02-26;1,7;null;0;29,2;null;21,9;null;null;null;
2018-02-27;1,6;null;11,4;31;null;21,5;null;null;null;
2018-02-28;1,3;null;19,4;33,6;null;22,4;null;null;null;
2018-03-01;1,7;null;7;33;null;22,6;null;null;null;
2018-03-02;1,9;null;0;35;null;24;null;null;null;
2018-03-03;2,1;null;14;33;null;22;null;null;null;
2018-03-04;1,7;null;4,8;32,8;null;22,4;null;null;null;
2018-03-05;2,2;null;6;35;null;24;null;null;null;
2018-03-06;2,4;null;0;35,2;null;23,4;null;null;null;
2018-03-07;2,6;null;0;33;null;23,6;null;null;null;
2018-03-08;1,9;null;28,2;30,8;null;21,7;null;null;null;
2018-03-09;1,3;null;,1;28;null;22,6;null;null;null;
2018-03-10;1,4;null;2,4;31,6;null;21,5;null;null;null;
2018-03-11;1,8;null;21,6;33,4;null;22,3;null;null;null;
2018-03-12;2,4;null;,2;35;null;20;null;null;null;
2018-03-13;3,7;null;0;34;null;21,2;null;null;null;
2018-03-14;2,5;null;0;34,4;null;22,1;null;null;null;
2018-03-15;3;null;0;34;null;24,2;null;null;null;
2018-03-16;2,4;null;0;34;null;23,5;null;null;null;
2018-03-17;2,9;null;0;31,3;null;24;null;null;null;
2018-03-18;1,8;null;7;32,4;null;22,7;null;null;null;
2018-03-19;2,5;null;0;33,8;null;21,2;null;null;null;
2018-03-20;3,2;null;0;34,6;null;23,2;null;null;null;
2018-03-21;3,2;null;0;29;null;23,8;null;null;null;
2018-03-22;1,4;null;0;31,2;null;22,5;null;null;null;
2018-03-23;1,6;null;7,4;32;null;21,4;null;null;null;
2018-03-24;2,2;null;2,5;31;null;20;null;null;null;
2018-03-25;3,6;null;0;30,8;null;22,4;null;null;null;
2018-03-26;2,7;null;0;32,4;null;21;null;null;null;
2018-03-27;2,9;null;0;31,8;null;19,4;null;null;null;
2018-03-28;2,8;null;0;31,8;null;19,6;null;null;null;
2018-03-29;3,1;null;0;31,4;null;19,5;null;null;null;
2018-03-30;3,3;null;0;31;null;20,9;null;null;null;
2018-03-31;2,8;null;0;31,6;null;19,5;null;null;null;
2018-04-01;2,9;null;0;32;null;20,4;null;null;null;
2018-04-02;2,7;null;0;32,2;null;20,7;null;null;null;
2018-04-03;2,3;null;1;33;null;22;null;null;null;
2018-04-04;1,7;null;18,2;28;null;21,5;null;null;null;
2018-04-05;1,5;null;,3;30;null;22,2;null;null;null;
2018-04-06;1,5;null;0;27,3;null;23;null;null;null;
2018-04-07;,8;null;48,2;31;null;20,9;null;null;null;
2018-04-08;1,7;null;0;30,9;null;19,5;null;null;null;
2018-04-09;1,9;null;16,8;30;null;19,4;null;null;null;
2018-04-10;2,4;null;0;30,6;null;19,2;null;null;null;
2018-04-11;2,8;null;0;30;null;18,5;null;null;null;
2018-04-12;2,7;null;0;29,2;null;19,9;null;null;null;
2018-04-13;2,1;null;0;31;null;19,8;null;null;null;
2018-04-14;2,5;null;0;30,8;null;20,2;null;null;null;
2018-04-15;2;null;6,6;28,2;null;19,9;null;null;null;
2018-04-16;,8;null;14,4;24,8;null;20;null;null;null;
2018-04-17;1,1;null;2,2;27;null;16,4;null;null;null;
2018-04-18;1,9;null;0;27,9;null;15,3;null;null;null;
2018-04-19;2,6;null;0;28,2;null;15,6;null;null;null;
2018-04-20;2,2;null;0;29;null;16,6;null;null;null;
2018-04-21;3,3;null;0;26,8;null;20;null;null;null;
2018-04-22;2,1;null;0;28,6;null;18,4;null;null;null;
2018-04-23;2,7;null;0;28;null;18,2;null;null;null;
2018-04-24;1,6;null;5,8;29,9;null;19,2;null;null;null;
2018-04-25;2,2;null;0;29,8;null;18,5;null;null;null;
2018-04-26;2,2;null;0;30,6;null;20;null;null;null;
2018-04-27;2,7;null;0;30;null;20,7;null;null;null;
2018-04-28;1,9;null;3;29,8;null;19,8;null;null;null;
2018-04-29;2,6;null;0;29,2;null;19,7;null;null;null;
2018-04-30;2,5;null;0;30;null;17,2;null;null;null;
2018-05-01;2,1;null;0;31,8;null;16;null;null;null;
2018-05-02;2,9;null;0;31,4;null;17;null;null;null;
2018-05-03;2,5;null;2,5;28,2;null;21;null;null;null;
2018-05-04;1,5;null;0;29,8;null;20,5;null;null;null;
2018-05-05;2,2;null;0;31;null;19,7;null;null;null;
2018-05-06;2,1;null;0;31,4;null;18;null;null;null;
2018-05-07;2,2;null;2,5;29;null;16,2;null;null;null;
2018-05-08;1,6;null;,6;28,6;null;16,8;null;null;null;
2018-05-09;1,2;null;2,4;28,2;null;15,5;null;null;null;
2018-05-10;2,1;null;0;26,8;null;14,6;null;null;null;
2018-05-11;2,3;null;0;28;null;16;null;null;null;
2018-05-12;1,6;null;0;31;null;16,5;null;null;null;
2018-05-13;2,4;null;0;26;null;21;null;null;null;
2018-05-14;1;null;2,4;25,4;null;18,8;null;null;null;
2018-05-15;1,6;null;,2;25;null;19,3;null;null;null;
2018-05-16;,6;null;0;30,2;null;17,2;null;null;null;
2018-05-17;1,9;null;2,8;27,9;null;20;null;null;null;
2018-05-18;1,2;null;2,6;27,4;null;19,8;null;null;null;
2018-05-19;1,6;null;0;29,4;null;18,4;null;null;null;
2018-05-20;1,6;null;13,2;25,4;null;18,5;null;null;null;
2018-05-21;1,8;null;0;26;null;10,8;null;null;null;
2018-05-22;2;null;0;26;null;11,5;null;null;null;
2018-05-23;1,8;null;0;28,4;null;13;null;null;null;
2018-05-24;2;null;0;26,6;null;15;null;null;null;
2018-05-25;2,2;null;0;26,9;null;14,6;null;null;null;
2018-05-26;1,9;null;0;25,3;null;17,6;null;null;null;
2018-05-27;1,7;null;0;27;null;14,4;null;null;null;
2018-05-28;2,2;null;0;28;null;14;null;null;null;
2018-05-29;2,5;null;0;26,6;null;15,5;null;null;null;
2018-05-30;2,1;null;0;25,8;null;12,5;null;null;null;
2018-05-31;2;null;,3;26,8;null;14,3;null;null;null;
2018-06-01;1,4;null;0;28;null;15,6;null;null;null;
2018-06-02;2,2;null;0;29,6;null;15,6;null;null;null;
2018-06-03;2,2;null;0;30;null;16,5;null;null;null;
2018-06-04;2,6;null;0;25;null;16,4;null;null;null;
2018-06-05;1,6;null;0;21,8;null;16,8;null;null;null;
2018-06-06;,8;null;3,2;26;null;17,3;null;null;null;
2018-06-07;1,1;null;,7;28;null;17;null;null;null;
2018-06-08;1,4;null;,3;28;null;18;null;null;null;
2018-06-09;1,8;null;0;22,2;null;17,9;null;null;null;
2018-06-10;,9;null;0;26,2;null;18,7;null;null;null;
2018-06-11;1,4;null;0;27,2;null;17,2;null;null;null;
2018-06-12;1,1;null;0;30;null;16,9;null;null;null;
2018-06-13;1,9;null;0;31,1;null;16,8;null;null;null;
2018-06-14;2;null;0;29;null;17,6;null;null;null;
2018-06-15;1,7;null;0;21,5;null;18,6;null;null;null;
2018-06-16;,6;null;0;22,8;null;18,8;null;null;null;
2018-06-17;,8;null;0;26,8;null;16,9;null;null;null;
2018-06-18;1,6;null;0;26;null;18;null;null;null;
2018-06-19;1,8;null;0;24;null;15;null;null;null;
2018-06-20;1,3;null;0;25,4;null;14,3;null;null;null;
2018-06-21;1,5;null;0;27,8;null;13;null;null;null;
2018-06-22;1,9;null;0;29,2;null;14;null;null;null;
2018-06-23;2,2;null;0;29,6;null;15;null;null;null;
2018-06-24;2,3;null;0;29,2;null;14,9;null;null;null;
2018-06-25;2;null;0;29,8;null;14,8;null;null;null;
2018-06-26;2,6;null;0;30;null;18;null;null;null;
2018-06-27;2,5;null;0;30,2;null;15,5;null;null;null;
2018-06-28;2,5;null;0;28,2;null;15,6;null;null;null;
2018-06-29;3;null;0;27;null;15,5;null;null;null;
2018-06-30;2,4;null;0;27,8;null;17,9;null;null;null;
2018-07-01;1,6;null;0;29,2;null;15,2;null;null;null;
2018-07-02;2,2;null;0;29,4;null;15,4;null;null;null;
2018-07-03;2,2;null;0;30,6;null;16;null;null;null;
2018-07-04;2,6;null;0;28,6;null;17;null;null;null;
2018-07-05;2;null;0;29,4;null;19;null;null;null;
2018-07-06;2;null;0;30,8;null;15,5;null;null;null;
2018-07-07;2,8;null;0;28,9;null;13,9;null;null;null;
2018-07-08;3,5;null;0;30;null;12,8;null;null;null;
2018-07-09;2,9;null;0;30,8;null;14,2;null;null;null;
2018-07-10;3;null;0;28,6;null;15,6;null;null;null;
2018-07-11;1,6;null;29,6;19,8;null;14,2;null;null;null;
2018-07-12;,9;null;,2;20;null;12;null;null;null;
2018-07-13;1,1;null;0;23,8;null;13,2;null;null;null;
2018-07-14;1,2;null;0;27,8;null;13,3;null;null;null;
2018-07-15;1,8;null;0;29;null;14,5;null;null;null;
2018-07-16;2,2;null;0;29,8;null;13,8;null;null;null;
2018-07-17;2,8;null;0;30;null;13,3;null;null;null;
2018-07-18;2,8;null;0;28,2;null;15,6;null;null;null;
2018-07-19;1,8;null;0;28,1;null;14,5;null;null;null;
2018-07-20;2;null;0;29,6;null;14;null;null;null;
2018-07-21;2,4;null;0;30,8;null;14;null;null;null;
2018-07-22;2,8;null;0;28,9;null;14,9;null;null;null;
2018-07-23;2,5;null;0;27,9;null;17,3;null;null;null;
2018-07-24;2,5;null;0;28;null;15,4;null;null;null;
2018-07-25;3,1;null;0;27;null;13,5;null;null;null;
2018-07-26;2,2;null;0;26,6;null;16,1;null;null;null;
2018-07-27;1,9;null;0;26,2;null;14,2;null;null;null;
2018-07-28;2;null;0;28,4;null;13,3;null;null;null;
2018-07-29;2,3;null;0;29,6;null;14;null;null;null;
2018-07-30;2,8;null;0;30,8;null;14,3;null;null;null;
2018-07-31;2,8;null;0;25,8;null;15,5;null;null;null;
2018-08-01;1,9;null;,2;24,8;null;14,8;null;null;null;
2018-08-02;,6;null;8,8;20,2;null;17;null;null;null;
2018-08-03;,5;null;,2;20;null;16,8;null;null;null;
2018-08-04;,5;null;24,2;26,2;null;17,7;null;null;null;
2018-08-05;1;null;0;28;null;17,8;null;null;null;
2018-08-06;1,7;null;0;21,6;null;18,8;null;null;null;
2018-08-07;,6;null;20,6;21,2;null;16,8;null;null;null;
2018-08-08;,6;null;,2;23,2;null;17;null;null;null;
2018-08-09;,9;null;0;27;null;18,4;null;null;null;
2018-08-10;1,2;null;0;30,4;null;18;null;null;null;
2018-08-11;2,7;null;0;28,9;null;16,7;null;null;null;
2018-08-12;3,2;null;0;27,4;null;12,5;null;null;null;
2018-08-13;2,6;null;0;27,8;null;11;null;null;null;
2018-08-14;2,8;null;0;27,1;null;12,2;null;null;null;
2018-08-15;2,6;null;0;28;null;12,4;null;null;null;
2018-08-16;2,4;null;0;23,4;null;18;null;null;null;
2018-08-17;2,1;null;0;22,2;null;17,9;null;null;null;
2018-08-18;1,1;null;5;24,8;null;15,6;null;null;null;
2018-08-19;1,5;null;0;26,4;null;16;null;null;null;
2018-08-20;2,2;null;0;29,8;null;13,6;null;null;null;
2018-08-21;2,8;null;0;29,2;null;16,6;null;null;null;
2018-08-22;2,2;null;0;28,8;null;14,2;null;null;null;
2018-08-23;2,6;null;0;29;null;15,6;null;null;null;
2018-08-24;2,4;null;0;30,4;null;15,9;null;null;null;
2018-08-25;2,7;null;0;27,8;null;17;null;null;null;
2018-08-26;2,2;null;0;28,2;null;16,8;null;null;null;
2018-08-27;2,6;null;0;22,2;null;16,6;null;null;null;
2018-08-28;1,5;null;0;23;null;16,5;null;null;null;
2018-08-29;2;null;0;24,6;null;16,6;null;null;null;
2018-08-30;1,9;null;0;29,2;null;17;null;null;null;
2018-08-31;2,8;null;0;30,6;null;16,5;null;null;null;
2018-09-01;3,2;null;0;32,8;null;15,5;null;null;null;
2018-09-02;4,1;null;0;32,6;null;16,6;null;null;null;
2018-09-03;4,1;null;0;33,4;null;17,8;null;null;null;
2018-09-04;4,4;null;4,5;28,2;null;19,5;null;null;null;
2018-09-05;3;null;0;28,8;null;13,5;null;null;null;
2018-09-06;3,9;null;0;27,4;null;12;null;null;null;
2018-09-07;3,2;null;0;27,6;null;16,2;null;null;null;
2018-09-08;2,9;null;0;27,2;null;13;null;null;null;
2018-09-09;3;null;0;28,2;null;14;null;null;null;
2018-09-10;3;null;0;28;null;17,4;null;null;null;
2018-09-11;3;null;0;25,2;null;17,6;null;null;null;
2018-09-12;2,2;null;0;24,8;null;16,6;null;null;null;
2018-09-13;2,5;null;0;22,8;null;17,3;null;null;null;
2018-09-14;1,8;null;0;27,6;null;17,6;null;null;null;
2018-09-15;2;null;28,2;24,4;null;18;null;null;null;
2018-09-16;,9;null;23;29;null;17,2;null;null;null;
2018-09-17;2,3;null;,2;22;null;19,5;null;null;null;
2018-09-18;,5;null;12;19,8;null;19,6;null;null;null;
2018-09-19;,8;null;14,2;31,8;null;16,4;null;null;null;
2018-09-20;2,2;null;0;28,8;null;21;null;null;null;
2018-09-21;1,8;null;9,4;28;null;19,5;null;null;null;
2018-09-22;1;null;8;31,6;null;19,4;null;null;null;
2018-09-23;3,4;null;0;31,2;null;19,9;null;null;null;
2018-09-24;2,6;null;0;33,2;null;18;null;null;null;
2018-09-25;3,5;null;0;33;null;18,5;null;null;null;
2018-09-26;4,2;null;0;32;null;18,2;null;null;null;
2018-09-27;3,3;null;0;34;null;18,8;null;null;null;
2018-09-28;3,8;null;1,2;31,8;null;20,3;null;null;null;
2018-09-29;1,7;null;2,6;29,2;null;21,4;null;null;null;
2018-09-30;2;null;0;27,6;null;21,2;null;null;null;
2018-10-01;1,4;null;0;28;null;21,6;null;null;null;
2018-10-02;1,7;null;0;34,4;null;20,5;null;null;null;
2018-10-03;4;null;0;35,8;null;20,4;null;null;null;
2018-10-04;4;null;0;34,2;null;22,5;null;null;null;
2018-10-05;3,3;null;0;29;null;22,5;null;null;null;
2018-10-06;2,2;null;1,5;23,2;null;18,5;null;null;null;
2018-10-07;1,7;null;,2;24;null;17,8;null;null;null;
2018-10-08;1,4;null;0;30;null;19,2;null;null;null;
2018-10-09;2,4;null;0;31;null;20,6;null;null;null;
2018-10-10;2,3;null;0;34,6;null;21,3;null;null;null;
2018-10-11;3,2;null;3;30;null;22,4;null;null;null;
2018-10-12;1,3;null;12,4;28;null;22;null;null;null;
2018-10-13;1,2;null;0;33,8;null;20;null;null;null;
2018-10-14;3;null;,3;33;null;22,5;null;null;null;
2018-10-15;2,9;null;,1;23,8;null;20,6;null;null;null;
2018-10-16;1,1;null;1;24,2;null;19,5;null;null;null;
2018-10-17;1,5;null;0;27,6;null;20,5;null;null;null;
2018-10-18;1,5;null;1;27,6;null;21,7;null;null;null;
2018-10-19;1;null;0;31,8;null;22;null;null;null;
2018-10-20;4;null;,1;29;null;21,2;null;null;null;
2018-10-21;4,4;null;0;27,4;null;14;null;null;null;
2018-10-22;4,1;null;0;27,2;null;15,5;null;null;null;
2018-10-23;3;null;0;33,4;null;15,4;null;null;null;
2018-10-24;3,8;null;0;31;null;19,9;null;null;null;
2018-10-25;2,8;null;12,6;22,6;null;21;null;null;null;
2018-10-26;,6;null;8,8;25,8;null;18,8;null;null;null;
2018-10-27;,8;null;2,4;32;null;20,4;null;null;null;
2018-10-28;2,4;null;5,2;30,4;null;20;null;null;null;
2018-10-29;3,8;null;0;23;null;18;null;null;null;
2018-10-30;1,3;null;,2;28,8;null;17,6;null;null;null;
2018-10-31;2,5;null;0;31,6;null;20,5;null;null;null;
2018-11-01;2,5;null;0;33,2;null;21,4;null;null;null;
2018-11-02;2,2;null;18,4;30;null;20,2;null;null;null;
2018-11-03;2,6;null;0;32,8;null;21,2;null;null;null;
2018-11-04;2,9;null;0;35;null;22,5;null;null;null;
2018-11-05;2,8;null;24,4;23,8;null;20,5;null;null;null;
2018-11-06;1,3;null;0;27;null;19;null;null;null;
2018-11-07;2,7;null;0;30,8;null;20,9;null;null;null;
2018-11-08;2,2;null;46,8;21,6;null;18,8;null;null;null;
2018-11-09;,6;null;16,8;23;null;18;null;null;null;
2018-11-10;,4;null;4,2;27,4;null;19;null;null;null;
2018-11-11;1,5;null;1,2;31;null;20,2;null;null;null;
2018-11-12;2,4;null;0;31,8;null;21;null;null;null;
2018-11-13;3,2;null;0;32,4;null;21,6;null;null;null;
2018-11-14;3;null;0;34,6;null;23;null;null;null;
2018-11-15;3,7;null;0;33,4;null;23,4;null;null;null;
2018-11-16;2,8;null;0;32;null;22,4;null;null;null;
2018-11-17;1,7;null;11,2;29;null;20,4;null;null;null;
2018-11-18;2;null;0;32,2;null;22;null;null;null;
2018-11-19;3,4;null;,2;28;null;22,6;null;null;null;
2018-11-20;,9;null;27,8;21,4;null;18,9;null;null;null;
2018-11-21;,5;null;14,4;24;null;18,5;null;null;null;
2018-11-22;,4;null;3;28,2;null;18,4;null;null;null;
2018-11-23;2,1;null;0;30;null;19,8;null;null;null;
2018-11-24;2,4;null;1,4;28,8;null;19,7;null;null;null;
2018-11-25;2,3;null;0;31,4;null;21,4;null;null;null;
2018-11-26;2,8;null;1;31,8;null;20,2;null;null;null;
2018-11-27;2,7;null;0;32;null;19,4;null;null;null;
2018-11-28;2,3;null;2,2;31,2;null;20;null;null;null;
2018-11-29;3,8;null;0;32,6;null;19,5;null;null;null;
2018-11-30;3,4;null;0;34,2;null;20;null;null;null;
2018-12-01;null;null;null;null;null;null;null;null;null;
2018-12-02;null;null;null;null;null;null;null;null;null;
2018-12-03;null;null;null;null;null;null;null;null;null;
2018-12-04;null;null;null;null;null;null;null;null;null;
2018-12-05;null;null;null;null;null;null;null;null;null;
2018-12-06;null;null;null;null;null;null;null;null;null;
2018-12-07;null;null;null;null;null;null;null;null;null;
2018-12-08;null;null;null;null;null;null;null;null;null;
2018-12-09;null;null;null;null;null;null;null;null;null;
2018-12-10;null;null;null;null;null;null;null;null;null;
2018-12-11;null;null;null;null;null;null;null;null;null;
2018-12-12;null;null;null;null;null;null;null;null;null;
2018-12-13;null;null;null;null;null;null;null;null;null;
2018-12-14;null;null;null;null;null;null;null;null;null;
2018-12-15;null;null;null;null;null;null;null;null;null;
2018-12-16;null;null;null;null;null;null;null;null;null;
2018-12-17;null;null;null;null;null;null;null;null;null;
2018-12-18;null;null;null;null;null;null;null;null;null;
2018-12-19;null;null;null;null;null;null;null;null;null;
2018-12-20;null;null;null;null;null;null;null;null;null;
2018-12-21;null;null;null;null;null;null;null;null;null;
2018-12-22;null;null;null;null;null;null;null;null;null;
2018-12-23;null;null;null;null;null;null;null;null;null;
2018-12-24;null;null;null;null;null;null;null;null;null;
2018-12-25;null;null;null;null;null;null;null;null;null;
2018-12-26;null;null;null;null;null;null;null;null;null;
2018-12-27;null;null;null;null;null;null;null;null;null;
2018-12-28;null;null;null;null;null;null;null;null;null;
2018-12-29;null;null;null;null;null;null;null;null;null;
2018-12-30;null;null;null;null;null;null;null;null;null;
2018-12-31;null;null;null;null;null;null;null;null;null;
2019-01-01;null;null;null;null;null;null;null;null;null;
2019-01-02;null;null;null;null;null;null;null;null;null;
2019-01-03;null;null;null;null;null;null;null;null;null;
2019-01-04;null;null;null;null;null;null;null;null;null;
2019-01-05;null;null;null;null;null;null;null;null;null;
2019-01-06;null;null;null;null;null;null;null;null;null;
2019-01-07;null;null;null;null;null;null;null;null;null;
2019-01-08;null;null;null;null;null;null;null;null;null;
2019-01-09;null;null;null;null;null;null;null;null;null;
2019-01-10;null;null;null;null;null;null;null;null;null;
2019-01-11;null;null;null;null;null;null;null;null;null;
2019-01-12;null;null;null;null;null;null;null;null;null;
2019-01-13;null;null;null;null;null;null;null;null;null;
2019-01-14;null;null;null;null;null;null;null;null;null;
2019-01-15;null;null;null;null;null;null;null;null;null;
2019-01-16;null;null;null;null;null;null;null;null;null;
2019-01-17;null;null;null;null;null;null;null;null;null;
2019-01-18;null;null;null;null;null;null;null;null;null;
2019-01-19;null;null;null;null;null;null;null;null;null;
2019-01-20;null;null;null;null;null;null;null;null;null;
2019-01-21;null;null;null;null;null;null;null;null;null;
2019-01-22;null;null;null;null;null;null;null;null;null;
2019-01-23;null;null;null;null;null;null;null;null;null;
2019-01-24;null;null;null;null;null;null;null;null;null;
2019-01-25;null;null;null;null;null;null;null;null;null;
2019-01-26;null;null;null;null;null;null;null;null;null;
2019-01-27;null;null;null;null;null;null;null;null;null;
2019-01-28;null;null;null;null;null;null;null;null;null;
2019-01-29;null;null;null;null;null;null;null;null;null;
2019-01-30;null;null;null;null;null;null;null;null;null;
2019-01-31;null;null;null;null;null;null;null;null;null;
2019-02-01;5;null;0;37,6;null;22;null;null;null;
2019-02-02;5,8;null;0;38,9;null;22;null;null;null;
2019-02-03;6;null;0;39;null;23;null;null;null;
2019-02-04;5;null;0;32;null;23;null;null;null;
2019-02-05;2,7;null;20,4;28,2;null;22;null;null;null;
2019-02-06;1,2;null;14,4;26;null;20,7;null;null;null;
2019-02-07;1;null;36,4;27,6;null;20;null;null;null;
2019-02-08;,9;null;7,4;33,8;null;20,1;null;null;null;
2019-02-09;2,5;null;6,2;34;null;20;null;null;null;
2019-02-10;3,3;null;0;34,4;null;21,8;null;null;null;
2019-02-11;3,4;null;0;34,2;null;22,9;null;null;null;
2019-02-12;3,4;null;0;35;null;22;null;null;null;
2019-02-13;3,2;null;1,8;26,6;null;22,5;null;null;null;
2019-02-14;1,1;null;4;26,2;null;18,9;null;null;null;
2019-02-15;1,9;null;0;29;null;20,7;null;null;null;
2019-02-16;2;null;,5;25;null;22,2;null;null;null;
2019-02-17;,8;null;15,2;31,9;null;22,5;null;null;null;
2019-02-18;1,4;null;2,4;32,8;null;22,2;null;null;null;
2019-02-19;1,9;null;27,2;32,6;null;22,4;null;null;null;
2019-02-20;2,5;null;0;36;null;23;null;null;null;
2019-02-21;3;null;5,4;28,8;null;22,4;null;null;null;
2019-02-22;1,4;null;1,1;35,2;null;20,9;null;null;null;
2019-02-23;3;null;0;36,4;null;23,2;null;null;null;
2019-02-24;3,9;null;0;37;null;23,7;null;null;null;
2019-02-25;3,5;null;0;38;null;23,9;null;null;null;
2019-02-26;4,6;null;1,2;34,8;null;22;null;null;null;
2019-02-27;2,9;null;5;31,8;null;21,4;null;null;null;
2019-02-28;2,2;null;0;33,8;null;24,2;null;null;null;
2019-03-01;2,3;null;0;34,2;null;22;null;null;null;
2019-03-02;2,4;null;8,5;30,8;null;22,2;null;null;null;
2019-03-03;1,3;null;0;33,6;null;21,7;null;null;null;
2019-03-04;2,9;null;47,4;31,8;null;20,7;null;null;null;
2019-03-05;2,4;null;3;33,4;null;20,9;null;null;null;
2019-03-06;3,2;null;2,2;33,4;null;22,5;null;null;null;
2019-03-07;2,6;null;9,2;33,6;null;22,8;null;null;null;
2019-03-08;3;null;0;34,2;null;22,9;null;null;null;
2019-03-09;3,1;null;0;35;null;22,8;null;null;null;
2019-03-10;3,3;null;0;35,8;null;24,2;null;null;null;
2019-03-11;3,5;null;0;33,4;null;23;null;null;null;
2019-03-12;2,6;null;7,6;33;null;21,8;null;null;null;
2019-03-13;1,8;null;0;34,8;null;22,8;null;null;null;
2019-03-14;2,7;null;0;32,8;null;22,2;null;null;null;
2019-03-15;2,2;null;1,4;34,8;null;22,4;null;null;null;
2019-03-16;1,9;null;0;31,6;null;22,6;null;null;null;
2019-03-17;2,8;null;,8;32,8;null;23,2;null;null;null;
2019-03-18;2;null;5,6;34,2;null;23,3;null;null;null;
2019-03-19;2;null;1,2;35,4;null;24;null;null;null;
2019-03-20;2,4;null;,3;33;null;23,7;null;null;null;
2019-03-21;2,3;null;0;27;null;21,5;null;null;null;
2019-03-22;1,1;null;6;24;null;20,5;null;null;null;
2019-03-23;,9;null;0;30;null;19,2;null;null;null;
2019-03-24;2,1;null;0;30,8;null;21,1;null;null;null;
2019-03-25;2,2;null;15,4;32;null;20,5;null;null;null;
2019-03-26;2,5;null;0;33,4;null;20,7;null;null;null;
2019-03-27;3,3;null;0;32;null;18,2;null;null;null;
2019-03-28;3,8;null;1,1;30,4;null;20,6;null;null;null;
2019-03-29;2,4;null;1;29,2;null;19,5;null;null;null;
2019-03-30;1,4;null;3,5;30,8;null;17,6;null;null;null;
2019-03-31;2,6;null;0;30,8;null;20,4;null;null;null;

