Nome: RIO BONITO
Codigo Estacao: 83048
Latitude: -22.7125
Longitude: -42.64666666
Altitude: 62
Situacao: Desativada
Data Inicial: 2015-01-01
Data Final: 2019-05-05
Periodicidade da Medicao: Diaria

Data Medicao;EVAPORACAO DO PICHE, DIARIA(mm);INSOLACAO TOTAL, DIARIO(h);PRECIPITACAO TOTAL, DIARIO(mm);TEMPERATURA MAXIMA, DIARIA(°C);TEMPERATURA MEDIA COMPENSADA, DIARIA(°C);TEMPERATURA MINIMA, DIARIA(°C);UMIDADE RELATIVA DO AR, MEDIA DIARIA(%);UMIDADE RELATIVA DO AR, MINIMA DIARIA(%);VENTO, VELOCIDADE MEDIA DIARIA(m/s);
2015-01-01;null;null;0;40,5;null;23,2;52;null;null;
2015-01-02;null;null;0;41,5;null;25,1;49;null;null;
2015-01-03;null;null;5,3;34,8;null;25;71;null;null;
2015-01-04;null;null;0;36,5;null;23,5;null;null;null;
2015-01-05;null;null;7,7;31,8;null;22,7;83;null;null;
2015-01-06;null;null;8,5;32,4;null;23;84;null;null;
2015-01-07;null;null;0;36,6;null;22,5;63;null;null;
2015-01-08;null;null;0;37,1;null;22,3;58;null;null;
2015-01-09;null;null;0;39,1;null;22,6;59;null;null;
2015-01-10;null;null;0;40,9;null;22,4;55;null;null;
2015-01-11;null;null;0;40,4;null;22,3;54;null;null;
2015-01-12;null;null;0;41,6;null;23,1;42;null;null;
2015-01-13;null;null;0;39,8;null;24,7;64;null;null;
2015-01-14;null;null;0;37,6;null;23,9;61;null;null;
2015-01-15;null;null;0;39,2;null;23,3;58;null;null;
2015-01-16;null;null;0;37,7;null;23,5;64;null;null;
2015-01-17;null;null;0;39,4;null;21,9;51;null;null;
2015-01-18;null;null;0;40,9;null;22,9;44;null;null;
2015-01-19;null;null;0;41,3;null;23;57;null;null;
2015-01-20;null;null;0;41,6;null;23,1;55;null;null;
2015-01-21;null;null;0;40,3;null;23,3;58;null;null;
2015-01-22;null;null;0;37,5;null;24,9;59;null;null;
2015-01-23;null;null;30,3;35;null;22,1;76;null;null;
2015-01-24;null;null;0;33,9;null;22,4;73;null;null;
2015-01-25;null;null;17,4;36,9;null;20,5;70;null;null;
2015-01-26;null;null;0;37,5;null;23,1;65;null;null;
2015-01-27;null;null;0;38;null;23,2;74;null;null;
2015-01-28;null;null;24,9;37,3;null;23,3;86;null;null;
2015-01-29;null;null;,3;39,5;null;23,5;81;null;null;
2015-01-30;null;null;0;37,6;null;25,9;71;null;null;
2015-01-31;null;null;0;33,2;null;25,7;90;null;null;
2015-02-01;null;null;,4;34,8;null;23,9;66;null;null;
2015-02-02;null;null;16,2;30,8;null;23,5;77;null;null;
2015-02-03;null;null;3,2;34,6;null;22,3;76;null;null;
2015-02-04;null;null;0;34,8;null;20,5;66;null;null;
2015-02-05;null;null;44,4;28,8;null;21,9;94;null;null;
2015-02-06;null;null;4,5;29,6;null;22,7;87;null;null;
2015-02-07;null;null;0;32,3;null;22,4;74;null;null;
2015-02-08;null;null;7,5;33,1;null;21,7;80;null;null;
2015-02-09;null;null;10,3;33,4;null;21,7;75;null;null;
2015-02-10;null;null;1,2;35,5;null;22,7;76;null;null;
2015-02-11;null;null;0;36,6;null;23,6;72;null;null;
2015-02-12;null;null;0;38,6;null;23,5;68;null;null;
2015-02-13;null;null;0;38,8;null;23,7;64;null;null;
2015-02-14;null;null;0;35,9;null;26,5;68;null;null;
2015-02-15;null;null;1,4;35,7;null;24,1;78;null;null;
2015-02-16;null;null;,5;30,1;null;22,5;83;null;null;
2015-02-17;null;null;0;35;null;23,4;74;null;null;
2015-02-18;null;null;0;34,2;null;23,5;67;null;null;
2015-02-19;null;null;0;36;null;23,9;64;null;null;
2015-02-20;null;null;0;37,5;null;23,4;69;null;null;
2015-02-21;null;null;0;35,8;null;22,5;65;null;null;
2015-02-22;null;null;0;35,4;null;24,1;62;null;null;
2015-02-23;null;null;0;36;null;25;68;null;null;
2015-02-24;null;null;0;36,5;null;22,5;57;null;null;
2015-02-25;null;null;0;36,1;null;23,1;59;null;null;
2015-02-26;null;null;0;37,4;null;23,3;60;null;null;
2015-02-27;null;null;0;37,8;null;22;57;null;null;
2015-02-28;null;null;0;34,1;null;22,8;62;null;null;
2015-03-01;null;null;null;null;null;null;null;null;null;
2015-03-02;null;null;null;null;null;null;null;null;null;
2015-03-03;null;null;null;null;null;null;null;null;null;
2015-03-04;null;null;null;null;null;null;null;null;null;
2015-03-05;null;null;null;null;null;null;null;null;null;
2015-03-06;null;null;null;null;null;null;null;null;null;
2015-03-07;null;null;null;null;null;null;null;null;null;
2015-03-08;null;null;null;null;null;null;null;null;null;
2015-03-09;null;null;null;null;null;null;null;null;null;
2015-03-10;null;null;null;null;null;null;null;null;null;
2015-03-11;null;null;null;null;null;null;null;null;null;
2015-03-12;null;null;null;null;null;null;null;null;null;
2015-03-13;null;null;null;null;null;null;null;null;null;
2015-03-14;null;null;null;null;null;null;null;null;null;
2015-03-15;null;null;null;null;null;null;null;null;null;
2015-03-16;null;null;null;null;null;null;null;null;null;
2015-03-17;null;null;null;null;null;null;null;null;null;
2015-03-18;null;null;null;null;null;null;null;null;null;
2015-03-19;null;null;null;null;null;null;null;null;null;
2015-03-20;null;null;null;null;null;null;null;null;null;
2015-03-21;null;null;null;null;null;null;null;null;null;
2015-03-22;null;null;null;null;null;null;null;null;null;
2015-03-23;null;null;null;null;null;null;null;null;null;
2015-03-24;null;null;null;null;null;null;null;null;null;
2015-03-25;null;null;null;null;null;null;null;null;null;
2015-03-26;null;null;null;null;null;null;null;null;null;
2015-03-27;null;null;null;null;null;null;null;null;null;
2015-03-28;null;null;null;null;null;null;null;null;null;
2015-03-29;null;null;null;null;null;null;null;null;null;
2015-03-30;null;null;null;null;null;null;null;null;null;
2015-03-31;null;null;null;null;null;null;null;null;null;
2015-04-01;null;null;0;25,8;null;23,7;90;null;null;
2015-04-02;null;null;5,4;28,2;null;21,6;89;null;null;
2015-04-03;null;null;,6;30,3;null;18,6;61;null;null;
2015-04-04;null;null;0;31,6;null;17,3;57;null;null;
2015-04-05;null;null;0;32,4;null;20;70;null;null;
2015-04-06;null;null;3,6;33;null;23,1;85;null;null;
2015-04-07;null;null;16;23,6;null;21,1;85;null;null;
2015-04-08;null;null;5,2;27,3;null;16,8;83;null;null;
2015-04-09;null;null;0;28,6;null;18,1;70;null;null;
2015-04-10;null;null;0;30,1;null;18,6;67;null;null;
2015-04-11;null;null;0;30,6;null;17,9;68;null;null;
2015-04-12;null;null;0;31,5;null;17,8;75;null;null;
2015-04-13;null;null;0;31,2;null;17,5;77;null;null;
2015-04-14;null;null;0;31,6;null;18,6;71;null;null;
2015-04-15;null;null;0;32,1;null;20;70;null;null;
2015-04-16;null;null;0;31,4;null;21,1;77;null;null;
2015-04-17;null;null;0;31,1;null;22,7;73;null;null;
2015-04-18;null;null;0;32,8;null;21,3;73;null;null;
2015-04-19;null;null;0;29,4;null;22,5;88;null;null;
2015-04-20;null;null;0;33;null;22,2;78;null;null;
2015-04-21;null;null;0;35,6;null;22,6;76;null;null;
2015-04-22;null;null;,9;25,5;null;23,5;90;null;null;
2015-04-23;null;null;10,3;26,2;null;21,4;87;null;null;
2015-04-24;null;null;0;30,1;null;22;78;null;null;
2015-04-25;null;null;,3;28,3;null;22,1;90;null;null;
2015-04-26;null;null;1,6;28;null;19,7;84;null;null;
2015-04-27;null;null;1,9;27,3;null;19,5;79;null;null;
2015-04-28;null;null;0;30,1;null;17,9;71;null;null;
2015-04-29;null;null;0;28,2;null;19,5;80;null;null;
2015-04-30;null;null;1,9;22,1;null;18,7;90;null;null;
2015-05-01;null;null;4,7;26,7;null;16,8;92;null;null;
2015-05-02;null;null;0;30,3;null;16,7;71;null;null;
2015-05-03;null;null;0;31,7;null;22,2;75;null;null;
2015-05-04;null;null;0;32,1;null;18,9;83;null;null;
2015-05-05;null;null;15,2;23,6;null;21,9;97;null;null;
2015-05-06;null;null;8,5;23,4;null;19,8;93;null;null;
2015-05-07;null;null;0;25,5;null;17,8;85;null;null;
2015-05-08;null;null;15,2;23,2;null;18,2;95;null;null;
2015-05-09;null;null;3,1;27,6;null;15,2;82;null;null;
2015-05-10;null;null;0;29;null;15,3;75;null;null;
2015-05-11;null;null;,1;27,8;null;20,5;71;null;null;
2015-05-12;null;null;2;27,7;null;19,4;72;null;null;
2015-05-13;null;null;4,5;23,2;null;20,1;92;null;null;
2015-05-14;null;null;4,1;26,6;null;19,1;90;null;null;
2015-05-15;null;null;0;26,9;null;15,6;82;null;null;
2015-05-16;null;null;,6;24;null;18,5;92;null;null;
2015-05-17;null;null;1,2;27,4;null;20;69;null;null;
2015-05-18;null;null;0;27,2;null;20,5;80;null;null;
2015-05-19;null;null;0;26,6;null;20,6;80;null;null;
2015-05-20;null;null;0;28,1;null;17,3;80;null;null;
2015-05-21;null;null;0;27,8;null;20,2;83;null;null;
2015-05-22;null;null;0;28;null;19,3;70;null;null;
2015-05-23;null;null;0;28,7;null;16,7;75;null;null;
2015-05-24;null;null;0;31,6;null;15,7;71;null;null;
2015-05-25;null;null;0;31,8;null;15,8;73;null;null;
2015-05-26;null;null;0;29,8;null;17,8;70;null;null;
2015-05-27;null;null;0;29,1;null;18,7;89;null;null;
2015-05-28;null;null;0;34,3;null;17,2;68;null;null;
2015-05-29;null;null;5;25,1;null;19,8;96;null;null;
2015-05-30;null;null;,4;26,4;null;16,3;86;null;null;
2015-05-31;null;null;0;24,2;null;16,8;93;null;null;
2015-06-01;null;null;0;22,2;null;20,3;91;null;null;
2015-06-02;null;null;11,7;22,7;null;19,8;97;null;null;
2015-06-03;null;null;,4;26,6;null;19;70;null;null;
2015-06-04;null;null;0;28,2;null;14,8;77;null;null;
2015-06-05;null;null;0;28,6;null;15,7;88;null;null;
2015-06-06;null;null;0;30,4;null;19,7;83;null;null;
2015-06-07;null;null;0;31,6;null;16,7;85;null;null;
2015-06-08;null;null;0;31,5;null;16,5;80;null;null;
2015-06-09;null;null;0;31,6;null;15,1;79;null;null;
2015-06-10;null;null;0;31,7;null;14,5;71;null;null;
2015-06-11;null;null;0;33,2;null;15,3;71;null;null;
2015-06-12;null;null;0;29,9;null;15,2;67;null;null;
2015-06-13;null;null;0;30,5;null;20,8;80;null;null;
2015-06-14;null;null;0;33,4;null;18,1;37;null;null;
2015-06-15;null;null;0;26,9;null;20,3;68;null;null;
2015-06-16;null;null;14,9;22,1;null;18,5;98;null;null;
2015-06-17;null;null;2,6;27,8;null;18,9;90;null;null;
2015-06-18;null;null;0;34,1;null;19,1;89;null;null;
2015-06-19;null;null;20,3;21,6;null;20,4;96;null;null;
2015-06-20;null;null;16,1;23,6;null;null;88;null;null;
2015-06-21;null;null;0;24,8;null;16;70;null;null;
2015-06-22;null;null;0;26,1;null;17,3;82;null;null;
2015-06-23;null;null;0;30;null;17,2;81;null;null;
2015-06-24;null;null;9,7;21,8;null;20,1;89;null;null;
2015-06-25;null;null;11,6;21,8;null;16,6;84;null;null;
2015-06-26;null;null;2;23,4;null;14,9;91;null;null;
2015-06-27;null;null;3;24,6;null;16,2;94;null;null;
2015-06-28;null;null;0;25,3;null;15,5;80;null;null;
2015-06-29;null;null;0;27,4;null;15,2;86;null;null;
2015-06-30;null;null;0;28,6;null;13,9;81;null;null;
2015-07-01;null;null;0;31,6;null;16,6;82;null;null;
2015-07-02;null;null;0;26,5;null;18,5;76;null;null;
2015-07-03;null;null;0;26,6;null;18,7;86;null;null;
2015-07-04;null;null;0;31,1;null;19,1;74;null;null;
2015-07-05;null;null;10,3;19,5;null;15,8;83;null;null;
2015-07-06;null;null;,2;22,2;null;16,3;93;null;null;
2015-07-07;null;null;0;25,6;null;17,8;76;null;null;
2015-07-08;null;null;0;26,7;null;17,6;84;null;null;
2015-07-09;null;null;0;26,4;null;19,5;79;null;null;
2015-07-10;null;null;0;27,7;null;15,1;86;null;null;
2015-07-11;null;null;0;30,8;null;18,6;82;null;null;
2015-07-12;null;null;0;29,9;null;17,1;88;null;null;
2015-07-13;null;null;0;29,5;null;18,5;95;null;null;
2015-07-14;null;null;0;30,1;null;18,4;91;null;null;
2015-07-15;null;null;0;29,6;null;15,8;85;null;null;
2015-07-16;null;null;0;29,2;null;16,9;85;null;null;
2015-07-17;null;null;0;29,8;null;17,3;86;null;null;
2015-07-18;null;null;0;27,4;null;17,9;84;null;null;
2015-07-19;null;null;0;29;null;16,2;81;null;null;
2015-07-20;null;null;0;30,6;null;18,5;77;null;null;
2015-07-21;null;null;0;31,9;null;18,8;60;null;null;
2015-07-22;null;null;5,7;22,6;null;18,7;96;null;null;
2015-07-23;null;null;1,4;22,8;null;18,4;86;null;null;
2015-07-24;null;null;0;27,9;null;19,5;86;null;null;
2015-07-25;null;null;0;28;null;17,6;88;null;null;
2015-07-26;null;null;3,8;24,1;null;20,1;92;null;null;
2015-07-27;null;null;0;26,5;null;19,6;94;null;null;
2015-07-28;null;null;0;27,4;null;17,3;89;null;null;
2015-07-29;null;null;0;25,7;null;20,3;78;null;null;
2015-07-30;null;null;0;28,8;null;17,3;82;null;null;
2015-07-31;null;null;0;29,2;null;18,7;79;null;null;
2015-08-01;null;null;0;31,4;null;18,9;81;null;null;
2015-08-02;null;null;0;30,3;null;17,2;83;null;null;
2015-08-03;null;null;0;32;null;14,5;70;null;null;
2015-08-04;null;null;0;32,9;null;14,2;68;null;null;
2015-08-05;null;null;0;30,2;null;13,6;66;null;null;
2015-08-06;null;null;0;31,1;null;17,6;76;null;null;
2015-08-07;null;null;0;30;null;19;76;null;null;
2015-08-08;null;null;0;29,4;null;19,2;73;null;null;
2015-08-09;null;null;0;27,8;null;19,8;63;null;null;
2015-08-10;null;null;0;27,4;null;19,1;70;null;null;
2015-08-11;null;null;0;28,8;null;18,4;65;null;null;
2015-08-12;null;null;0;28,6;null;16,7;61;null;null;
2015-08-13;null;null;0;29,7;null;15,8;73;null;null;
2015-08-14;null;null;0;29,3;null;18;68;null;null;
2015-08-15;null;null;0;30,9;null;18;64;null;null;
2015-08-16;null;null;0;32,2;null;17,3;69;null;null;
2015-08-17;null;null;0;30,9;null;18,7;64;null;null;
2015-08-18;null;null;0;31;null;19,6;68;null;null;
2015-08-19;null;null;0;34,5;null;17,8;64;null;null;
2015-08-20;null;null;,2;25,8;null;21,3;60;null;null;
2015-08-21;null;null;1,6;25,7;null;17,7;72;null;null;
2015-08-22;null;null;,4;27,1;null;18,6;74;null;null;
2015-08-23;null;null;0;32,1;null;17,2;73;null;null;
2015-08-24;null;null;0;28,2;null;18,5;60;null;null;
2015-08-25;null;null;1,8;24,1;null;19,3;84;null;null;
2015-08-26;null;null;2;28,4;null;18,5;87;null;null;
2015-08-27;null;null;0;31;null;20,4;72;null;null;
2015-08-28;null;null;0;28;null;20,1;66;null;null;
2015-08-29;null;null;0;27,2;null;16,2;70;null;null;
2015-08-30;null;null;0;33,9;null;15,8;72;null;null;
2015-08-31;null;null;0;37;null;14,9;60;null;null;
2015-09-01;null;null;0;37,9;null;16;55;null;null;
2015-09-02;null;null;2,9;23,2;null;19;83;null;null;
2015-09-03;null;null;0;27,8;null;17,6;66;null;null;
2015-09-04;null;null;0;31,2;null;17,7;64;null;null;
2015-09-05;null;null;11;22,5;null;18,7;92;null;null;
2015-09-06;null;null;2,7;25,6;null;17,3;76;null;null;
2015-09-07;null;null;,8;24,8;null;20,1;89;null;null;
2015-09-08;null;null;3,6;27,5;null;19,2;88;null;null;
2015-09-09;null;null;7,9;26,3;null;21,1;76;null;null;
2015-09-10;null;null;,1;23,4;null;19;78;null;null;
2015-09-11;null;null;13,4;25,6;null;20,7;98;null;null;
2015-09-12;null;null;14,2;22,1;null;19,1;93;null;null;
2015-09-13;null;null;26,2;18,9;null;17,5;96;null;null;
2015-09-14;null;null;7,7;23,8;null;17,1;96;null;null;
2015-09-15;null;null;3,2;27,1;null;18,7;84;null;null;
2015-09-16;null;null;0;34,4;null;21,1;87;null;null;
2015-09-17;null;null;0;37,8;null;19,5;64;null;null;
2015-09-18;null;null;0;36,3;null;19,6;70;null;null;
2015-09-19;null;null;0;34,2;null;20,4;75;null;null;
2015-09-20;null;null;0;31;null;20,1;78;null;null;
2015-09-21;null;null;0;32,4;null;22,1;70;null;null;
2015-09-22;null;null;0;33,2;null;19,7;89;null;null;
2015-09-23;null;null;0;32,1;null;20,5;84;null;null;
2015-09-24;null;null;0;38,4;null;20,6;63;null;null;
2015-09-25;null;null;0;40,7;null;21,4;54;null;null;
2015-09-26;null;null;0;31,2;null;22,5;67;null;null;
2015-09-27;null;null;0;33,3;null;21,2;69;null;null;
2015-09-28;null;null;0;30,4;null;22,6;67;null;null;
2015-09-29;null;null;0;26,7;null;23,2;86;null;null;
2015-09-30;null;null;0;33;null;22,2;80;null;null;
2015-10-01;null;null;,3;30,1;null;22,3;73;null;null;
2015-10-02;null;null;0;33,6;null;22,5;75;null;null;
2015-10-03;null;null;5,1;30,8;null;21,8;89;null;null;
2015-10-04;null;null;1,3;25,4;null;22,6;83;null;null;
2015-10-05;null;null;9,5;24,6;null;20;93;null;null;
2015-10-06;null;null;,7;25,9;null;16,1;60;null;null;
2015-10-07;null;null;0;30,2;null;17,6;65;null;null;
2015-10-08;null;null;0;33;null;16,6;65;null;null;
2015-10-09;null;null;0;32,4;null;18,5;73;null;null;
2015-10-10;null;null;0;33,1;null;18,8;71;null;null;
2015-10-11;null;null;0;35,5;null;20,6;66;null;null;
2015-10-12;null;null;0;33,9;null;22,5;69;null;null;
2015-10-13;null;null;0;30,9;null;20,5;74;null;null;
2015-10-14;null;null;0;37,4;null;20,4;71;null;null;
2015-10-15;null;null;0;39,6;null;21,7;69;null;null;
2015-10-16;null;null;0;42;null;22;55;null;null;
2015-10-17;null;null;0;32,7;null;24;83;null;null;
2015-10-18;null;null;1;22,5;null;20,1;89;null;null;
2015-10-19;null;null;5,1;24,8;null;18,7;91;null;null;
2015-10-20;null;null;1;32,4;null;18,4;69;null;null;
2015-10-21;null;null;0;34,4;null;20,4;79;null;null;
2015-10-22;null;null;0;34,4;null;21,9;79;null;null;
2015-10-23;null;null;3,1;32,4;null;22,4;66;null;null;
2015-10-24;null;null;0;27,6;null;21,3;72;null;null;
2015-10-25;null;null;0;24,7;null;21;81;null;null;
2015-10-26;null;null;0;28,7;null;20,4;73;null;null;
2015-10-27;null;null;0;31;null;20,3;69;null;null;
2015-10-28;null;null;0;29,3;null;22,7;81;null;null;
2015-10-29;null;null;5,3;28,3;null;21,7;82;null;null;
2015-10-30;null;null;11,8;29,8;null;21;90;null;null;
2015-10-31;null;null;,3;33,6;null;22,2;66;null;null;
2015-11-01;null;null;0;34;null;22,2;65;null;null;
2015-11-02;null;null;4,6;30,7;null;23,5;88;null;null;
2015-11-03;null;null;,2;31,2;null;23,6;87;null;null;
2015-11-04;null;null;0;32,4;null;23,6;87;null;null;
2015-11-05;null;null;26,2;29,6;null;23,1;89;null;null;
2015-11-06;null;null;1;28,8;null;23,7;80;null;null;
2015-11-07;null;null;22,7;25;null;22,5;97;null;null;
2015-11-08;null;null;20,9;30,3;null;22,5;88;null;null;
2015-11-09;null;null;2,2;28,9;null;23,6;94;null;null;
2015-11-10;null;null;0;31,9;null;22,8;76;null;null;
2015-11-11;null;null;0;35,3;null;24;81;null;null;
2015-11-12;null;null;0;32,8;null;24,7;81;null;null;
2015-11-13;null;null;0;31,9;null;22,4;68;null;null;
2015-11-14;null;null;0;38;null;23,4;76;null;null;
2015-11-15;null;null;0;31,9;null;24,6;70;null;null;
2015-11-16;null;null;3,8;25,6;null;22,8;87;null;null;
2015-11-17;null;null;1,9;28,8;null;22,6;85;null;null;
2015-11-18;null;null;6;34,2;null;23,5;78;null;null;
2015-11-19;null;null;20,1;36,9;null;24,3;75;null;null;
2015-11-20;null;null;2,3;33,9;null;24,6;65;null;null;
2015-11-21;null;null;1,2;26,9;null;24,3;86;null;null;
2015-11-22;null;null;20,8;28,8;null;20,3;70;null;null;
2015-11-23;null;null;11,1;26;null;21,6;70;null;null;
2015-11-24;null;null;3;30,1;null;21,2;85;null;null;
2015-11-25;null;null;,4;30,2;null;22,6;82;null;null;
2015-11-26;null;null;,8;28,2;null;22,2;87;null;null;
2015-11-27;null;null;0;28,4;null;21,8;75;null;null;
2015-11-28;null;null;0;34,4;null;20;66;null;null;
2015-11-29;null;null;15;35,4;null;23,8;75;null;null;
2015-11-30;null;null;88,9;28,6;null;22,2;84;null;null;
2015-12-01;null;null;4;26,5;null;21,3;82;null;null;
2015-12-02;null;null;2,4;28,2;null;23,1;80;null;null;
2015-12-03;null;null;8,6;25,2;null;22,4;96;null;null;
2015-12-04;null;null;10,9;28;null;20,7;97;null;null;
2015-12-05;null;null;3,2;33,5;null;21,8;79;null;null;
2015-12-06;null;null;1;28,8;null;23,9;90;null;null;
2015-12-07;null;null;39,1;24,8;null;22,2;94;null;null;
2015-12-08;null;null;1,7;26,3;null;21,9;87;null;null;
2015-12-09;null;null;2,5;31,4;null;22,1;79;null;null;
2015-12-10;null;null;0;35,8;null;24,3;81;null;null;
2015-12-11;null;null;,8;31,8;null;23,9;80;null;null;
2015-12-12;null;null;0;34,5;null;23,7;71;null;null;
2015-12-13;null;null;14,8;34,2;null;23,2;72;null;null;
2015-12-14;null;null;,7;36,5;null;23,7;80;null;null;
2015-12-15;null;null;1,1;38,2;null;23,6;64;null;null;
2015-12-16;null;null;0;32,6;null;25,4;81;null;null;
2015-12-17;null;null;0;33,2;null;23,1;70;null;null;
2015-12-18;null;null;0;37,2;null;23,6;68;null;null;
2015-12-19;null;null;20;38;null;23,1;68;null;null;
2015-12-20;null;null;0;32,4;null;25;70;null;null;
2015-12-21;null;null;0;35,3;null;22,2;74;null;null;
2015-12-22;null;null;0;35,8;null;22,9;68;null;null;
2015-12-23;null;null;0;36,4;null;23,8;66;null;null;
2015-12-24;null;null;0;37,6;null;22,9;65;null;null;
2015-12-25;null;null;0;38,2;null;23,2;58;null;null;
2015-12-26;null;null;0;38;null;24,1;58;null;null;
2015-12-27;null;null;0;38,2;null;23,4;44;null;null;
2015-12-28;null;null;0;38;null;23,4;44;null;null;
2015-12-29;null;null;2,8;34,8;null;23,7;77;null;null;
2015-12-30;null;null;0;38,6;null;24,9;60;null;null;
2015-12-31;null;null;,9;38,4;null;22,4;56;null;null;
2016-01-01;null;null;null;null;null;null;null;null;null;
2016-01-02;null;null;null;null;null;null;null;null;null;
2016-01-03;null;null;null;null;null;null;null;null;null;
2016-01-04;null;null;null;null;null;null;null;null;null;
2016-01-05;null;null;null;null;null;null;null;null;null;
2016-01-06;null;null;null;null;null;null;null;null;null;
2016-01-07;null;null;null;null;null;null;null;null;null;
2016-01-08;null;null;null;null;null;null;null;null;null;
2016-01-09;null;null;null;null;null;null;null;null;null;
2016-01-10;null;null;null;null;null;null;null;null;null;
2016-01-11;null;null;null;null;null;null;null;null;null;
2016-01-12;null;null;null;null;null;null;null;null;null;
2016-01-13;null;null;null;null;null;null;null;null;null;
2016-01-14;null;null;null;null;null;null;null;null;null;
2016-01-15;null;null;null;null;null;null;null;null;null;
2016-01-16;null;null;null;null;null;null;null;null;null;
2016-01-17;null;null;null;null;null;null;null;null;null;
2016-01-18;null;null;null;null;null;null;null;null;null;
2016-01-19;null;null;null;null;null;null;null;null;null;
2016-01-20;null;null;null;null;null;null;null;null;null;
2016-01-21;null;null;null;null;null;null;null;null;null;
2016-01-22;null;null;null;null;null;null;null;null;null;
2016-01-23;null;null;null;null;null;null;null;null;null;
2016-01-24;null;null;null;null;null;null;null;null;null;
2016-01-25;null;null;null;null;null;null;null;null;null;
2016-01-26;null;null;null;null;null;null;null;null;null;
2016-01-27;null;null;null;null;null;null;null;null;null;
2016-01-28;null;null;null;null;null;null;null;null;null;
2016-01-29;null;null;null;null;null;null;null;null;null;
2016-01-30;null;null;null;null;null;null;null;null;null;
2016-01-31;null;null;null;null;null;null;null;null;null;
2016-02-01;null;null;null;null;null;null;null;null;null;
2016-02-02;null;null;null;null;null;null;null;null;null;
2016-02-03;null;null;null;null;null;null;null;null;null;
2016-02-04;null;null;null;null;null;null;null;null;null;
2016-02-05;null;null;null;null;null;null;null;null;null;
2016-02-06;null;null;null;null;null;null;null;null;null;
2016-02-07;null;null;null;null;null;null;null;null;null;
2016-02-08;null;null;null;null;null;null;null;null;null;
2016-02-09;null;null;null;null;null;null;null;null;null;
2016-02-10;null;null;null;null;null;null;null;null;null;
2016-02-11;null;null;null;null;null;null;null;null;null;
2016-02-12;null;null;null;null;null;null;null;null;null;
2016-02-13;null;null;null;null;null;null;null;null;null;
2016-02-14;null;null;null;null;null;null;null;null;null;
2016-02-15;null;null;null;null;null;null;null;null;null;
2016-02-16;null;null;null;null;null;null;null;null;null;
2016-02-17;null;null;null;null;null;null;null;null;null;
2016-02-18;null;null;null;null;null;null;null;null;null;
2016-02-19;null;null;null;null;null;null;null;null;null;
2016-02-20;null;null;null;null;null;null;null;null;null;
2016-02-21;null;null;null;null;null;null;null;null;null;
2016-02-22;null;null;null;null;null;null;null;null;null;
2016-02-23;null;null;null;null;null;null;null;null;null;
2016-02-24;null;null;null;null;null;null;null;null;null;
2016-02-25;null;null;null;null;null;null;null;null;null;
2016-02-26;null;null;null;null;null;null;null;null;null;
2016-02-27;null;null;null;null;null;null;null;null;null;
2016-02-28;null;null;null;null;null;null;null;null;null;
2016-02-29;null;null;null;null;null;null;null;null;null;
2016-03-01;null;null;158,9;26,1;null;20,7;92;null;null;
2016-03-02;null;null;,5;32,1;null;22,4;83;null;null;
2016-03-03;null;null;0;35,5;null;23,4;85;null;null;
2016-03-04;null;null;1,3;34,3;null;24;81;null;null;
2016-03-05;null;null;0;33,3;null;22,7;73;null;null;
2016-03-06;null;null;0;35,4;null;23,3;70;null;null;
2016-03-07;null;null;,1;35,8;null;24,3;82;null;null;
2016-03-08;null;null;0;34,6;null;23,7;75;null;null;
2016-03-09;null;null;0;34,2;null;22,9;69;null;null;
2016-03-10;null;null;0;37,6;null;22,3;70;null;null;
2016-03-11;null;null;0;32,1;null;25,2;82;null;null;
2016-03-12;null;null;,1;33,6;null;24,2;68;null;null;
2016-03-13;null;null;2,1;26,8;null;23,6;89;null;null;
2016-03-14;null;null;1,5;30,7;null;21,3;87;null;null;
2016-03-15;null;null;0;32,4;null;23,2;81;null;null;
2016-03-16;null;null;3,3;29,4;null;21,9;88;null;null;
2016-03-17;null;null;9,9;31,8;null;23,5;77;null;null;
2016-03-18;null;null;26,1;32;null;22,8;80;null;null;
2016-03-19;null;null;5,7;32,6;null;21,8;82;null;null;
2016-03-20;null;null;0;33;null;23,3;73;null;null;
2016-03-21;null;null;0;33,2;null;21,3;67;null;null;
2016-03-22;null;null;0;36,5;null;21,1;67;null;null;
2016-03-23;null;null;0;32,5;null;23,6;79;null;null;
2016-03-24;null;null;38,4;31;null;21,9;74;null;null;
2016-03-25;null;null;0;32,6;null;23,8;74;null;null;
2016-03-26;null;null;0;31,4;null;24,5;88;null;null;
2016-03-27;null;null;,5;36,2;null;22,4;75;null;null;
2016-03-28;null;null;0;35,8;null;23,8;76;null;null;
2016-03-29;null;null;0;34,2;null;23,2;77;null;null;
2016-03-30;null;null;,3;32,9;null;24,3;92;null;null;
2016-03-31;null;null;0;34,5;null;23,6;82;null;null;
2016-04-01;null;null;0;32,8;null;23,8;77;null;null;
2016-04-02;null;null;1,7;32,1;null;20,6;78;null;null;
2016-04-03;null;null;0;34,7;null;21,8;77;null;null;
2016-04-04;null;null;0;33,7;null;22,6;81;null;null;
2016-04-05;null;null;0;32,7;null;21,9;73;null;null;
2016-04-06;null;null;0;33;null;19,7;71;null;null;
2016-04-07;null;null;0;35,9;null;22,4;75;null;null;
2016-04-08;null;null;0;33,9;null;20,5;63;null;null;
2016-04-09;null;null;0;34,1;null;20,2;72;null;null;
2016-04-10;null;null;0;35,7;null;21,5;71;null;null;
2016-04-11;null;null;0;34,9;null;22,9;77;null;null;
2016-04-12;null;null;0;35,1;null;22;69;null;null;
2016-04-13;null;null;0;34,7;null;20,7;78;null;null;
2016-04-14;null;null;0;37,6;null;22,4;60;null;null;
2016-04-15;null;null;0;36,7;null;21,5;66;null;null;
2016-04-16;null;null;0;35,2;null;21,7;70;null;null;
2016-04-17;null;null;0;35,6;null;21,8;66;null;null;
2016-04-18;null;null;0;36,2;null;23,1;70;null;null;
2016-04-19;null;null;0;36,4;null;22,4;64;null;null;
2016-04-20;null;null;0;36,2;null;21,6;68;null;null;
2016-04-21;null;null;0;36;null;22;67;null;null;
2016-04-22;null;null;0;37,8;null;21,5;65;null;null;
2016-04-23;null;null;0;35,8;null;20,9;71;null;null;
2016-04-24;null;null;0;36,2;null;21,3;64;null;null;
2016-04-25;null;null;0;null;null;19,8;64;null;null;
2016-04-26;null;null;0;null;null;21,4;57;null;null;
2016-04-27;null;null;0;32,9;null;22,1;57;null;null;
2016-04-28;null;null;1,4;22,1;null;20,8;86;null;null;
2016-04-29;null;null;2,1;22,4;null;18,4;89;null;null;
2016-04-30;null;null;2,7;23,8;null;18,5;81;null;null;
2016-05-01;null;null;1,8;26,2;null;17,8;80;null;null;
2016-05-02;null;null;0;28;null;13,8;65;null;null;
2016-05-03;null;null;0;29,8;null;14,2;77;null;null;
2016-05-04;null;null;0;32,5;null;16,5;65;null;null;
2016-05-05;null;null;0;29,5;null;19;84;null;null;
2016-05-06;null;null;0;30,7;null;18,8;66;null;null;
2016-05-07;null;null;0;31,9;null;19,5;74;null;null;
2016-05-08;null;null;0;32;null;21,7;80;null;null;
2016-05-09;null;null;0;31,5;null;20,3;74;null;null;
2016-05-10;null;null;0;35,1;null;20,9;75;null;null;
2016-05-11;null;null;0;29,5;null;22,6;85;null;null;
2016-05-12;null;null;0;27,7;null;22,2;68;null;null;
2016-05-13;null;null;2,8;25,5;null;19;86;null;null;
2016-05-14;null;null;4,9;25,3;null;18,5;87;null;null;
2016-05-15;null;null;0;29;null;15,4;68;null;null;
2016-05-16;null;null;0;34,6;null;16,4;77;null;null;
2016-05-17;null;null;0;25,3;null;23,1;81;null;null;
2016-05-18;null;null;1,5;22,7;null;21,1;94;null;null;
2016-05-19;null;null;21,3;24,7;null;19,6;null;null;null;
2016-05-20;null;null;5,5;27,3;null;20,5;80;null;null;
2016-05-21;null;null;0;31,8;null;20,3;83;null;null;
2016-05-22;null;null;0;32,9;null;19,5;79;null;null;
2016-05-23;null;null;,5;22,2;null;20,1;96;null;null;
2016-05-24;null;null;2,2;21,4;null;16,3;65;null;null;
2016-05-25;null;null;0;23,5;null;15,2;89;null;null;
2016-05-26;null;null;0;27;null;15,3;78;null;null;
2016-05-27;null;null;0;28,6;null;15,4;80;null;null;
2016-05-28;null;null;0;26,1;null;16,4;82;null;null;
2016-05-29;null;null;0;28,4;null;17,7;78;null;null;
2016-05-30;null;null;0;31,3;null;16,5;88;null;null;
2016-05-31;null;null;,3;30,1;null;17,7;88;null;null;
2016-06-01;null;null;0;29,7;null;17,7;89;null;null;
2016-06-02;null;null;,2;30,2;null;19,8;59;null;null;
2016-06-03;null;null;8,2;27,7;null;20,1;89;null;null;
2016-06-04;null;null;,5;25;null;20,6;87;null;null;
2016-06-05;null;null;27;26,3;null;20,7;98;null;null;
2016-06-06;null;null;,5;28,3;null;21,4;94;null;null;
2016-06-07;null;null;18,8;23;null;19,9;94;null;null;
2016-06-08;null;null;17,3;20,7;null;17,7;96;null;null;
2016-06-09;null;null;1,3;22,3;null;15,5;85;null;null;
2016-06-10;null;null;0;20,2;null;12,8;95;null;null;
2016-06-11;null;null;0;22,1;null;14;68;null;null;
2016-06-12;null;null;0;19,2;null;13,7;75;null;null;
2016-06-13;null;null;0;22,6;null;11;64;null;null;
2016-06-14;null;null;0;24,6;null;12,4;81;null;null;
2016-06-15;null;null;0;25,6;null;10,3;76;null;null;
2016-06-16;null;null;0;26,5;null;10,8;80;null;null;
2016-06-17;null;null;0;27,6;null;14,2;75;null;null;
2016-06-18;null;null;0;26,1;null;12,6;82;null;null;
2016-06-19;null;null;0;24,7;null;14,8;92;null;null;
2016-06-20;null;null;0;23;null;16,9;90;null;null;
2016-06-21;null;null;0;21,9;null;17;85;null;null;
2016-06-22;null;null;5,6;24,3;null;16,4;84;null;null;
2016-06-23;null;null;0;25,9;null;15,6;91;null;null;
2016-06-24;null;null;,5;23,6;null;15,9;92;null;null;
2016-06-25;null;null;0;25,4;null;14,3;88;null;null;
2016-06-26;null;null;0;24,4;null;17,3;78;null;null;
2016-06-27;null;null;0;25,8;null;15,4;83;null;null;
2016-06-28;null;null;0;26,9;null;19,5;81;null;null;
2016-06-29;null;null;0;28,3;null;14,8;88;null;null;
2016-06-30;null;null;0;28,4;null;15,2;94;null;null;
2016-07-01;null;null;,3;27,8;null;18;94;null;null;
2016-07-02;null;null;11,6;27,9;null;19;94;null;null;
2016-07-03;null;null;0;28,4;null;16,5;93;null;null;
2016-07-04;null;null;0;28,2;null;15,3;82;null;null;
2016-07-05;null;null;0;29,8;null;16,4;86;null;null;
2016-07-06;null;null;0;30,8;null;15,9;87;null;null;
2016-07-07;null;null;0;24,3;null;19,1;71;null;null;
2016-07-08;null;null;0;24,5;null;14;72;null;null;
2016-07-09;null;null;0;25,2;null;12;79;null;null;
2016-07-10;null;null;0;31,3;null;13,4;79;null;null;
2016-07-11;null;null;0;32,8;null;14,3;85;null;null;
2016-07-12;null;null;0;34,7;null;15,7;82;null;null;
2016-07-13;null;null;0;29,8;null;15,6;80;null;null;
2016-07-14;null;null;0;31,2;null;19,5;90;null;null;
2016-07-15;null;null;0;35,4;null;15;70;null;null;
2016-07-16;null;null;0;35,1;null;16,2;69;null;null;
2016-07-17;null;null;5,4;23,6;null;18,1;80;null;null;
2016-07-18;null;null;0;22,5;null;13,7;72;null;null;
2016-07-19;null;null;0;22,6;null;9,8;88;null;null;
2016-07-20;null;null;0;21;null;12,8;84;null;null;
2016-07-21;null;null;,5;19,5;null;16,4;89;null;null;
2016-07-22;null;null;1,3;22,5;null;16,7;91;null;null;
2016-07-23;null;null;,2;26;null;15,3;null;null;null;
2016-07-24;null;null;0;30,8;null;15,2;80;null;null;
2016-07-25;null;null;0;27,1;null;14,9;85;null;null;
2016-07-26;null;null;0;30,6;null;15,9;81;null;null;
2016-07-27;null;null;0;34,8;null;14,9;77;null;null;
2016-07-28;null;null;,3;25,1;null;17,9;90;null;null;
2016-07-29;null;null;0;23,6;null;17,5;91;null;null;
2016-07-30;null;null;0;26,8;null;14,3;89;null;null;
2016-07-31;null;null;0;26,3;null;18,9;80;null;null;
2016-08-01;null;null;0;30,6;null;14,9;73;null;null;
2016-08-02;null;null;0;31,3;null;14,3;75;null;null;
2016-08-03;null;null;,8;24,2;null;19,7;87;null;null;
2016-08-04;null;null;0;25,4;null;18,7;69;null;null;
2016-08-05;null;null;0;29,2;null;16,2;74;null;null;
2016-08-06;null;null;0;34,4;null;15,6;76;null;null;
2016-08-07;null;null;0;35,4;null;16,5;32;null;null;
2016-08-08;null;null;0;28,1;null;21,3;64;null;null;
2016-08-09;null;null;2,8;30,4;null;19,4;85;null;null;
2016-08-10;null;null;1,8;20,5;null;19,3;92;null;null;
2016-08-11;null;null;2,8;24,5;null;14,4;null;null;null;
2016-08-12;null;null;1,5;21,5;null;16,4;81;null;null;
2016-08-13;null;null;2,1;26,7;null;11,4;76;null;null;
2016-08-14;null;null;0;33;null;13,9;78;null;null;
2016-08-15;null;null;0;36,3;null;14,6;63;null;null;
2016-08-16;null;null;,4;32,2;null;16,8;null;null;null;
2016-08-17;null;null;0;35,6;null;18,6;70;null;null;
2016-08-18;null;null;0;31,4;null;21;67;null;null;
2016-08-19;null;null;,6;29,8;null;20;75;null;null;
2016-08-20;null;null;0;31;null;19,9;72;null;null;
2016-08-21;null;null;0;27,3;null;21,1;91;null;null;
2016-08-22;null;null;12,9;20,9;null;15,4;81;null;null;
2016-08-23;null;null;8,1;21,8;null;15,2;66;null;null;
2016-08-24;null;null;0;27;null;16,8;66;null;null;
2016-08-25;null;null;0;29;null;12,5;58;null;null;
2016-08-26;null;null;0;30,1;null;14,1;60;null;null;
2016-08-27;null;null;0;31,4;null;15,7;63;null;null;
2016-08-28;null;null;0;34,9;null;15,4;65;null;null;
2016-08-29;null;null;0;35,8;null;16,1;61;null;null;
2016-08-30;null;null;0;35,1;null;17,3;68;null;null;
2016-08-31;null;null;0;30,6;null;19,2;75;null;null;
2016-09-01;null;null;16;28,2;null;20,6;96;null;null;
2016-09-02;null;null;,5;29,7;null;21,3;83;null;null;
2016-09-03;null;null;0;30,5;null;19,1;76;null;null;
2016-09-04;null;null;0;32,6;null;20,1;64;null;null;
2016-09-05;null;null;0;32,1;null;18,1;69;null;null;
2016-09-06;null;null;0;30,9;null;18,9;78;null;null;
2016-09-07;null;null;0;33,2;null;18,6;66;null;null;
2016-09-08;null;null;,8;26,7;null;20,8;82;null;null;
2016-09-09;null;null;0;24;null;20,2;76;null;null;
2016-09-10;null;null;6,4;29,4;null;19,3;91;null;null;
2016-09-11;null;null;0;32,1;null;19,9;74;null;null;
2016-09-12;null;null;0;33,8;null;19,2;70;null;null;
2016-09-13;null;null;0;37,9;null;19,8;67;null;null;
2016-09-14;null;null;0;35;null;20,5;44;null;null;
2016-09-15;null;null;0;30,8;null;19,7;64;null;null;
2016-09-16;null;null;0;24,7;null;18,9;76;null;null;
2016-09-17;null;null;1,6;29,3;null;18,8;74;null;null;
2016-09-18;null;null;0;32,6;null;19,6;76;null;null;
2016-09-19;null;null;1,3;35,5;null;19,5;66;null;null;
2016-09-20;null;null;5,7;21,2;null;20,9;93;null;null;
2016-09-21;null;null;9,2;25,1;null;17,2;69;null;null;
2016-09-22;null;null;4,6;26,6;null;15,7;80;null;null;
2016-09-23;null;null;0;30,4;null;15,5;63;null;null;
2016-09-24;null;null;0;22,6;null;15,7;64;null;null;
2016-09-25;null;null;,6;21,1;null;20,3;94;null;null;
2016-09-26;null;null;13,1;24,4;null;17,1;96;null;null;
2016-09-27;null;null;0;25,1;null;17;77;null;null;
2016-09-28;null;null;0;27,9;null;18,6;61;null;null;
2016-09-29;null;null;0;30,8;null;15,9;65;null;null;
2016-09-30;null;null;,5;21,8;null;18,7;89;null;null;
2016-10-01;null;null;2,8;22,2;null;17,3;87;null;null;
2016-10-02;null;null;2,1;24,4;null;17,6;86;null;null;
2016-10-03;null;null;1;27,4;null;17,9;61;null;null;
2016-10-04;null;null;26,9;24,1;null;17,5;92;null;null;
2016-10-05;null;null;4,9;24,5;null;18,9;69;null;null;
2016-10-06;null;null;2,5;22,7;null;17,6;92;null;null;
2016-10-07;null;null;7,7;25,6;null;17,8;83;null;null;
2016-10-08;null;null;0;29,4;null;14,4;69;null;null;
2016-10-09;null;null;0;29,7;null;18;63;null;null;
2016-10-10;null;null;3,5;23,3;null;19,6;80;null;null;
2016-10-11;null;null;,7;26,3;null;18,7;70;null;null;
2016-10-12;null;null;0;31,5;null;19,6;70;null;null;
2016-10-13;null;null;0;34,2;null;20,9;61;null;null;
2016-10-14;null;null;0;33,4;null;21,3;74;null;null;
2016-10-15;null;null;0;33,1;null;22,2;62;null;null;
2016-10-16;null;null;1,3;35,8;null;23,3;81;null;null;
2016-10-17;null;null;18,8;35,6;null;22,1;75;null;null;
2016-10-18;null;null;0;33,1;null;21,9;73;null;null;
2016-10-19;null;null;0;34,8;null;22,3;80;null;null;
2016-10-20;null;null;,2;37;null;23;84;null;null;
2016-10-21;null;null;0;30,9;null;23,4;73;null;null;
2016-10-22;null;null;2,8;23,8;null;22,1;96;null;null;
2016-10-23;null;null;4,1;29,2;null;20,8;77;null;null;
2016-10-24;null;null;0;31;null;21,5;67;null;null;
2016-10-25;null;null;0;29,1;null;22,1;null;null;null;
2016-10-26;null;null;6,1;28,9;null;21,7;75;null;null;
2016-10-27;null;null;,5;36,8;null;22,4;84;null;null;
2016-10-28;null;null;3,6;25,5;null;23,7;88;null;null;
2016-10-29;null;null;1,1;25,8;null;18;68;null;null;
2016-10-30;null;null;0;25,4;null;19,3;87;null;null;
2016-10-31;null;null;0;29,8;null;17;63;null;null;
2016-11-01;null;null;null;null;null;null;null;null;null;
2016-11-02;null;null;null;null;null;null;null;null;null;
2016-11-03;null;null;null;null;null;null;null;null;null;
2016-11-04;null;null;null;null;null;null;null;null;null;
2016-11-05;null;null;null;null;null;null;null;null;null;
2016-11-06;null;null;null;null;null;null;null;null;null;
2016-11-07;null;null;null;null;null;null;null;null;null;
2016-11-08;null;null;null;null;null;null;null;null;null;
2016-11-09;null;null;null;null;null;null;null;null;null;
2016-11-10;null;null;null;null;null;null;null;null;null;
2016-11-11;null;null;null;null;null;null;null;null;null;
2016-11-12;null;null;null;null;null;null;null;null;null;
2016-11-13;null;null;null;null;null;null;null;null;null;
2016-11-14;null;null;null;null;null;null;null;null;null;
2016-11-15;null;null;null;null;null;null;null;null;null;
2016-11-16;null;null;null;null;null;null;null;null;null;
2016-11-17;null;null;null;null;null;null;null;null;null;
2016-11-18;null;null;null;null;null;null;null;null;null;
2016-11-19;null;null;null;null;null;null;null;null;null;
2016-11-20;null;null;null;null;null;null;null;null;null;
2016-11-21;null;null;null;null;null;null;null;null;null;
2016-11-22;null;null;null;null;null;null;null;null;null;
2016-11-23;null;null;null;null;null;null;null;null;null;
2016-11-24;null;null;null;null;null;null;null;null;null;
2016-11-25;null;null;null;null;null;null;null;null;null;
2016-11-26;null;null;null;null;null;null;null;null;null;
2016-11-27;null;null;null;null;null;null;null;null;null;
2016-11-28;null;null;null;null;null;null;null;null;null;
2016-11-29;null;null;null;null;null;null;null;null;null;
2016-11-30;null;null;null;null;null;null;null;null;null;
2016-12-01;null;null;1;26,6;null;17,8;75;null;null;
2016-12-02;null;null;0;28,7;null;21,3;71;null;null;
2016-12-03;null;null;0;34,2;null;20,8;69;null;null;
2016-12-04;null;null;37,6;31,1;null;22,6;89;null;null;
2016-12-05;null;null;19,8;26,9;null;20,6;95;null;null;
2016-12-06;null;null;1;31,6;null;19,7;66;null;null;
2016-12-07;null;null;0;33,3;null;17;61;null;null;
2016-12-08;null;null;0;33,9;null;21;72;null;null;
2016-12-09;null;null;21,9;33;null;23,1;73;null;null;
2016-12-10;null;null;,9;33,3;null;23,9;71;null;null;
2016-12-11;null;null;0;36,6;null;23,9;69;null;null;
2016-12-12;null;null;2,2;34,6;null;24,2;79;null;null;
2016-12-13;null;null;6,3;33,3;null;24,1;86;null;null;
2016-12-14;null;null;4;30,9;null;25,8;87;null;null;
2016-12-15;null;null;34,8;22,3;null;21,1;94;null;null;
2016-12-16;null;null;13,2;24,9;null;18,6;93;null;null;
2016-12-17;null;null;3,4;27,4;null;20;95;null;null;
2016-12-18;null;null;12;30,3;null;21,5;69;null;null;
2016-12-19;null;null;1,7;32,7;null;21,7;67;null;null;
2016-12-20;null;null;0;34,6;null;21,6;65;null;null;
2016-12-21;null;null;0;35,5;null;21,4;66;null;null;
2016-12-22;null;null;0;35,7;null;22;61;null;null;
2016-12-23;null;null;0;35,2;null;21,6;73;null;null;
2016-12-24;null;null;0;35,6;null;24,2;73;null;null;
2016-12-25;null;null;0;34,5;null;21,2;60;null;null;
2016-12-26;null;null;0;35,9;null;21,5;70;null;null;
2016-12-27;null;null;0;39,2;null;23,7;64;null;null;
2016-12-28;null;null;0;38,6;null;24,2;58;null;null;
2016-12-29;null;null;0;35,7;null;22,9;66;null;null;
2016-12-30;null;null;0;39,3;null;23,8;58;null;null;
2016-12-31;null;null;0;37,9;null;22,6;66;null;null;
2017-01-01;null;null;0;38,2;null;24,2;64;null;null;
2017-01-02;null;null;0;37,5;null;25,2;67;null;null;
2017-01-03;null;null;0;35,8;null;23;64;null;null;
2017-01-04;null;null;1,5;38,2;null;21,8;70;null;null;
2017-01-05;null;null;0;39,7;null;23,9;59;null;null;
2017-01-06;null;null;0;37,8;null;22,9;61;null;null;
2017-01-07;null;null;0;36,2;null;24,1;67;null;null;
2017-01-08;null;null;0;36,5;null;24,5;73;null;null;
2017-01-09;null;null;11,1;37,8;null;23,5;68;null;null;
2017-01-10;null;null;0;38,9;null;23,7;61;null;null;
2017-01-11;null;null;0;37,6;null;24,5;65;null;null;
2017-01-12;null;null;55,8;32,2;null;23,1;78;null;null;
2017-01-13;null;null;48,8;26,9;null;23,6;93;null;null;
2017-01-14;null;null;39,1;32,3;null;23,3;82;null;null;
2017-01-15;null;null;0;34,9;null;23,4;79;null;null;
2017-01-16;null;null;1,8;35,9;null;23,7;73;null;null;
2017-01-17;null;null;19,2;35,3;null;23,2;72;null;null;
2017-01-18;null;null;0;36,6;null;22,1;62;null;null;
2017-01-19;null;null;0;34,5;null;23,5;74;null;null;
2017-01-20;null;null;0;32,3;null;24,2;73;null;null;
2017-01-21;null;null;0;32,6;null;24,1;81;null;null;
2017-01-22;null;null;4,6;34,2;null;23,5;75;null;null;
2017-01-23;null;null;0;35;null;22,3;66;null;null;
2017-01-24;null;null;0;36,3;null;23,3;71;null;null;
2017-01-25;null;null;,2;38,1;null;23,6;72;null;null;
2017-01-26;null;null;0;38;null;24,5;59;null;null;
2017-01-27;null;null;1,3;36,9;null;23,6;73;null;null;
2017-01-28;null;null;0;35,9;null;24,4;69;null;null;
2017-01-29;null;null;0;33,9;null;22,4;65;null;null;
2017-01-30;null;null;0;34,6;null;22,1;67;null;null;
2017-01-31;null;null;0;34,8;null;23,6;63;null;null;
2017-02-01;null;null;,2;34,6;null;21,9;65;null;null;
2017-02-02;null;null;0;35,8;null;23,4;66;null;null;
2017-02-03;null;null;9,8;33,5;null;23,5;81;null;null;
2017-02-04;null;null;,3;35,2;null;23,2;73;null;null;
2017-02-05;null;null;3,2;35,9;null;23,1;85;null;null;
2017-02-06;null;null;9;36,2;null;22,7;67;null;null;
2017-02-07;null;null;0;35,2;null;23,4;null;null;null;
2017-02-08;null;null;8,1;30,6;null;24,5;94;null;null;
2017-02-09;null;null;4,2;32,2;null;20,1;67;null;null;
2017-02-10;null;null;16,3;33,6;null;22,7;72;null;null;
2017-02-11;null;null;1;34,4;null;21,1;69;null;null;
2017-02-12;null;null;0;34,9;null;23,3;61;null;null;
2017-02-13;null;null;0;35,1;null;23,4;60;null;null;
2017-02-14;null;null;0;33,8;null;23,6;64;null;null;
2017-02-15;null;null;0;35,4;null;24,2;68;null;null;
2017-02-16;null;null;0;35,5;null;21,1;67;null;null;
2017-02-17;null;null;0;32,2;null;23;66;null;null;
2017-02-18;null;null;0;32,5;null;23,2;66;null;null;
2017-02-19;null;null;0;37,4;null;23,2;70;null;null;
2017-02-20;null;null;0;36,2;null;22,8;66;null;null;
2017-02-21;null;null;0;34,4;null;23;65;null;null;
2017-02-22;null;null;0;36,1;null;22;61;null;null;
2017-02-23;null;null;0;38,9;null;21,9;55;null;null;
2017-02-24;null;null;0;38,6;null;22,1;53;null;null;
2017-02-25;null;null;0;34,1;null;23,3;68;null;null;
2017-02-26;null;null;,4;28,1;null;23;85;null;null;
2017-02-27;null;null;2;34,6;null;22,6;83;null;null;
2017-02-28;null;null;0;37,6;null;23,1;61;null;null;
2017-03-01;null;null;2,7;37,6;null;21,7;75;null;null;
2017-03-02;null;null;0;37,7;null;23,3;48;null;null;
2017-03-03;null;null;6,2;37,9;null;23,8;73;null;null;
2017-03-04;null;null;0;38,9;null;23,5;67;null;null;
2017-03-05;null;null;0;39;null;24,3;66;null;null;
2017-03-06;null;null;0;34,8;null;24,6;null;null;null;
2017-03-07;null;null;23,4;32,7;null;23,6;88;null;null;
2017-03-08;null;null;12,6;30,1;null;23,3;89;null;null;
2017-03-09;null;null;17,8;32,8;null;24,1;86;null;null;
2017-03-10;null;null;0;36,8;null;23,1;71;null;null;
2017-03-11;null;null;0;36,6;null;23;67;null;null;
2017-03-12;null;null;0;36,1;null;21,9;69;null;null;
2017-03-13;null;null;0;33;null;22,3;61;null;null;
2017-03-14;null;null;4,2;31,2;null;24,6;80;null;null;
2017-03-15;null;null;4,5;33,2;null;22,5;80;null;null;
2017-03-16;null;null;0;35,1;null;22,2;61;null;null;
2017-03-17;null;null;0;37,1;null;21,4;68;null;null;
2017-03-18;null;null;25,5;28,7;null;23;93;null;null;
2017-03-19;null;null;24;25,1;null;21,8;87;null;null;
2017-03-20;null;null;57,7;28,2;null;19,8;92;null;null;
2017-03-21;null;null;0;29,2;null;19,7;69;null;null;
2017-03-22;null;null;2,4;29,7;null;20,9;80;null;null;
2017-03-23;null;null;0;30,1;null;18,8;80;null;null;
2017-03-24;null;null;0;32,3;null;18,3;65;null;null;
2017-03-25;null;null;0;32,9;null;19,6;74;null;null;
2017-03-26;null;null;0;30,9;null;20,8;78;null;null;
2017-03-27;null;null;0;30,6;null;21,2;74;null;null;
2017-03-28;null;null;0;29,1;null;22;75;null;null;
2017-03-29;null;null;27,9;28,1;null;19,5;83;null;null;
2017-03-30;null;null;2,2;28,3;null;18,7;89;null;null;
2017-03-31;null;null;3,2;27,2;null;19,2;80;null;null;
2017-04-01;null;null;9,1;29,8;null;19,3;74;null;null;
2017-04-02;null;null;10,1;28,5;null;19,4;84;null;null;
2017-04-03;null;null;,6;30,7;null;18,6;76;null;null;
2017-04-04;null;null;0;31,7;null;18,9;76;null;null;
2017-04-05;null;null;0;34,5;null;19,9;70;null;null;
2017-04-06;null;null;0;36,8;null;20,1;65;null;null;
2017-04-07;null;null;0;29,7;null;23,2;79;null;null;
2017-04-08;null;null;5,5;31,8;null;24,2;91;null;null;
2017-04-09;null;null;0;31,7;null;24,3;79;null;null;
2017-04-10;null;null;0;32,8;null;22,8;79;null;null;
2017-04-11;null;null;,2;31,5;null;23,4;73;null;null;
2017-04-12;null;null;0;30,3;null;21,9;81;null;null;
2017-04-13;null;null;18,3;26;null;20,7;93;null;null;
2017-04-14;null;null;5,8;28,2;null;20,5;89;null;null;
2017-04-15;null;null;0;29,9;null;20,4;73;null;null;
2017-04-16;null;null;0;32,6;null;20,1;74;null;null;
2017-04-17;null;null;0;31;null;20,9;79;null;null;
2017-04-18;null;null;2,7;27,3;null;20,8;82;null;null;
2017-04-19;null;null;3;28,4;null;19,4;75;null;null;
2017-04-20;null;null;0;28,5;null;19,3;73;null;null;
2017-04-21;null;null;0;32,8;null;18;68;null;null;
2017-04-22;null;null;0;25,3;null;20,8;86;null;null;
2017-04-23;null;null;3,8;25,9;null;20,3;95;null;null;
2017-04-24;null;null;10,8;27,6;null;19,1;87;null;null;
2017-04-25;null;null;0;30,5;null;18,3;74;null;null;
2017-04-26;null;null;0;33;null;20;80;null;null;
2017-04-27;null;null;0;26,5;null;22,6;83;null;null;
2017-04-28;null;null;22,9;21,7;null;20,2;92;null;null;
2017-04-29;null;null;2,8;23,7;null;18,8;96;null;null;
2017-04-30;null;null;,8;25,5;null;18,8;80;null;null;
2017-05-01;null;null;0;28,6;null;15,8;82;null;null;
2017-05-02;null;null;0;25,5;null;17,2;91;null;null;
2017-05-03;null;null;0;29,3;null;14,8;74;null;null;
2017-05-04;null;null;0;30,7;null;16,1;76;null;null;
2017-05-05;null;null;0;29,3;null;19;72;null;null;
2017-05-06;null;null;2,3;25;null;19,9;93;null;null;
2017-05-07;null;null;,4;27,2;null;19,6;75;null;null;
2017-05-08;null;null;,7;29,9;null;19,3;74;null;null;
2017-05-09;null;null;0;31,4;null;17,1;84;null;null;
2017-05-10;null;null;0;29,6;null;19,8;77;null;null;
2017-05-11;null;null;2,6;25,8;null;20,2;88;null;null;
2017-05-12;null;null;,6;27,6;null;15,5;82;null;null;
2017-05-13;null;null;0;29,9;null;14,8;68;null;null;
2017-05-14;null;null;0;34,1;null;16,1;61;null;null;
2017-05-15;null;null;0;28,9;null;20,3;68;null;null;
2017-05-16;null;null;0;26,3;null;18,2;79;null;null;
2017-05-17;null;null;0;26,5;null;14,2;86;null;null;
2017-05-18;null;null;0;24,9;null;19,3;73;null;null;
2017-05-19;null;null;3,9;21,9;null;18,8;92;null;null;
2017-05-20;null;null;19,8;24,1;null;18,3;85;null;null;
2017-05-21;null;null;13,4;23,2;null;20,6;96;null;null;
2017-05-22;null;null;2,6;23,5;null;20,9;null;null;null;
2017-05-23;null;null;8,1;26,8;null;17,4;83;null;null;
2017-05-24;null;null;0;27,8;null;15,3;84;null;null;
2017-05-25;null;null;0;29,6;null;19,5;82;null;null;
2017-05-26;null;null;0;30,1;null;18,6;80;null;null;
2017-05-27;null;null;0;30,8;null;16,8;87;null;null;
2017-05-28;null;null;0;27,8;null;18,7;94;null;null;
2017-05-29;null;null;0;29,9;null;18,1;94;null;null;
2017-05-30;null;null;0;26,5;null;17;92;null;null;
2017-05-31;null;null;0;28,7;null;18,8;85;null;null;
2017-06-01;null;null;0;30,1;null;18,5;89;null;null;
2017-06-02;null;null;0;23,3;null;18,6;80;null;null;
2017-06-03;null;null;0;27,7;null;15,4;77;null;null;
2017-06-04;null;null;0;29,9;null;17;85;null;null;
2017-06-05;null;null;0;30,5;null;18,5;78;null;null;
2017-06-06;null;null;0;28,9;null;19,9;92;null;null;
2017-06-07;null;null;0;32,1;null;18,6;83;null;null;
2017-06-08;null;null;0;33,1;null;18,5;91;null;null;
2017-06-09;null;null;0;31,2;null;18,9;72;null;null;
2017-06-10;null;null;6,6;21,7;null;18,2;75;null;null;
2017-06-11;null;null;0;25,4;null;10,6;91;null;null;
2017-06-12;null;null;0;26;null;14,5;94;null;null;
2017-06-13;null;null;,3;25,6;null;17;85;null;null;
2017-06-14;null;null;12,6;22,1;null;19,8;97;null;null;
2017-06-15;null;null;4,4;26,8;null;18,6;91;null;null;
2017-06-16;null;null;1,3;26,5;null;16,8;95;null;null;
2017-06-17;null;null;0;29,6;null;17,5;93;null;null;
2017-06-18;null;null;0;30,7;null;15;80;null;null;
2017-06-19;null;null;0;31,8;null;16,1;76;null;null;
2017-06-20;null;null;0;26,7;null;19,7;88;null;null;
2017-06-21;null;null;14,5;23,4;null;18,8;97;null;null;
2017-06-22;null;null;5,6;26,1;null;18,9;98;null;null;
2017-06-23;null;null;3,5;25,8;null;18,7;94;null;null;
2017-06-24;null;null;2,6;23,7;null;17,7;96;null;null;
2017-06-25;null;null;,8;25,3;null;14,8;90;null;null;
2017-06-26;null;null;,1;25,2;null;13,6;null;null;null;
2017-06-27;null;null;0;24,9;null;13,2;80;null;null;
2017-06-28;null;null;0;28,5;null;15,3;78;null;null;
2017-06-29;null;null;0;28,6;null;11,9;79;null;null;
2017-06-30;null;null;0;30,9;null;12,8;75;null;null;
2017-07-01;null;null;0;27,6;null;12,7;74;null;null;
2017-07-02;null;null;15,2;19,5;null;17,5;96;null;null;
2017-07-03;null;null;9;21,8;null;13,2;89;null;null;
2017-07-04;null;null;,5;21,5;null;12,6;92;null;null;
2017-07-05;null;null;1,5;24;null;15,1;94;null;null;
2017-07-06;null;null;0;25,4;null;14,8;85;null;null;
2017-07-07;null;null;1,8;26,5;null;16,6;85;null;null;
2017-07-08;null;null;0;26,1;null;14,2;79;null;null;
2017-07-09;null;null;,1;26,6;null;15,5;81;null;null;
2017-07-10;null;null;0;27,1;null;17;78;null;null;
2017-07-11;null;null;0;28,5;null;14,2;86;null;null;
2017-07-12;null;null;0;27,5;null;15,7;96;null;null;
2017-07-13;null;null;,6;26,7;null;18;81;null;null;
2017-07-14;null;null;0;26,9;null;14,8;75;null;null;
2017-07-15;null;null;0;28,6;null;14,9;75;null;null;
2017-07-16;null;null;0;28,5;null;14,6;84;null;null;
2017-07-17;null;null;0;30,8;null;14,7;76;null;null;
2017-07-18;null;null;0;24,2;null;15,7;82;null;null;
2017-07-19;null;null;4,9;19,6;null;15,9;94;null;null;
2017-07-20;null;null;,5;25,7;null;15,2;95;null;null;
2017-07-21;null;null;0;28,6;null;13,3;82;null;null;
2017-07-22;null;null;0;25,7;null;15,3;91;null;null;
2017-07-23;null;null;0;27,7;null;13,8;88;null;null;
2017-07-24;null;null;0;28,2;null;15,2;71;null;null;
2017-07-25;null;null;0;29,9;null;16,2;78;null;null;
2017-07-26;null;null;0;28,3;null;14,5;75;null;null;
2017-07-27;null;null;0;27,8;null;15,6;60;null;null;
2017-07-28;null;null;0;26,8;null;12,8;79;null;null;
2017-07-29;null;null;0;25;null;18,4;71;null;null;
2017-07-30;null;null;0;27,4;null;14,7;73;null;null;
2017-07-31;null;null;0;28,7;null;15;71;null;null;
2017-08-01;null;null;null;null;null;null;null;null;null;
2017-08-02;null;null;null;null;null;null;null;null;null;
2017-08-03;null;null;null;null;null;null;null;null;null;
2017-08-04;null;null;null;null;null;null;null;null;null;
2017-08-05;null;null;null;null;null;null;null;null;null;
2017-08-06;null;null;null;null;null;null;null;null;null;
2017-08-07;null;null;null;null;null;null;null;null;null;
2017-08-08;null;null;null;null;null;null;null;null;null;
2017-08-09;null;null;null;null;null;null;null;null;null;
2017-08-10;null;null;null;null;null;null;null;null;null;
2017-08-11;null;null;null;null;null;null;null;null;null;
2017-08-12;null;null;null;null;null;null;null;null;null;
2017-08-13;null;null;null;null;null;null;null;null;null;
2017-08-14;null;null;null;null;null;null;null;null;null;
2017-08-15;null;null;null;null;null;null;null;null;null;
2017-08-16;null;null;null;null;null;null;null;null;null;
2017-08-17;null;null;null;null;null;null;null;null;null;
2017-08-18;null;null;null;null;null;null;null;null;null;
2017-08-19;null;null;null;null;null;null;null;null;null;
2017-08-20;null;null;null;null;null;null;null;null;null;
2017-08-21;null;null;null;null;null;null;null;null;null;
2017-08-22;null;null;null;null;null;null;null;null;null;
2017-08-23;null;null;null;null;null;null;null;null;null;
2017-08-24;null;null;null;null;null;null;null;null;null;
2017-08-25;null;null;null;null;null;null;null;null;null;
2017-08-26;null;null;null;null;null;null;null;null;null;
2017-08-27;null;null;null;null;null;null;null;null;null;
2017-08-28;null;null;null;null;null;null;null;null;null;
2017-08-29;null;null;null;null;null;null;null;null;null;
2017-08-30;null;null;null;null;null;null;null;null;null;
2017-08-31;null;null;null;null;null;null;null;null;null;
2017-09-01;null;null;5,5;23,4;null;18;84;null;null;
2017-09-02;null;null;0;25,3;null;16,4;69;null;null;
2017-09-03;null;null;0;27,6;null;16,6;60;null;null;
2017-09-04;null;null;0;30;null;17,1;56;null;null;
2017-09-05;null;null;0;33;null;15,5;72;null;null;
2017-09-06;null;null;0;30,4;null;15,7;63;null;null;
2017-09-07;null;null;0;29,5;null;16;85;null;null;
2017-09-08;null;null;0;31,4;null;16,6;59;null;null;
2017-09-09;null;null;0;32,5;null;16,9;62;null;null;
2017-09-10;null;null;0;32;null;19,5;64;null;null;
2017-09-11;null;null;0;32,6;null;20,5;62;null;null;
2017-09-12;null;null;0;34,2;null;17,7;60;null;null;
2017-09-13;null;null;0;33;null;18,5;65;null;null;
2017-09-14;null;null;0;35,2;null;18,2;68;null;null;
2017-09-15;null;null;0;35,4;null;18,4;67;null;null;
2017-09-16;null;null;0;32,1;null;17,3;75;null;null;
2017-09-17;null;null;0;33,1;null;18,8;63;null;null;
2017-09-18;null;null;0;32,1;null;16,4;64;null;null;
2017-09-19;null;null;0;32,9;null;16,4;62;null;null;
2017-09-20;null;null;0;32,7;null;17,8;60;null;null;
2017-09-21;null;null;0;32,3;null;18,9;58;null;null;
2017-09-22;null;null;0;33,7;null;18,5;59;null;null;
2017-09-23;null;null;0;34,1;null;18,4;68;null;null;
2017-09-24;null;null;0;29;null;16,9;78;null;null;
2017-09-25;null;null;0;26,9;null;18,6;67;null;null;
2017-09-26;null;null;0;32,4;null;19,4;55;null;null;
2017-09-27;null;null;0;34,8;null;20;57;null;null;
2017-09-28;null;null;0;32,8;null;18,5;46;null;null;
2017-09-29;null;null;0;28,3;null;20,4;61;null;null;
2017-09-30;null;null;0;29,6;null;20,6;73;null;null;
2017-10-01;null;null;1,6;36;null;20,9;75;null;null;
2017-10-02;null;null;0;39,6;null;20,1;56;null;null;
2017-10-03;null;null;11,8;23,9;null;21,9;95;null;null;
2017-10-04;null;null;6,7;25,1;null;18,7;88;null;null;
2017-10-05;null;null;0;33,1;null;16,7;61;null;null;
2017-10-06;null;null;0;34,9;null;20;66;null;null;
2017-10-07;null;null;0;32;null;19,7;63;null;null;
2017-10-08;null;null;0;32,1;null;20,8;65;null;null;
2017-10-09;null;null;0;37,4;null;21,5;62;null;null;
2017-10-10;null;null;0;38,2;null;20,9;64;null;null;
2017-10-11;null;null;0;37,4;null;20,8;64;null;null;
2017-10-12;null;null;0;36,2;null;21,1;63;null;null;
2017-10-13;null;null;0;37,3;null;21,3;65;null;null;
2017-10-14;null;null;0;36,4;null;19,9;62;null;null;
2017-10-15;null;null;1,5;22,8;null;21,7;83;null;null;
2017-10-16;null;null;1,4;24,4;null;19,5;90;null;null;
2017-10-17;null;null;,4;31;null;20,3;69;null;null;
2017-10-18;null;null;0;33,8;null;20,7;51;null;null;
2017-10-19;null;null;0;38,4;null;18,7;52;null;null;
2017-10-20;null;null;0;35,4;null;18,7;45;null;null;
2017-10-21;null;null;0;32,9;null;22,1;71;null;null;
2017-10-22;null;null;0;31,8;null;22,9;65;null;null;
2017-10-23;null;null;34,6;21,7;null;21,4;96;null;null;
2017-10-24;null;null;14,6;23,9;null;17;81;null;null;
2017-10-25;null;null;4,8;31;null;19,9;84;null;null;
2017-10-26;null;null;0;30,7;null;20,7;66;null;null;
2017-10-27;null;null;0;30,8;null;20,7;75;null;null;
2017-10-28;null;null;4,9;35,2;null;21,7;50;null;null;
2017-10-29;null;null;0;32;null;22,9;62;null;null;
2017-10-30;null;null;4,2;30,6;null;21,5;73;null;null;
2017-10-31;null;null;0;30;null;23;67;null;null;
2017-11-01;null;null;2,9;26,9;null;20,4;75;null;null;
2017-11-02;null;null;0;26,5;null;17,7;65;null;null;
2017-11-03;null;null;0;31,7;null;18;55;null;null;
2017-11-04;null;null;0;34;null;19;53;null;null;
2017-11-05;null;null;0;26,2;null;22,9;90;null;null;
2017-11-06;null;null;5,1;23,9;null;21,1;91;null;null;
2017-11-07;null;null;,5;24,9;null;18;96;null;null;
2017-11-08;null;null;0;27,7;null;18,5;64;null;null;
2017-11-09;null;null;0;30,3;null;19,4;71;null;null;
2017-11-10;null;null;0;35,1;null;20;60;null;null;
2017-11-11;null;null;,6;26,2;null;23,5;87;null;null;
2017-11-12;null;null;11,5;32,8;null;19,3;73;null;null;
2017-11-13;null;null;0;30,4;null;14;59;null;null;
2017-11-14;null;null;0;31,8;null;15,2;52;null;null;
2017-11-15;null;null;0;34,1;null;18,6;53;null;null;
2017-11-16;null;null;0;39,4;null;20,1;53;null;null;
2017-11-17;null;null;0;36,2;null;21,7;37;null;null;
2017-11-18;null;null;0;37;null;22,4;59;null;null;
2017-11-19;null;null;6,6;30,6;null;23,3;87;null;null;
2017-11-20;null;null;36,1;25,1;null;22,8;87;null;null;
2017-11-21;null;null;5,8;30,4;null;22,4;80;null;null;
2017-11-22;null;null;1;28,3;null;23,6;92;null;null;
2017-11-23;null;null;35,7;24,2;null;19,6;96;null;null;
2017-11-24;null;null;4,5;30,2;null;16;65;null;null;
2017-11-25;null;null;0;33,6;null;19,4;73;null;null;
2017-11-26;null;null;0;32,9;null;23,3;88;null;null;
2017-11-27;null;null;0;32;null;23,4;88;null;null;
2017-11-28;null;null;1,3;27,9;null;22,5;82;null;null;
2017-11-29;null;null;,8;28,4;null;19,7;70;null;null;
2017-11-30;null;null;0;28,1;null;20,6;65;null;null;
2017-12-01;null;null;1,7;25,7;null;20,3;92;null;null;
2017-12-02;null;null;1;29,3;null;20,8;80;null;null;
2017-12-03;null;null;0;30;null;20,7;66;null;null;
2017-12-04;null;null;0;31,2;null;23;69;null;null;
2017-12-05;null;null;2,8;26;null;22,7;92;null;null;
2017-12-06;null;null;1,3;29;null;21,1;69;null;null;
2017-12-07;null;null;0;29,4;null;21,2;67;null;null;
2017-12-08;null;null;,3;25,9;null;22,8;87;null;null;
2017-12-09;null;null;20,6;29,4;null;22,5;90;null;null;
2017-12-10;null;null;1,6;30,9;null;21,7;83;null;null;
2017-12-11;null;null;0;32,8;null;21;73;null;null;
2017-12-12;null;null;0;26,9;null;21,3;74;null;null;
2017-12-13;null;null;0;27,6;null;20,4;67;null;null;
2017-12-14;null;null;0;30,4;null;20,3;63;null;null;
2017-12-15;null;null;0;35,4;null;20,4;65;null;null;
2017-12-16;null;null;0;34,1;null;22,3;78;null;null;
2017-12-17;null;null;0;36,5;null;23,4;65;null;null;
2017-12-18;null;null;0;37,2;null;23,3;53;null;null;
2017-12-19;null;null;0;33,9;null;23,5;70;null;null;
2017-12-20;null;null;0;35,8;null;22,9;69;null;null;
2017-12-21;null;null;0;34,7;null;22,9;66;null;null;
2017-12-22;null;null;3,9;32,8;null;22,3;82;null;null;
2017-12-23;null;null;0;37,5;null;22,9;65;null;null;
2017-12-24;null;null;6,8;39,1;null;23,2;65;null;null;
2017-12-25;null;null;,9;35,8;null;23,6;63;null;null;
2017-12-26;null;null;,4;31,9;null;23;75;null;null;
2017-12-27;null;null;0;33,7;null;24;73;null;null;
2017-12-28;null;null;0;31,7;null;25;76;null;null;
2017-12-29;null;null;0;30,2;null;23,1;79;null;null;
2017-12-30;null;null;5,5;39,6;null;23,8;94;null;null;
2017-12-31;null;null;1,7;32,7;null;24,3;64;null;null;
2018-01-01;null;null;0;36,2;null;23;58;null;null;
2018-01-02;null;null;0;39,3;null;22,9;58;null;null;
2018-01-03;null;null;21,4;36,1;null;24,2;59;null;null;
2018-01-04;null;null;81,4;25,6;null;23,2;93;null;null;
2018-01-05;null;null;10,5;29,4;null;21,5;88;null;null;
2018-01-06;null;null;21,4;34,3;null;22,8;87;null;null;
2018-01-07;null;null;0;28,8;null;23,4;89;null;null;
2018-01-08;null;null;2,8;31,8;null;23,7;92;null;null;
2018-01-09;null;null;2,3;32,4;null;20,5;74;null;null;
2018-01-10;null;null;0;32,3;null;23,8;70;null;null;
2018-01-11;null;null;0;32,8;null;21,5;65;null;null;
2018-01-12;null;null;0;33;null;22,8;75;null;null;
2018-01-13;null;null;3,3;34,7;null;21,5;74;null;null;
2018-01-14;null;null;8,7;34,9;null;22,5;78;null;null;
2018-01-15;null;null;4,1;36,2;null;22,8;71;null;null;
2018-01-16;null;null;10,2;35,9;null;21,3;66;null;null;
2018-01-17;null;null;0;36;null;21,5;68;null;null;
2018-01-18;null;null;0;38,9;null;22,5;59;null;null;
2018-01-19;null;null;0;37,2;null;22,3;67;null;null;
2018-01-20;null;null;12,8;33,8;null;22,8;67;null;null;
2018-01-21;null;null;0;31,7;null;23,7;83;null;null;
2018-01-22;null;null;0;35,8;null;24,2;73;null;null;
2018-01-23;null;null;0;36,3;null;23,7;62;null;null;
2018-01-24;null;null;0;36,2;null;23,9;66;null;null;
2018-01-25;null;null;0;35,9;null;23,6;67;null;null;
2018-01-26;null;null;39,3;31,3;null;23,1;78;null;null;
2018-01-27;null;null;62,5;27,9;null;22,6;97;null;null;
2018-01-28;null;null;11,8;31,7;null;21,5;81;null;null;
2018-01-29;null;null;0;32,4;null;22,5;78;null;null;
2018-01-30;null;null;4,6;25,7;null;23,9;96;null;null;
2018-01-31;null;null;11,1;29,7;null;21,5;80;null;null;
2018-02-01;null;null;,1;31,1;null;19,6;72;null;null;
2018-02-02;null;null;0;32;null;20,9;69;null;null;
2018-02-03;null;null;0;31,6;null;21,2;74;null;null;
2018-02-04;null;null;0;27,3;null;22,6;76;null;null;
2018-02-05;null;null;,5;22,8;null;21,3;88;null;null;
2018-02-06;null;null;33,8;27,4;null;20,9;94;null;null;
2018-02-07;null;null;3,3;28,9;null;22;87;null;null;
2018-02-08;null;null;2,2;31,1;null;21,1;75;null;null;
2018-02-09;null;null;0;34,4;null;22;79;null;null;
2018-02-10;null;null;0;34,8;null;24,1;80;null;null;
2018-02-11;null;null;0;34,6;null;23,3;76;null;null;
2018-02-12;null;null;0;36,4;null;22,7;64;null;null;
2018-02-13;null;null;0;34;null;24;71;null;null;
2018-02-14;null;null;1,5;31,4;null;23,5;89;null;null;
2018-02-15;null;null;0;31,2;null;23,6;78;null;null;
2018-02-16;null;null;59,8;32,5;null;22,5;85;null;null;
2018-02-17;null;null;1,2;31,9;null;20,7;80;null;null;
2018-02-18;null;null;,6;32,5;null;22,5;82;null;null;
2018-02-19;null;null;26;32,9;null;20,8;80;null;null;
2018-02-20;null;null;3,4;34,3;null;24,1;90;null;null;
2018-02-21;null;null;52,9;35,3;null;23;85;null;null;
2018-02-22;null;null;88,1;33,3;null;22,9;92;null;null;
2018-02-23;null;null;44,1;28,6;null;22,2;98;null;null;
2018-02-24;null;null;8;28,4;null;20,7;91;null;null;
2018-02-25;null;null;0;31,5;null;20,6;74;null;null;
2018-02-26;null;null;0;31,2;null;23;69;null;null;
2018-02-27;null;null;6,1;31,1;null;23,1;71;null;null;
2018-02-28;null;null;35,9;28,5;null;22;75;null;null;
2018-03-01;null;null;4,4;32,6;null;22,8;77;null;null;
2018-03-02;null;null;0;34,1;null;23,5;77;null;null;
2018-03-03;null;null;1,9;33,2;null;24,2;79;null;null;
2018-03-04;null;null;18,7;32,9;null;23,6;81;null;null;
2018-03-05;null;null;0;33;null;23,8;75;null;null;
2018-03-06;null;null;0;32,9;null;23,2;77;null;null;
2018-03-07;null;null;0;33,6;null;23,2;76;null;null;
2018-03-08;null;null;2,2;28,8;null;24,5;90;null;null;
2018-03-09;null;null;25,6;28,3;null;22,7;91;null;null;
2018-03-10;null;null;0;31,4;null;20,3;67;null;null;
2018-03-11;null;null;7,2;30,4;null;23,6;89;null;null;
2018-03-12;null;null;0;35,2;null;21,1;89;null;null;
2018-03-13;null;null;0;30,3;null;22,1;76;null;null;
2018-03-14;null;null;0;34;null;22,9;74;null;null;
2018-03-15;null;null;11,5;32,7;null;23,9;83;null;null;
2018-03-16;null;null;0;33,6;null;23,8;79;null;null;
2018-03-17;null;null;32;27,6;null;24,5;91;null;null;
2018-03-18;null;null;0;30,9;null;22,1;77;null;null;
2018-03-19;null;null;0;36,4;null;23,1;77;null;null;
2018-03-20;null;null;0;35,9;null;23,7;70;null;null;
2018-03-21;null;null;37;30,2;null;23,1;85;null;null;
2018-03-22;null;null;1,1;26,5;null;23,3;97;null;null;
2018-03-23;null;null;2,6;31,8;null;22,1;67;null;null;
2018-03-24;null;null;0;32,9;null;21,9;67;null;null;
2018-03-25;null;null;0;33,7;null;21,8;68;null;null;
2018-03-26;null;null;0;34;null;22;73;null;null;
2018-03-27;null;null;0;33,1;null;22,3;66;null;null;
2018-03-28;null;null;0;32,6;null;21;72;null;null;
2018-03-29;null;null;0;32,1;null;20,8;70;null;null;
2018-03-30;null;null;0;32,3;null;21,4;67;null;null;
2018-03-31;null;null;0;32,9;null;20,9;69;null;null;
2018-04-01;null;null;0;34;null;21,5;74;null;null;
2018-04-02;null;null;0;35,2;null;22,9;71;null;null;
2018-04-03;null;null;0;33,7;null;23,6;77;null;null;
2018-04-04;null;null;32,2;30,5;null;22,3;88;null;null;
2018-04-05;null;null;0;30,4;null;22,8;85;null;null;
2018-04-06;null;null;0;29,8;null;23,3;90;null;null;
2018-04-07;null;null;15,4;30;null;22,1;80;null;null;
2018-04-08;null;null;0;31,2;null;21,5;90;null;null;
2018-04-09;null;null;0;30,9;null;20,1;83;null;null;
2018-04-10;null;null;0;30,9;null;19,2;73;null;null;
2018-04-11;null;null;0;30,2;null;19,3;67;null;null;
2018-04-12;null;null;0;31,3;null;21;74;null;null;
2018-04-13;null;null;0;33,4;null;21,7;77;null;null;
2018-04-14;null;null;0;29,9;null;23,7;77;null;null;
2018-04-15;null;null;9;24,6;null;23;95;null;null;
2018-04-16;null;null;46;26,1;null;20,9;96;null;null;
2018-04-17;null;null;2,7;27,7;null;17,7;76;null;null;
2018-04-18;null;null;2,6;28,4;null;16;77;null;null;
2018-04-19;null;null;0;29,5;null;16,3;65;null;null;
2018-04-20;null;null;0;30,4;null;16,9;78;null;null;
2018-04-21;null;null;0;29;null;20,1;76;null;null;
2018-04-22;null;null;0;29,6;null;17,9;63;null;null;
2018-04-23;null;null;0;30,6;null;18,8;77;null;null;
2018-04-24;null;null;5,8;30,8;null;20,3;75;null;null;
2018-04-25;null;null;52,9;30,5;null;20,3;85;null;null;
2018-04-26;null;null;0;31;null;21,9;78;null;null;
2018-04-27;null;null;0;31,6;null;22,7;78;null;null;
2018-04-28;null;null;0;30,8;null;20,1;65;null;null;
2018-04-29;null;null;0;30;null;20,6;78;null;null;
2018-04-30;null;null;0;32;null;16,9;70;null;null;
2018-05-01;null;null;0;33,4;null;16,2;73;null;null;
2018-05-02;null;null;0;30,5;null;19,4;72;null;null;
2018-05-03;null;null;1,4;24,7;null;21,5;93;null;null;
2018-05-04;null;null;0;30,3;null;19,4;85;null;null;
2018-05-05;null;null;0;31,9;null;21,5;74;null;null;
2018-05-06;null;null;0;30,1;null;20,3;89;null;null;
2018-05-07;null;null;0;29,9;null;20;81;null;null;
2018-05-08;null;null;7,5;24,3;null;20,1;92;null;null;
2018-05-09;null;null;8,5;27,6;null;19,3;76;null;null;
2018-05-10;null;null;,5;28,3;null;19,3;74;null;null;
2018-05-11;null;null;0;30,4;null;17;76;null;null;
2018-05-12;null;null;0;34,7;null;17,7;64;null;null;
2018-05-13;null;null;21,8;24,2;null;21,1;96;null;null;
2018-05-14;null;null;3,4;28;null;20,4;85;null;null;
2018-05-15;null;null;0;29,4;null;20,8;75;null;null;
2018-05-16;null;null;0;33;null;18,9;72;null;null;
2018-05-17;null;null;0;25,9;null;22;88;null;null;
2018-05-18;null;null;,4;29,4;null;21,9;72;null;null;
2018-05-19;null;null;0;34;null;20,9;80;null;null;
2018-05-20;null;null;22,3;24,9;null;17,7;92;null;null;
2018-05-21;null;null;0;25,9;null;13;77;null;null;
2018-05-22;null;null;0;25,8;null;11,6;84;null;null;
2018-05-23;null;null;0;26,1;null;15;94;null;null;
2018-05-24;null;null;0;26,9;null;15,5;82;null;null;
2018-05-25;null;null;0;26,9;null;15,4;87;null;null;
2018-05-26;null;null;34,2;26,2;null;17,8;68;null;null;
2018-05-27;null;null;0;26,5;null;14,8;86;null;null;
2018-05-28;null;null;0;26,2;null;14,4;86;null;null;
2018-05-29;null;null;,9;27,2;null;16,4;87;null;null;
2018-05-30;null;null;0;24,9;null;15,1;86;null;null;
2018-05-31;null;null;3,6;26,8;null;16,3;94;null;null;
2018-06-01;null;null;null;null;null;null;null;null;null;
2018-06-02;null;null;null;null;null;null;null;null;null;
2018-06-03;null;null;null;null;null;null;null;null;null;
2018-06-04;null;null;null;null;null;null;null;null;null;
2018-06-05;null;null;null;null;null;null;null;null;null;
2018-06-06;null;null;null;null;null;null;null;null;null;
2018-06-07;null;null;null;null;null;null;null;null;null;
2018-06-08;null;null;null;null;null;null;null;null;null;
2018-06-09;null;null;null;null;null;null;null;null;null;
2018-06-10;null;null;null;null;null;null;null;null;null;
2018-06-11;null;null;null;null;null;null;null;null;null;
2018-06-12;null;null;null;null;null;null;null;null;null;
2018-06-13;null;null;null;null;null;null;null;null;null;
2018-06-14;null;null;null;null;null;null;null;null;null;
2018-06-15;null;null;null;null;null;null;null;null;null;
2018-06-16;null;null;null;null;null;null;null;null;null;
2018-06-17;null;null;null;null;null;null;null;null;null;
2018-06-18;null;null;null;null;null;null;null;null;null;
2018-06-19;null;null;null;null;null;null;null;null;null;
2018-06-20;null;null;null;null;null;null;null;null;null;
2018-06-21;null;null;null;null;null;null;null;null;null;
2018-06-22;null;null;null;null;null;null;null;null;null;
2018-06-23;null;null;null;null;null;null;null;null;null;
2018-06-24;null;null;null;null;null;null;null;null;null;
2018-06-25;null;null;null;null;null;null;null;null;null;
2018-06-26;null;null;null;null;null;null;null;null;null;
2018-06-27;null;null;null;null;null;null;null;null;null;
2018-06-28;null;null;null;null;null;null;null;null;null;
2018-06-29;null;null;null;null;null;null;null;null;null;
2018-06-30;null;null;null;null;null;null;null;null;null;
2018-07-01;null;null;0;28,8;null;15,3;93;null;null;
2018-07-02;null;null;0;29,7;null;19,1;91;null;null;
2018-07-03;null;null;0;31,5;null;15,7;90;null;null;
2018-07-04;null;null;1,5;24,8;null;20,3;88;null;null;
2018-07-05;null;null;0;29,8;null;18;97;null;null;
2018-07-06;null;null;0;31,2;null;15,3;89;null;null;
2018-07-07;null;null;0;27,9;null;18,5;88;null;null;
2018-07-08;null;null;0;31,8;null;14;81;null;null;
2018-07-09;null;null;0;29,3;null;14,8;76;null;null;
2018-07-10;null;null;1,2;20,3;null;19,4;95;null;null;
2018-07-11;null;null;13,4;21,8;null;14,5;76;null;null;
2018-07-12;null;null;0;22,6;null;14,2;76;null;null;
2018-07-13;null;null;0;25,8;null;12,6;88;null;null;
2018-07-14;null;null;0;28,2;null;13,9;94;null;null;
2018-07-15;null;null;0;30;null;17;90;null;null;
2018-07-16;null;null;0;32,3;null;14,1;81;null;null;
2018-07-17;null;null;0;30,1;null;13,1;80;null;null;
2018-07-18;null;null;0;29,8;null;17,4;82;null;null;
2018-07-19;null;null;0;31,3;null;15;78;null;null;
2018-07-20;null;null;0;29,4;null;16,1;78;null;null;
2018-07-21;null;null;0;32,6;null;15,2;82;null;null;
2018-07-22;null;null;0;27,8;null;21;85;null;null;
2018-07-23;null;null;0;27,9;null;16,9;95;null;null;
2018-07-24;null;null;0;28,8;null;17,7;84;null;null;
2018-07-25;null;null;0;28;null;17,2;89;null;null;
2018-07-26;null;null;0;28,5;null;16,1;83;null;null;
2018-07-27;null;null;0;28,2;null;16,8;76;null;null;
2018-07-28;null;null;0;29,4;null;15,8;78;null;null;
2018-07-29;null;null;0;31,7;null;15,5;82;null;null;
2018-07-30;null;null;0;32,3;null;15,2;73;null;null;
2018-07-31;null;null;0;24,1;null;20;76;null;null;
2018-08-01;null;null;2,8;24,7;null;18,1;77;null;null;
2018-08-02;null;null;11,9;21,5;null;18;97;null;null;
2018-08-03;null;null;4,2;24,6;null;17,5;69;null;null;
2018-08-04;null;null;12,6;26,1;null;19,5;92;null;null;
2018-08-05;null;null;0;28,5;null;18;81;null;null;
2018-08-06;null;null;0;21,5;null;20;89;null;null;
2018-08-07;null;null;20,4;22,2;null;17,4;98;null;null;
2018-08-08;null;null;,4;25,7;null;15,7;83;null;null;
2018-08-09;null;null;0;28,4;null;17,6;97;null;null;
2018-08-10;null;null;0;22,8;null;19,2;94;null;null;
2018-08-11;null;null;0;26,4;null;15,1;77;null;null;
2018-08-12;null;null;0;25,6;null;14,9;64;null;null;
2018-08-13;null;null;,1;24,1;null;17,6;92;null;null;
2018-08-14;null;null;,5;26,7;null;14,8;76;null;null;
2018-08-15;null;null;0;28,1;null;13,6;74;null;null;
2018-08-16;null;null;0;22,9;null;18,7;93;null;null;
2018-08-17;null;null;1,3;22,8;null;18,5;94;null;null;
2018-08-18;null;null;13,8;24,9;null;17,6;96;null;null;
2018-08-19;null;null;,2;27,4;null;13,2;77;null;null;
2018-08-20;null;null;0;29,4;null;14,5;79;null;null;
2018-08-21;null;null;0;29,3;null;18,5;83;null;null;
2018-08-22;null;null;0;29,1;null;18,8;83;null;null;
2018-08-23;null;null;0;31,3;null;18,7;82;null;null;
2018-08-24;null;null;0;32,2;null;19;81;null;null;
2018-08-25;null;null;0;26;null;18,7;76;null;null;
2018-08-26;null;null;0;20,6;null;20,3;94;null;null;
2018-08-27;null;null;7,2;21,3;null;16,4;92;null;null;
2018-08-28;null;null;,5;23,4;null;17;76;null;null;
2018-08-29;null;null;0;27,6;null;15,8;69;null;null;
2018-08-30;null;null;0;30,7;null;16,9;72;null;null;
2018-08-31;null;null;0;33,6;null;18;73;null;null;
2018-09-01;null;null;0;34,2;null;16,8;65;null;null;
2018-09-02;null;null;0;32,2;null;18,7;68;null;null;
2018-09-03;null;null;0;30,6;null;21,3;77;null;null;
2018-09-04;null;null;5,1;23,2;null;20,4;93;null;null;
2018-09-05;null;null;,5;25,6;null;16,4;70;null;null;
2018-09-06;null;null;,2;24,1;null;15,3;74;null;null;
2018-09-07;null;null;0;26,8;null;14,2;60;null;null;
2018-09-08;null;null;0;28,6;null;13,4;56;null;null;
2018-09-09;null;null;0;28;null;13,5;68;null;null;
2018-09-10;null;null;0;26,3;null;19,4;71;null;null;
2018-09-11;null;null;0;22,6;null;18,6;73;null;null;
2018-09-12;null;null;0;25,2;null;17;70;null;null;
2018-09-13;null;null;0;25,7;null;18,3;68;null;null;
2018-09-14;null;null;0;31,5;null;18,1;67;null;null;
2018-09-15;null;null;19,4;29,4;null;19,9;85;null;null;
2018-09-16;null;null;1,5;26,6;null;18,7;75;null;null;
2018-09-17;null;null;0;24,6;null;17,5;69;null;null;
2018-09-18;null;null;11,6;32,7;null;20,3;91;null;null;
2018-09-19;null;null;,1;34,9;null;20,4;70;null;null;
2018-09-20;null;null;0;29,9;null;20,3;80;null;null;
2018-09-21;null;null;1,4;29,1;null;22,7;91;null;null;
2018-09-22;null;null;0;31,2;null;19,7;66;null;null;
2018-09-23;null;null;0;31,5;null;20,6;68;null;null;
2018-09-24;null;null;0;34,3;null;19,1;75;null;null;
2018-09-25;null;null;0;31,5;null;22,9;73;null;null;
2018-09-26;null;null;0;33,9;null;21,4;70;null;null;
2018-09-27;null;null;0;37,4;null;20,6;63;null;null;
2018-09-28;null;null;21,9;27,6;null;21,7;82;null;null;
2018-09-29;null;null;1,7;25,6;null;22,4;89;null;null;
2018-09-30;null;null;0;30,9;null;22;75;null;null;
2018-10-01;null;null;0;31,3;null;21,9;80;null;null;
2018-10-02;null;null;0;36,7;null;22;63;null;null;
2018-10-03;null;null;0;36;null;19,5;64;null;null;
2018-10-04;null;null;0;27,3;null;23,9;75;null;null;
2018-10-05;null;null;13,7;23,1;null;21,9;95;null;null;
2018-10-06;null;null;,7;22,9;null;18,8;78;null;null;
2018-10-07;null;null;8,6;25,7;null;17,7;81;null;null;
2018-10-08;null;null;,1;29,4;null;21,3;85;null;null;
2018-10-09;null;null;2;30,7;null;22,2;91;null;null;
2018-10-10;null;null;,1;36,1;null;20,4;64;null;null;
2018-10-11;null;null;58;26,7;null;22,7;94;null;null;
2018-10-12;null;null;3;29,1;null;22,5;78;null;null;
2018-10-13;null;null;0;37,1;null;22,8;74;null;null;
2018-10-14;null;null;21,7;25,9;null;23,1;85;null;null;
2018-10-15;null;null;,8;25,3;null;20,1;85;null;null;
2018-10-16;null;null;2,9;25,2;null;19,5;85;null;null;
2018-10-17;null;null;0;29,3;null;21,6;80;null;null;
2018-10-18;null;null;0;29,6;null;22,8;78;null;null;
2018-10-19;null;null;0;25,9;null;23,5;87;null;null;
2018-10-20;null;null;8,2;26,2;null;18,8;68;null;null;
2018-10-21;null;null;0;25,1;null;14,4;59;null;null;
2018-10-22;null;null;0;28,8;null;16,5;62;null;null;
2018-10-23;null;null;0;33,5;null;17,4;61;null;null;
2018-10-24;null;null;0;29,2;null;21,3;71;null;null;
2018-10-25;null;null;6;25,1;null;21,1;94;null;null;
2018-10-26;null;null;1,2;27,4;null;20,3;79;null;null;
2018-10-27;null;null;1,3;34,4;null;21,6;81;null;null;
2018-10-28;null;null;1,3;26,3;null;21,4;72;null;null;
2018-10-29;null;null;,8;25,1;null;18,9;76;null;null;
2018-10-30;null;null;0;28,9;null;17,7;65;null;null;
2018-10-31;null;null;0;32,6;null;20,1;71;null;null;
2018-11-01;null;null;0;33,1;null;22,5;69;null;null;
2018-11-02;null;null;0;28,8;null;21,6;83;null;null;
2018-11-03;null;null;0;35,4;null;21,5;67;null;null;
2018-11-04;null;null;14;25,9;null;22,1;85;null;null;
2018-11-05;null;null;8,1;22,9;null;19,4;83;null;null;
2018-11-06;null;null;1,8;26,9;null;18,9;83;null;null;
2018-11-07;null;null;0;30,6;null;22;74;null;null;
2018-11-08;null;null;41,3;22,5;null;20,6;92;null;null;
2018-11-09;null;null;21,4;25;null;19,8;96;null;null;
2018-11-10;null;null;34,5;28,4;null;20,1;79;null;null;
2018-11-11;null;null;,2;32,2;null;21,1;70;null;null;
2018-11-12;null;null;29;31,4;null;22;73;null;null;
2018-11-13;null;null;0;31,9;null;22,8;69;null;null;
2018-11-14;null;null;0;36,4;null;22,4;66;null;null;
2018-11-15;null;null;0;37;null;23,3;51;null;null;
2018-11-16;null;null;,1;26,4;null;24,4;87;null;null;
2018-11-17;null;null;0;30;null;20,4;73;null;null;
2018-11-18;null;null;0;34,7;null;21,2;66;null;null;
2018-11-19;null;null;0;27,6;null;23,9;83;null;null;
2018-11-20;null;null;40,1;23,2;null;18,3;92;null;null;
2018-11-21;null;null;15,1;26,2;null;18,8;86;null;null;
2018-11-22;null;null;0;31,4;null;20,3;79;null;null;
2018-11-23;null;null;0;34;null;21,5;59;null;null;
2018-11-24;null;null;0;30,8;null;22,6;70;null;null;
2018-11-25;null;null;0;31,8;null;23,3;82;null;null;
2018-11-26;null;null;3;29,3;null;21;83;null;null;
2018-11-27;null;null;8,9;28,9;null;19,4;78;null;null;
2018-11-28;null;null;36,2;30,2;null;20,1;77;null;null;
2018-11-29;null;null;0;32,3;null;19,4;70;null;null;
2018-11-30;null;null;0;35,2;null;21,5;62;null;null;
2018-12-01;null;null;,2;31,3;null;23,5;83;null;null;
2018-12-02;null;null;0;29,4;null;23,1;82;null;null;
2018-12-03;null;null;,4;25,5;null;21,6;78;null;null;
2018-12-04;null;null;8,6;30,8;null;19,6;77;null;null;
2018-12-05;null;null;0;36,7;null;21,1;64;null;null;
2018-12-06;null;null;0;30,5;null;23,3;70;null;null;
2018-12-07;null;null;6,2;25,3;null;21,2;81;null;null;
2018-12-08;null;null;15,1;24,3;null;18,7;96;null;null;
2018-12-09;null;null;7,3;28,1;null;13,5;58;null;null;
2018-12-10;null;null;0;32,4;null;17,7;58;null;null;
2018-12-11;null;null;0;34,6;null;19,5;61;null;null;
2018-12-12;null;null;0;36,7;null;21,7;63;null;null;
2018-12-13;null;null;0;37,9;null;21;52;null;null;
2018-12-14;null;null;0;37,5;null;20,7;49;null;null;
2018-12-15;null;null;0;37,1;null;24,6;73;null;null;
2018-12-16;null;null;0;35,3;null;23,5;68;null;null;
2018-12-17;null;null;0;36;null;22,9;65;null;null;
2018-12-18;null;null;0;38,5;null;22,9;65;null;null;
2018-12-19;null;null;0;36,8;null;23,8;68;null;null;
2018-12-20;null;null;0;36,6;null;22,4;65;null;null;
2018-12-21;null;null;0;36,9;null;24,6;71;null;null;
2018-12-22;null;null;,4;38,8;null;22,5;61;null;null;
2018-12-23;null;null;0;36,4;null;22,9;64;null;null;
2018-12-24;null;null;10,3;31,6;null;23,2;75;null;null;
2018-12-25;null;null;27,5;29,2;null;21,6;86;null;null;
2018-12-26;null;null;2,5;26,7;null;21,4;88;null;null;
2018-12-27;null;null;,9;28;null;20,9;69;null;null;
2018-12-28;null;null;0;32,7;null;21,8;76;null;null;
2018-12-29;null;null;6,9;31,9;null;22,4;71;null;null;
2018-12-30;null;null;0;34;null;21,6;68;null;null;
2018-12-31;null;null;0;34,9;null;22,2;72;null;null;
2019-01-01;null;null;1,5;35,9;null;21,8;68;null;null;
2019-01-02;null;null;2,1;36,2;null;22,4;71;null;null;
2019-01-03;null;null;0;38,7;null;24,3;62;null;null;
2019-01-04;null;null;0;38,2;null;24,6;53;null;null;
2019-01-05;null;null;0;33,1;null;23,5;null;null;null;
2019-01-06;null;null;12,2;36;null;22,5;71;null;null;
2019-01-07;null;null;0;37;null;22,4;69;null;null;
2019-01-08;null;null;0;38,1;null;23,7;null;null;null;
2019-01-09;null;null;0;35,4;null;23,3;67;null;null;
2019-01-10;null;null;0;36,1;null;24,1;58;null;null;
2019-01-11;null;null;0;37,5;null;22,9;62;null;null;
2019-01-12;null;null;0;35,3;null;22,3;68;null;null;
2019-01-13;null;null;0;35,8;null;22,3;58;null;null;
2019-01-14;null;null;0;37,1;null;22,8;60;null;null;
2019-01-15;null;null;0;38,4;null;23,4;61;null;null;
2019-01-16;null;null;0;39,4;null;23,7;66;null;null;
2019-01-17;null;null;0;39,3;null;22,4;54;null;null;
2019-01-18;null;null;0;37,6;null;24,5;58;null;null;
2019-01-19;null;null;0;37,7;null;23,8;74;null;null;
2019-01-20;null;null;0;39,2;null;24,7;64;null;null;
2019-01-21;null;null;0;39;null;24,5;66;null;null;
2019-01-22;null;null;0;37,5;null;24,5;64;null;null;
2019-01-23;null;null;,4;36,6;null;23,7;64;null;null;
2019-01-24;null;null;0;39,3;null;23,4;62;null;null;
2019-01-25;null;null;0;33,6;null;23,6;69;null;null;
2019-01-26;null;null;37,8;34,1;null;20,7;76;null;null;
2019-01-27;null;null;0;36,1;null;22;62;null;null;
2019-01-28;null;null;0;37,1;null;23,3;63;null;null;
2019-01-29;null;null;0;38,2;null;23,9;66;null;null;
2019-01-30;null;null;0;38,9;null;23,5;66;null;null;
2019-01-31;null;null;0;39,6;null;22,1;62;null;null;
2019-02-01;null;null;null;null;null;null;null;null;null;
2019-02-02;null;null;null;null;null;null;null;null;null;
2019-02-03;null;null;null;null;null;null;null;null;null;
2019-02-04;null;null;null;null;null;null;null;null;null;
2019-02-05;null;null;null;null;null;null;null;null;null;
2019-02-06;null;null;null;null;null;null;null;null;null;
2019-02-07;null;null;null;null;null;null;null;null;null;
2019-02-08;null;null;null;null;null;null;null;null;null;
2019-02-09;null;null;null;null;null;null;null;null;null;
2019-02-10;null;null;null;null;null;null;null;null;null;
2019-02-11;null;null;null;null;null;null;null;null;null;
2019-02-12;null;null;null;null;null;null;null;null;null;
2019-02-13;null;null;null;null;null;null;null;null;null;
2019-02-14;null;null;null;null;null;null;null;null;null;
2019-02-15;null;null;null;null;null;null;null;null;null;
2019-02-16;null;null;null;null;null;null;null;null;null;
2019-02-17;null;null;null;null;null;null;null;null;null;
2019-02-18;null;null;null;null;null;null;null;null;null;
2019-02-19;null;null;null;null;null;null;null;null;null;
2019-02-20;null;null;null;null;null;null;null;null;null;
2019-02-21;null;null;null;null;null;null;null;null;null;
2019-02-22;null;null;null;null;null;null;null;null;null;
2019-02-23;null;null;null;null;null;null;null;null;null;
2019-02-24;null;null;null;null;null;null;null;null;null;
2019-02-25;null;null;null;null;null;null;null;null;null;
2019-02-26;null;null;null;null;null;null;null;null;null;
2019-02-27;null;null;null;null;null;null;null;null;null;
2019-02-28;null;null;null;null;null;null;null;null;null;
2019-03-01;null;null;0;34;null;null;null;null;null;
2019-03-02;null;null;38,1;29,4;null;22,7;93;null;null;
2019-03-03;null;null;0;34,2;null;23,5;89;null;null;
2019-03-04;null;null;22,6;32,8;null;22,8;89;null;null;
2019-03-05;null;null;4,4;33,8;null;21,5;79;null;null;
2019-03-06;null;null;0;33,9;null;23;76;null;null;
2019-03-07;null;null;6,2;35;null;24,2;71;null;null;
2019-03-08;null;null;0;35,7;null;24,1;72;null;null;
2019-03-09;null;null;0;36,4;null;24,5;75;null;null;
2019-03-10;null;null;0;33,8;null;23,4;74;null;null;
2019-03-11;null;null;0;31;null;24,8;85;null;null;
2019-03-12;null;null;,1;33;null;23,6;78;null;null;
2019-03-13;null;null;0;36,8;null;23,5;78;null;null;
2019-03-14;null;null;33,5;35,7;null;23,2;85;null;null;
2019-03-15;null;null;0;33;null;23,7;76;null;null;
2019-03-16;null;null;15;31;null;24;86;null;null;
2019-03-17;null;null;4,5;32,4;null;23,9;90;null;null;
2019-03-18;null;null;15,6;35;null;24,1;80;null;null;
2019-03-19;null;null;0;36,1;null;24;79;null;null;
2019-03-20;null;null;9,6;28,6;null;24,8;87;null;null;
2019-03-21;null;null;3,8;26,2;null;22,7;95;null;null;
2019-03-22;null;null;18,5;26,7;null;21,3;93;null;null;
2019-03-23;null;null;,9;29,8;null;20,5;80;null;null;
2019-03-24;null;null;,8;32,3;null;20,5;85;null;null;
2019-03-25;null;null;0;32,4;null;20,6;73;null;null;
2019-03-26;null;null;0;33,3;null;21,5;74;null;null;
2019-03-27;null;null;0;32,2;null;19,6;73;null;null;
2019-03-28;null;null;2,9;30,9;null;22,2;84;null;null;
2019-03-29;null;null;16,3;26,5;null;21,5;90;null;null;
2019-03-30;null;null;7;29,9;null;20;85;null;null;
2019-03-31;null;null;1,2;30,7;null;18,1;77;null;null;
2019-04-01;null;null;0;29,7;null;19,8;76;null;null;
2019-04-02;null;null;0;31,3;null;17,9;74;null;null;
2019-04-03;null;null;0;31,7;null;20,2;76;null;null;
2019-04-04;null;null;0;33,2;null;20,5;82;null;null;
2019-04-05;null;null;0;37,4;null;23,7;79;null;null;
2019-04-06;null;null;0;35,5;null;24,1;76;null;null;
2019-04-07;null;null;0;35,2;null;23,1;80;null;null;
2019-04-08;null;null;0;35,9;null;24;86;null;null;
2019-04-09;null;null;31,2;24,9;null;22,7;97;null;null;
2019-04-10;null;null;83,3;28,2;null;22,4;96;null;null;
2019-04-11;null;null;12,6;31,4;null;21,2;91;null;null;
2019-04-12;null;null;0;31,1;null;19,7;81;null;null;
2019-04-13;null;null;0;32;null;23,2;71;null;null;
2019-04-14;null;null;0;29,6;null;23,4;87;null;null;
2019-04-15;null;null;37,4;29,1;null;22,8;94;null;null;
2019-04-16;null;null;0;31;null;21,9;64;null;null;
2019-04-17;null;null;,6;31,2;null;22,3;76;null;null;
2019-04-18;null;null;0;30,9;null;21,2;70;null;null;
2019-04-19;null;null;0;31,6;null;20,6;67;null;null;
2019-04-20;null;null;0;32;null;18,5;83;null;null;
2019-04-21;null;null;0;34,1;null;17,6;71;null;null;
2019-04-22;null;null;0;34,2;null;19,9;75;null;null;
2019-04-23;null;null;,6;31,8;null;23;83;null;null;
2019-04-24;null;null;0;32,6;null;20,6;76;null;null;
2019-04-25;null;null;12,7;32,1;null;23,4;81;null;null;
2019-04-26;null;null;0;31,6;null;21,3;80;null;null;
2019-04-27;null;null;0;33,1;null;21,3;77;null;null;
2019-04-28;null;null;0;35,9;null;21,2;70;null;null;
2019-04-29;null;null;5,3;30,2;null;20,9;91;null;null;
2019-04-30;null;null;,8;28,9;null;21,5;90;null;null;
2019-05-01;null;null;null;null;null;null;null;null;null;
2019-05-02;null;null;null;null;null;null;null;null;null;
2019-05-03;null;null;null;null;null;null;null;null;null;
2019-05-04;null;null;null;null;null;null;null;null;null;
2019-05-05;null;null;null;null;null;null;null;null;null;

