Nome: JOAO MONLEVADE
Codigo Estacao: 83591
Latitude: -19.82388888
Longitude: -43.14416666
Altitude: 859.84
Situacao: Fechada
Data Inicial: 2015-01-01
Data Final: 2019-05-31
Periodicidade da Medicao: Diaria

Data Medicao;EVAPORACAO DO PICHE, DIARIA(mm);INSOLACAO TOTAL, DIARIO(h);PRECIPITACAO TOTAL, DIARIO(mm);TEMPERATURA MAXIMA, DIARIA(°C);TEMPERATURA MEDIA COMPENSADA, DIARIA(°C);TEMPERATURA MINIMA, DIARIA(°C);UMIDADE RELATIVA DO AR, MEDIA DIARIA(%);UMIDADE RELATIVA DO AR, MINIMA DIARIA(%);VENTO, VELOCIDADE MEDIA DIARIA(m/s);
2015-01-01;null;null;,2;33,4;null;20;null;null;null;
2015-01-02;null;null;0;32,2;null;21,9;null;null;null;
2015-01-03;null;null;2,8;33,5;null;19,4;null;null;null;
2015-01-04;null;null;,2;32,8;null;20,4;null;null;null;
2015-01-05;null;null;0;30,3;null;19,8;null;null;null;
2015-01-06;null;null;0;28,9;null;19,6;null;null;null;
2015-01-07;null;null;0;29;null;19,2;null;null;null;
2015-01-08;null;null;0;26;null;17;null;null;null;
2015-01-09;null;null;0;28,8;null;18;null;null;null;
2015-01-10;null;null;0;30;null;19;null;null;null;
2015-01-11;null;null;0;30,8;null;18,4;null;null;null;
2015-01-12;null;null;0;31,5;null;19,2;null;null;null;
2015-01-13;null;null;0;32,7;null;20;null;null;null;
2015-01-14;null;null;0;32,2;null;19,2;null;null;null;
2015-01-15;null;null;0;30,3;null;18,8;null;null;null;
2015-01-16;null;null;0;30,6;null;19;null;null;null;
2015-01-17;null;null;0;30;null;18,8;null;null;null;
2015-01-18;null;null;0;31;null;18,4;null;null;null;
2015-01-19;null;null;0;32;null;20,2;null;null;null;
2015-01-20;null;null;0;30,8;null;18,8;null;null;null;
2015-01-21;null;null;0;32,3;null;19,8;null;null;null;
2015-01-22;null;null;0;32,8;null;20,8;null;null;null;
2015-01-23;null;null;0;32,5;null;20,2;null;null;null;
2015-01-24;null;null;1,4;30,7;null;18,2;null;null;null;
2015-01-25;null;null;1,2;26,8;null;18,6;null;null;null;
2015-01-26;null;null;0;28,8;null;19,4;null;null;null;
2015-01-27;null;null;0;31,7;null;19,8;null;null;null;
2015-01-28;null;null;,8;28,8;null;19,8;null;null;null;
2015-01-29;null;null;0;30,9;null;19;null;null;null;
2015-01-30;null;null;0;32,6;null;20,8;null;null;null;
2015-01-31;null;null;0;34,5;null;21,7;null;null;null;
2015-02-01;null;null;0;32,7;null;20,8;null;null;null;
2015-02-02;null;null;0;30;null;19,6;null;null;null;
2015-02-03;null;null;0;30,8;null;19,8;null;null;null;
2015-02-04;null;null;1,2;29,7;null;18,4;null;null;null;
2015-02-05;null;null;30,4;28,5;null;18,6;null;null;null;
2015-02-06;null;null;10,8;24,5;null;18,8;null;null;null;
2015-02-07;null;null;31,6;21,2;null;17,4;null;null;null;
2015-02-08;null;null;29,4;23,7;null;19;null;null;null;
2015-02-09;null;null;28,6;22,2;null;18,6;null;null;null;
2015-02-10;null;null;7;26,7;null;19,6;null;null;null;
2015-02-11;null;null;0;27,5;null;19,2;null;null;null;
2015-02-12;null;null;0;29;null;18,8;null;null;null;
2015-02-13;null;null;0;30,5;null;19,8;null;null;null;
2015-02-14;null;null;0;31,5;null;20;null;null;null;
2015-02-15;null;null;0;31,7;null;19,2;null;null;null;
2015-02-16;null;null;0;29,4;null;19;null;null;null;
2015-02-17;null;null;0;29,3;null;19;null;null;null;
2015-02-18;null;null;0;30,4;null;20,6;null;null;null;
2015-02-19;null;null;4,2;28;null;18,6;null;null;null;
2015-02-20;null;null;7;26,5;null;19,6;null;null;null;
2015-02-21;null;null;0;29,3;null;18,8;null;null;null;
2015-02-22;null;null;0;29,4;null;18,8;null;null;null;
2015-02-23;null;null;1,8;28,5;null;19;null;null;null;
2015-02-24;null;null;5,4;29,4;null;19,4;null;null;null;
2015-02-25;null;null;0;28,7;null;19,8;null;null;null;
2015-02-26;null;null;0;28,8;null;20;null;null;null;
2015-02-27;null;null;19,8;30,4;null;19;null;null;null;
2015-02-28;null;null;11,8;30,7;null;18,8;null;null;null;
2015-03-01;null;null;,8;31,3;null;20;null;null;null;
2015-03-02;null;null;0;26,7;null;18,8;null;null;null;
2015-03-03;null;null;,8;27,4;null;18,8;null;null;null;
2015-03-04;null;null;0;28,8;null;20;null;null;null;
2015-03-05;null;null;38,2;28,2;null;18;null;null;null;
2015-03-06;null;null;0;28,8;null;18,8;null;null;null;
2015-03-07;null;null;0;30;null;19,2;null;null;null;
2015-03-08;null;null;0;29,3;null;20,2;null;null;null;
2015-03-09;null;null;0;27,9;null;20;null;null;null;
2015-03-10;null;null;2,2;27,2;null;20,6;null;null;null;
2015-03-11;null;null;0;26,9;null;19,6;null;null;null;
2015-03-12;null;null;0;28,7;null;20,4;null;null;null;
2015-03-13;null;null;0;29,3;null;19,6;null;null;null;
2015-03-14;null;null;0;28,9;null;19,8;null;null;null;
2015-03-15;null;null;0;29,2;null;19,2;null;null;null;
2015-03-16;null;null;0;25,8;null;19,4;null;null;null;
2015-03-17;null;null;0;29,5;null;19,6;null;null;null;
2015-03-18;null;null;0;29,5;null;20;null;null;null;
2015-03-19;null;null;0;27,4;null;18,6;null;null;null;
2015-03-20;null;null;0;27,6;null;18,8;null;null;null;
2015-03-21;null;null;19,6;27,7;null;18,6;null;null;null;
2015-03-22;null;null;7,4;23,9;null;17,8;null;null;null;
2015-03-23;null;null;26,6;26,5;null;18,4;null;null;null;
2015-03-24;null;null;13;24,5;null;19,2;null;null;null;
2015-03-25;null;null;,2;26,3;null;19,6;null;null;null;
2015-03-26;null;null;0;26,4;null;18;null;null;null;
2015-03-27;null;null;0;28,7;null;18,6;null;null;null;
2015-03-28;null;null;0;30;null;19,8;null;null;null;
2015-03-29;null;null;0;31;null;19,4;null;null;null;
2015-03-30;null;null;0;31,3;null;20,6;null;null;null;
2015-03-31;null;null;25,2;32,4;null;19,8;null;null;null;
2015-04-01;null;null;1;29,5;null;18,8;null;null;null;
2015-04-02;null;null;19,8;32,3;null;20,2;null;null;null;
2015-04-03;null;null;58,4;21,2;null;18;null;null;null;
2015-04-04;null;null;2,2;21,7;null;17,8;null;null;null;
2015-04-05;null;null;0;25;null;18,6;null;null;null;
2015-04-06;null;null;8,8;28,4;null;19,4;null;null;null;
2015-04-07;null;null;0;29,5;null;18,6;null;null;null;
2015-04-08;null;null;,2;25,7;null;15,8;null;null;null;
2015-04-09;null;null;3,4;18,5;null;16,2;null;null;null;
2015-04-10;null;null;,2;18,8;null;15,8;null;null;null;
2015-04-11;null;null;0;24,9;null;16;null;null;null;
2015-04-12;null;null;0;26,4;null;15;null;null;null;
2015-04-13;null;null;0;26,2;null;15,6;null;null;null;
2015-04-14;null;null;0;27,2;null;16,2;null;null;null;
2015-04-15;null;null;0;25;null;16,8;null;null;null;
2015-04-16;null;null;0;27;null;16,8;null;null;null;
2015-04-17;null;null;0;29,5;null;18,6;null;null;null;
2015-04-18;null;null;0;29,6;null;19,6;null;null;null;
2015-04-19;null;null;0;26,6;null;18,8;null;null;null;
2015-04-20;null;null;0;30,1;null;19,4;null;null;null;
2015-04-21;null;null;0;28,6;null;20,6;null;null;null;
2015-04-22;null;null;23,6;31,3;null;19,8;null;null;null;
2015-04-23;null;null;13,4;28,3;null;19,6;null;null;null;
2015-04-24;null;null;4,2;26,9;null;19,4;null;null;null;
2015-04-25;null;null;0;26,3;null;19,2;null;null;null;
2015-04-26;null;null;21,2;28,2;null;18,8;null;null;null;
2015-04-27;null;null;0;28,3;null;17;null;null;null;
2015-04-28;null;null;0;25;null;16,8;null;null;null;
2015-04-29;null;null;0;26,1;null;16,8;null;null;null;
2015-04-30;null;null;6,8;25,9;null;16,6;null;null;null;
2015-05-01;null;null;0;25;null;16,8;null;null;null;
2015-05-02;null;null;,4;23,6;null;16,4;null;null;null;
2015-05-03;null;null;0;21,7;null;15,2;null;null;null;
2015-05-04;null;null;0;25,4;null;16,4;null;null;null;
2015-05-05;null;null;,2;27,2;null;18,8;null;null;null;
2015-05-06;null;null;31,2;24,2;null;17,6;null;null;null;
2015-05-07;null;null;14,8;20,6;null;17,8;null;null;null;
2015-05-08;null;null;2;21,7;null;14;null;null;null;
2015-05-09;null;null;,2;22,4;null;16,6;null;null;null;
2015-05-10;null;null;0;22,5;null;15,4;null;null;null;
2015-05-11;null;null;0;24;null;16,4;null;null;null;
2015-05-12;null;null;0;24,3;null;16,8;null;null;null;
2015-05-13;null;null;0;26,7;null;14,8;null;null;null;
2015-05-14;null;null;0;22,4;null;16,2;null;null;null;
2015-05-15;null;null;0;22,2;null;15,6;null;null;null;
2015-05-16;null;null;0;22,1;null;14,6;null;null;null;
2015-05-17;null;null;0;23,8;null;16,4;null;null;null;
2015-05-18;null;null;7;23,4;null;13,8;null;null;null;
2015-05-19;null;null;0;20;null;11,1;null;null;null;
2015-05-20;null;null;0;23,3;null;15,6;null;null;null;
2015-05-21;null;null;0;20,4;null;15,8;null;null;null;
2015-05-22;null;null;0;22,4;null;14,8;null;null;null;
2015-05-23;null;null;0;22,2;null;14,8;null;null;null;
2015-05-24;null;null;0;22,4;null;14;null;null;null;
2015-05-25;null;null;0;23,7;null;13,6;null;null;null;
2015-05-26;null;null;0;26;null;13,8;null;null;null;
2015-05-27;null;null;0;25,9;null;16,2;null;null;null;
2015-05-28;null;null;0;25,4;null;17,8;null;null;null;
2015-05-29;null;null;26,2;25;null;14,8;null;null;null;
2015-05-30;null;null;3,4;21;null;14,6;null;null;null;
2015-05-31;null;null;0;24,8;null;17,4;null;null;null;
2015-06-01;null;null;0;25,3;null;16,6;null;null;null;
2015-06-02;null;null;0;25,2;null;17,2;null;null;null;
2015-06-03;null;null;13,8;21,5;null;15,6;null;null;null;
2015-06-04;null;null;,4;19,7;null;13;null;null;null;
2015-06-05;null;null;0;22,8;null;15,2;null;null;null;
2015-06-06;null;null;0;23,4;null;16,8;null;null;null;
2015-06-07;null;null;0;23,5;null;15,2;null;null;null;
2015-06-08;null;null;0;24,8;null;11,9;null;null;null;
2015-06-09;null;null;0;24,2;null;12,9;null;null;null;
2015-06-10;null;null;0;25,7;null;14,2;null;null;null;
2015-06-11;null;null;0;26,9;null;15,8;null;null;null;
2015-06-12;null;null;0;25,8;null;14;null;null;null;
2015-06-13;null;null;0;23,4;null;14,6;null;null;null;
2015-06-14;null;null;0;24;null;15,2;null;null;null;
2015-06-15;null;null;0;28,4;null;16,4;null;null;null;
2015-06-16;null;null;0;29,2;null;17,8;null;null;null;
2015-06-17;null;null;0;20,6;null;14,6;null;null;null;
2015-06-18;null;null;0;21,3;null;15,8;null;null;null;
2015-06-19;null;null;0;24,8;null;14,8;null;null;null;
2015-06-20;null;null;0;24,5;null;16;null;null;null;
2015-06-21;null;null;,2;20,5;null;13,8;null;null;null;
2015-06-22;null;null;0;19,9;null;14,6;null;null;null;
2015-06-23;null;null;0;22,2;null;15;null;null;null;
2015-06-24;null;null;0;23,8;null;12,5;null;null;null;
2015-06-25;null;null;0;23,1;null;14;null;null;null;
2015-06-26;null;null;0;17,7;null;12,5;null;null;null;
2015-06-27;null;null;0;18,1;null;10,5;null;null;null;
2015-06-28;null;null;,8;18,6;null;11,7;null;null;null;
2015-06-29;null;null;0;21,2;null;12,7;null;null;null;
2015-06-30;null;null;0;19,5;null;14,6;null;null;null;
2015-07-01;null;null;0;23,3;null;15,4;null;null;null;
2015-07-02;null;null;0;22,1;null;14,6;null;null;null;
2015-07-03;null;null;0;23,7;null;14,8;null;null;null;
2015-07-04;null;null;0;23,3;null;15,2;null;null;null;
2015-07-05;null;null;0;28,5;null;15,6;null;null;null;
2015-07-06;null;null;0;21,8;null;13,6;null;null;null;
2015-07-07;null;null;0;23,2;null;14,4;null;null;null;
2015-07-08;null;null;0;19,8;null;14,8;null;null;null;
2015-07-09;null;null;0;24,3;null;15;null;null;null;
2015-07-10;null;null;0;23;null;14,6;null;null;null;
2015-07-11;null;null;0;27,3;null;14,4;null;null;null;
2015-07-12;null;null;0;25,2;null;14,2;null;null;null;
2015-07-13;null;null;0;24,5;null;13,6;null;null;null;
2015-07-14;null;null;0;25,4;null;14,8;null;null;null;
2015-07-15;null;null;0;25,2;null;14,6;null;null;null;
2015-07-16;null;null;0;23,9;null;14,8;null;null;null;
2015-07-17;null;null;0;22,5;null;14,4;null;null;null;
2015-07-18;null;null;0;22,7;null;13,6;null;null;null;
2015-07-19;null;null;0;23;null;12,9;null;null;null;
2015-07-20;null;null;0;23,5;null;14,6;null;null;null;
2015-07-21;null;null;0;24;null;13,8;null;null;null;
2015-07-22;null;null;0;26,7;null;14,8;null;null;null;
2015-07-23;null;null;0;23,1;null;14,4;null;null;null;
2015-07-24;null;null;0;22,1;null;13,6;null;null;null;
2015-07-25;null;null;0;24,2;null;14,6;null;null;null;
2015-07-26;null;null;0;25,5;null;15,6;null;null;null;
2015-07-27;null;null;14,8;26,5;null;15,8;null;null;null;
2015-07-28;null;null;0;23,7;null;15,8;null;null;null;
2015-07-29;null;null;0;25,1;null;15;null;null;null;
2015-07-30;null;null;0;24,9;null;14,8;null;null;null;
2015-07-31;null;null;0;24,3;null;15,4;null;null;null;
2015-08-01;null;null;0;23,7;null;16,2;null;null;null;
2015-08-02;null;null;0;23,5;null;13,8;null;null;null;
2015-08-03;null;null;0;22,9;null;13,2;null;null;null;
2015-08-04;null;null;0;27,7;null;16,6;null;null;null;
2015-08-05;null;null;0;25,6;null;13,2;null;null;null;
2015-08-06;null;null;0;27,1;null;14;null;null;null;
2015-08-07;null;null;0;25;null;14,6;null;null;null;
2015-08-08;null;null;0;25,5;null;14;null;null;null;
2015-08-09;null;null;0;23,5;null;15,2;null;null;null;
2015-08-10;null;null;0;19,5;null;15,6;null;null;null;
2015-08-11;null;null;0;21,1;null;13,6;null;null;null;
2015-08-12;null;null;0;22,8;null;13,8;null;null;null;
2015-08-13;null;null;0;22,7;null;14,6;null;null;null;
2015-08-14;null;null;0;22;null;14,2;null;null;null;
2015-08-15;null;null;0;23,1;null;14,4;null;null;null;
2015-08-16;null;null;0;26,3;null;13,8;null;null;null;
2015-08-17;null;null;0;24;null;15,2;null;null;null;
2015-08-18;null;null;0;25,8;null;15,4;null;null;null;
2015-08-19;null;null;0;23,7;null;15,8;null;null;null;
2015-08-20;null;null;0;25,5;null;16;null;null;null;
2015-08-21;null;null;0;28,3;null;15,6;null;null;null;
2015-08-22;null;null;0;23,9;null;16,6;null;null;null;
2015-08-23;null;null;0;23;null;15;null;null;null;
2015-08-24;null;null;0;25,3;null;14,2;null;null;null;
2015-08-25;null;null;0;27,6;null;15,8;null;null;null;
2015-08-26;null;null;0;25,5;null;15;null;null;null;
2015-08-27;null;null;0;30,1;null;17;null;null;null;
2015-08-28;null;null;12,2;31,5;null;16,4;null;null;null;
2015-08-29;null;null;0;24,9;null;14,8;null;null;null;
2015-08-30;null;null;0;24,4;null;15,6;null;null;null;
2015-08-31;null;null;0;26,6;null;16;null;null;null;
2015-09-01;null;null;0;29,5;null;16,8;null;null;null;
2015-09-02;null;null;0;31,7;null;16,8;null;null;null;
2015-09-03;null;null;0;28,5;null;16,6;null;null;null;
2015-09-04;null;null;0;29,6;null;16,8;null;null;null;
2015-09-05;null;null;0;33,1;null;17,6;null;null;null;
2015-09-06;null;null;3,2;27,4;null;17,2;null;null;null;
2015-09-07;null;null;0;26,3;null;16,6;null;null;null;
2015-09-08;null;null;4;25,8;null;16,4;null;null;null;
2015-09-09;null;null;4,4;25,6;null;16,2;null;null;null;
2015-09-10;null;null;0;24,4;null;16,4;null;null;null;
2015-09-11;null;null;,8;28;null;17,8;null;null;null;
2015-09-12;null;null;14,4;26,2;null;16,8;null;null;null;
2015-09-13;null;null;,6;24,6;null;17,2;null;null;null;
2015-09-14;null;null;,8;19;null;15,6;null;null;null;
2015-09-15;null;null;0;20,2;null;16,6;null;null;null;
2015-09-16;null;null;0;26,3;null;17,8;null;null;null;
2015-09-17;null;null;0;26;null;16,6;null;null;null;
2015-09-18;null;null;0;31;null;17,8;null;null;null;
2015-09-19;null;null;0;30,5;null;17,2;null;null;null;
2015-09-20;null;null;0;30,2;null;16,8;null;null;null;
2015-09-21;null;null;0;30;null;16,6;null;null;null;
2015-09-22;null;null;0;29,6;null;17,4;null;null;null;
2015-09-23;null;null;0;30,8;null;18,8;null;null;null;
2015-09-24;null;null;0;35;null;19,6;null;null;null;
2015-09-25;null;null;0;31,4;null;19,6;null;null;null;
2015-09-26;null;null;0;31;null;19,4;null;null;null;
2015-09-27;null;null;0;31,8;null;19,4;null;null;null;
2015-09-28;null;null;0;30;null;19,6;null;null;null;
2015-09-29;null;null;0;35,2;null;20,8;null;null;null;
2015-09-30;null;null;0;31,8;null;18,8;null;null;null;
2015-10-01;null;null;null;30,5;null;18,8;null;null;null;
2015-10-02;null;null;null;31;null;20,2;null;null;null;
2015-10-03;null;null;null;31,5;null;19,2;null;null;null;
2015-10-04;null;null;null;32,8;null;20,9;null;null;null;
2015-10-05;null;null;null;33,3;null;20,8;null;null;null;
2015-10-06;null;null;null;28,7;null;17,4;null;null;null;
2015-10-07;null;null;null;24,4;null;17,4;null;null;null;
2015-10-08;null;null;null;25,7;null;15;null;null;null;
2015-10-09;null;null;null;28,4;null;15,4;null;null;null;
2015-10-10;null;null;null;29,6;null;16,8;null;null;null;
2015-10-11;null;null;null;32,3;null;18,2;null;null;null;
2015-10-12;null;null;null;31,1;null;18,4;null;null;null;
2015-10-13;null;null;null;29,8;null;16,8;null;null;null;
2015-10-14;null;null;null;31;null;17,8;null;null;null;
2015-10-15;null;null;null;31,9;null;18,8;null;null;null;
2015-10-16;null;null;null;34;null;21,5;null;null;null;
2015-10-17;null;null;null;35,8;null;22,1;null;null;null;
2015-10-18;null;null;null;36,4;null;20,6;null;null;null;
2015-10-19;null;null;null;27;null;19,2;null;null;null;
2015-10-20;null;null;null;25,5;null;18,6;null;null;null;
2015-10-21;null;null;null;30,6;null;19,2;null;null;null;
2015-10-22;null;null;null;35,1;null;22,1;null;null;null;
2015-10-23;null;null;null;36,7;null;18,6;null;null;null;
2015-10-24;null;null;null;33,3;null;20;null;null;null;
2015-10-25;null;null;null;29,6;null;20,6;null;null;null;
2015-10-26;null;null;null;30,2;null;20;null;null;null;
2015-10-27;null;null;null;29,7;null;19,6;null;null;null;
2015-10-28;null;null;null;27;null;18,6;null;null;null;
2015-10-29;null;null;null;25;null;19,4;null;null;null;
2015-10-30;null;null;null;27,8;null;16,4;null;null;null;
2015-10-31;null;null;null;28,7;null;20;null;null;null;
2015-11-01;null;null;0;29,8;null;20;null;null;null;
2015-11-02;null;null;0;29,3;null;20;null;null;null;
2015-11-03;null;null;0;31;null;20;null;null;null;
2015-11-04;null;null;0;33;null;20,6;null;null;null;
2015-11-05;null;null;0;35,2;null;22,5;null;null;null;
2015-11-06;null;null;0;36,1;null;21,9;null;null;null;
2015-11-07;null;null;0;36,3;null;22,1;null;null;null;
2015-11-08;null;null;,8;33,6;null;20,6;null;null;null;
2015-11-09;null;null;0;33,8;null;20,4;null;null;null;
2015-11-10;null;null;0;35,4;null;20,6;null;null;null;
2015-11-11;null;null;0;30,8;null;20,4;null;null;null;
2015-11-12;null;null;0;31,5;null;21,3;null;null;null;
2015-11-13;null;null;0;35,2;null;21,3;null;null;null;
2015-11-14;null;null;8,4;34,3;null;19,6;null;null;null;
2015-11-15;null;null;0;32,3;null;22,1;null;null;null;
2015-11-16;null;null;14;32,2;null;20,2;null;null;null;
2015-11-17;null;null;10,6;24,3;null;20;null;null;null;
2015-11-18;null;null;1,8;26,4;null;20,6;null;null;null;
2015-11-19;null;null;0;30;null;20,2;null;null;null;
2015-11-20;null;null;32,4;32;null;19,8;null;null;null;
2015-11-21;null;null;23,8;25,3;null;18,8;null;null;null;
2015-11-22;null;null;0;31;null;19,8;null;null;null;
2015-11-23;null;null;0;28,5;null;20,2;null;null;null;
2015-11-24;null;null;37,2;27,2;null;17,2;null;null;null;
2015-11-25;null;null;0;28,6;null;19,6;null;null;null;
2015-11-26;null;null;0;29,4;null;19,8;null;null;null;
2015-11-27;null;null;0;30;null;20,2;null;null;null;
2015-11-28;null;null;0;31,2;null;20;null;null;null;
2015-11-29;null;null;0;31,6;null;19,8;null;null;null;
2015-11-30;null;null;61,2;29,9;null;20;null;null;null;
2015-12-01;null;null;13;30;null;20,6;null;null;null;
2015-12-02;null;null;0;28,5;null;20,8;null;null;null;
2015-12-03;null;null;4;29;null;19,4;null;null;null;
2015-12-04;null;null;22,2;30,7;null;19,2;null;null;null;
2015-12-05;null;null;20,4;30;null;18,8;null;null;null;
2015-12-06;null;null;8,2;31,8;null;19,4;null;null;null;
2015-12-07;null;null;5,6;30,5;null;19,2;null;null;null;
2015-12-08;null;null;23;31,3;null;19,4;null;null;null;
2015-12-09;null;null;10;28,1;null;20,2;null;null;null;
2015-12-10;null;null;9,2;26,7;null;20,2;null;null;null;
2015-12-11;null;null;,8;31;null;19,6;null;null;null;
2015-12-12;null;null;10,6;31,3;null;19,8;null;null;null;
2015-12-13;null;null;0;29,3;null;20,2;null;null;null;
2015-12-14;null;null;0;29,1;null;19,8;null;null;null;
2015-12-15;null;null;0;30;null;19,4;null;null;null;
2015-12-16;null;null;0;30,6;null;19,2;null;null;null;
2015-12-17;null;null;0;30,5;null;19,8;null;null;null;
2015-12-18;null;null;0;29,5;null;20,8;null;null;null;
2015-12-19;null;null;20,2;29,8;null;19,8;null;null;null;
2015-12-20;null;null;0;29,9;null;19,6;null;null;null;
2015-12-21;null;null;0;30;null;19,6;null;null;null;
2015-12-22;null;null;9,2;28,6;null;18,6;null;null;null;
2015-12-23;null;null;0;29,9;null;19;null;null;null;
2015-12-24;null;null;0;30,4;null;19,6;null;null;null;
2015-12-25;null;null;0;30,9;null;20;null;null;null;
2015-12-26;null;null;12,4;29,6;null;18,6;null;null;null;
2015-12-27;null;null;0;31;null;19,8;null;null;null;
2015-12-28;null;null;4,4;29,4;null;18,6;null;null;null;
2015-12-29;null;null;0;29,5;null;18,4;null;null;null;
2015-12-30;null;null;0;28,4;null;20,8;null;null;null;
2015-12-31;null;null;4,8;30,1;null;17,8;null;null;null;
2016-01-01;null;null;0;29,8;null;20,2;null;null;null;
2016-01-02;0;null;null;34,1;null;21,9;null;null;null;
2016-01-03;null;null;17;32,5;null;19,4;null;null;null;
2016-01-04;null;null;30,2;28,7;null;18,8;null;null;null;
2016-01-05;null;null;6,8;23,7;null;16,8;null;null;null;
2016-01-06;null;null;0;26,6;null;18,4;null;null;null;
2016-01-07;null;null;0;29,8;null;18,6;null;null;null;
2016-01-08;null;null;0;29,5;null;20;null;null;null;
2016-01-09;null;null;0;30,6;null;20,8;null;null;null;
2016-01-10;null;null;30,4;28,5;null;21,1;null;null;null;
2016-01-11;null;null;0;31;null;20,2;null;null;null;
2016-01-12;null;null;2,6;31,5;null;21,7;null;null;null;
2016-01-13;null;null;64,2;23;null;19,4;null;null;null;
2016-01-14;null;null;0;25,5;null;20,8;null;null;null;
2016-01-15;null;null;3,4;29;null;21,1;null;null;null;
2016-01-16;null;null;32;23,7;null;20,2;null;null;null;
2016-01-17;null;null;51,8;22,1;null;18,6;null;null;null;
2016-01-18;null;null;38,6;21,3;null;18;null;null;null;
2016-01-19;null;null;26,8;24,4;null;20;null;null;null;
2016-01-20;null;null;30,8;22,2;null;19,4;null;null;null;
2016-01-21;null;null;6,7;20,6;null;17,6;null;null;null;
2016-01-22;null;null;7,6;22,4;null;17;null;null;null;
2016-01-23;null;null;5,6;22,3;null;18,4;null;null;null;
2016-01-24;null;null;2,2;23,6;null;19;null;null;null;
2016-01-25;null;null;1,4;28,7;null;19,6;null;null;null;
2016-01-26;null;null;34,4;29,9;null;19,6;null;null;null;
2016-01-27;null;null;6,6;31,7;null;20,2;null;null;null;
2016-01-28;null;null;7,8;30,5;null;20,9;null;null;null;
2016-01-29;null;null;15;27;null;19,8;null;null;null;
2016-01-30;null;null;0;28,1;null;19,8;null;null;null;
2016-01-31;null;null;0;28,8;null;17,8;null;null;null;
2016-02-01;null;null;0;29,3;null;19,4;null;null;null;
2016-02-02;null;null;0;30,5;null;20,2;null;null;null;
2016-02-03;null;null;0;31,7;null;19,8;null;null;null;
2016-02-04;null;null;0;31,9;null;20,2;null;null;null;
2016-02-05;null;null;0;30;null;19,8;null;null;null;
2016-02-06;null;null;0;30,3;null;18,8;null;null;null;
2016-02-07;null;null;0;32;null;20,4;null;null;null;
2016-02-08;null;null;0;31,9;null;20,2;null;null;null;
2016-02-09;null;null;0;31,8;null;20;null;null;null;
2016-02-10;null;null;0;32;null;21,1;null;null;null;
2016-02-11;null;null;0;31,8;null;20,6;null;null;null;
2016-02-12;null;null;0;32;null;20,4;null;null;null;
2016-02-13;null;null;32,6;31,8;null;20;null;null;null;
2016-02-14;null;null;0;32,4;null;20;null;null;null;
2016-02-15;null;null;0;31,5;null;21,1;null;null;null;
2016-02-16;null;null;,2;32,2;null;20;null;null;null;
2016-02-17;null;null;0;33,4;null;20,4;null;null;null;
2016-02-18;null;null;1,4;32,2;null;19,6;null;null;null;
2016-02-19;null;null;0;31,2;null;19,8;null;null;null;
2016-02-20;null;null;0;30,1;null;20;null;null;null;
2016-02-21;null;null;0;31,5;null;20;null;null;null;
2016-02-22;null;null;0;30,6;null;20;null;null;null;
2016-02-23;null;null;0;28;null;19,6;null;null;null;
2016-02-24;null;null;0;30,3;null;20;null;null;null;
2016-02-25;null;null;0;30;null;19,8;null;null;null;
2016-02-26;null;null;10,2;30,5;null;19,8;null;null;null;
2016-02-27;null;null;0;30,2;null;19;null;null;null;
2016-02-28;null;null;0;30,8;null;20,2;null;null;null;
2016-02-29;null;null;,6;31,5;null;20,2;null;null;null;
2016-03-01;null;null;,4;30,9;null;19,6;null;null;null;
2016-03-02;null;null;0;28,9;null;20,2;null;null;null;
2016-03-03;null;null;0;29,8;null;19,8;null;null;null;
2016-03-04;null;null;0;30;null;20,8;null;null;null;
2016-03-05;null;null;23,2;27,4;null;18;null;null;null;
2016-03-06;null;null;,2;28;null;20;null;null;null;
2016-03-07;null;null;0;29;null;20,8;null;null;null;
2016-03-08;null;null;0;27,9;null;19,6;null;null;null;
2016-03-09;null;null;0;29,3;null;19,8;null;null;null;
2016-03-10;null;null;0;29;null;18,8;null;null;null;
2016-03-11;null;null;0;30,8;null;20;null;null;null;
2016-03-12;null;null;15,8;32;null;20,4;null;null;null;
2016-03-13;null;null;14,6;23,9;null;19,4;null;null;null;
2016-03-14;null;null;2,4;28;null;19,6;null;null;null;
2016-03-15;null;null;2,2;28,1;null;18,8;null;null;null;
2016-03-16;null;null;14,2;28;null;19,4;null;null;null;
2016-03-17;null;null;4,6;26,7;null;18,4;null;null;null;
2016-03-18;null;null;1,2;27,5;null;18,6;null;null;null;
2016-03-19;null;null;0;27,9;null;18;null;null;null;
2016-03-20;null;null;0;29,8;null;18,6;null;null;null;
2016-03-21;null;null;2,4;28,7;null;19,6;null;null;null;
2016-03-22;null;null;0;28,4;null;18,4;null;null;null;
2016-03-23;null;null;0;31;null;19,8;null;null;null;
2016-03-24;null;null;0;31,2;null;20;null;null;null;
2016-03-25;null;null;0;30,5;null;20,9;null;null;null;
2016-03-26;null;null;0;29,9;null;20,2;null;null;null;
2016-03-27;null;null;7,8;29,5;null;18,6;null;null;null;
2016-03-28;null;null;0;30,5;null;19;null;null;null;
2016-03-29;null;null;0;29,6;null;19;null;null;null;
2016-03-30;null;null;0;30,6;null;19,6;null;null;null;
2016-03-31;null;null;0;29,5;null;20;null;null;null;
2016-04-01;null;null;0;28,5;null;18,4;null;null;null;
2016-04-02;null;null;0;31;null;20;null;null;null;
2016-04-03;null;null;0;31,2;null;19,8;null;null;null;
2016-04-04;null;null;0;30;null;19,6;null;null;null;
2016-04-05;null;null;0;29,9;null;19,8;null;null;null;
2016-04-06;null;null;0;30;null;19,6;null;null;null;
2016-04-07;null;null;0;31;null;19,8;null;null;null;
2016-04-08;null;null;0;31,2;null;20;null;null;null;
2016-04-09;null;null;0;29,9;null;20;null;null;null;
2016-04-10;null;null;0;31;null;19,8;null;null;null;
2016-04-11;null;null;0;29,9;null;19,6;null;null;null;
2016-04-12;null;null;0;30;null;20;null;null;null;
2016-04-13;null;null;0;31,3;null;20;null;null;null;
2016-04-14;null;null;0;29,7;null;19,6;null;null;null;
2016-04-15;null;null;0;29;null;18;null;null;null;
2016-04-16;null;null;0;30,4;null;18,8;null;null;null;
2016-04-17;null;null;0;29,5;null;19;null;null;null;
2016-04-18;null;null;0;28;null;19,8;null;null;null;
2016-04-19;null;null;,4;29,5;null;19,4;null;null;null;
2016-04-20;null;null;0;29,8;null;18,6;null;null;null;
2016-04-21;null;null;0;28,8;null;18,8;null;null;null;
2016-04-22;null;null;0;29,6;null;18,6;null;null;null;
2016-04-23;null;null;0;30,5;null;19,4;null;null;null;
2016-04-24;null;null;0;28,7;null;17,4;null;null;null;
2016-04-25;null;null;0;28,6;null;17,6;null;null;null;
2016-04-26;null;null;0;29,9;null;18,8;null;null;null;
2016-04-27;null;null;0;29,7;null;18,6;null;null;null;
2016-04-28;null;null;,2;30,1;null;17,8;null;null;null;
2016-04-29;null;null;64,3;26,9;null;16,6;null;null;null;
2016-04-30;null;null;15,4;25,8;null;15,6;null;null;null;
2016-05-01;null;null;0;24,4;null;16,6;null;null;null;
2016-05-02;null;null;0;25;null;14;null;null;null;
2016-05-03;null;null;0;23,3;null;14,6;null;null;null;
2016-05-04;null;null;0;25,3;null;13,8;null;null;null;
2016-05-05;null;null;0;28,4;null;16;null;null;null;
2016-05-06;null;null;0;27,5;null;16,6;null;null;null;
2016-05-07;null;null;0;25,9;null;15,6;null;null;null;
2016-05-08;null;null;0;25,2;null;16,2;null;null;null;
2016-05-09;null;null;0;26,8;null;17;null;null;null;
2016-05-10;null;null;0;27,6;null;17,2;null;null;null;
2016-05-11;null;null;0;29,5;null;18;null;null;null;
2016-05-12;null;null;0;31,2;null;17,8;null;null;null;
2016-05-13;null;null;0;28;null;17,6;null;null;null;
2016-05-14;null;null;,6;21,5;null;16,4;null;null;null;
2016-05-15;null;null;2,4;19,3;null;15,8;null;null;null;
2016-05-16;null;null;0;22,7;null;15,2;null;null;null;
2016-05-17;null;null;0;28,3;null;17,8;null;null;null;
2016-05-18;null;null;0;30,5;null;17,8;null;null;null;
2016-05-19;null;null;0;28,3;null;19,6;null;null;null;
2016-05-20;null;null;1,2;25,4;null;18,6;null;null;null;
2016-05-21;null;null;0;25,5;null;18,4;null;null;null;
2016-05-22;null;null;0;26,9;null;18,2;null;null;null;
2016-05-23;null;null;0;25;null;17,2;null;null;null;
2016-05-24;null;null;0;30,5;null;15,6;null;null;null;
2016-05-25;null;null;0;19,8;null;14,6;null;null;null;
2016-05-26;null;null;0;21,4;null;14,6;null;null;null;
2016-05-27;null;null;0;23,5;null;14,4;null;null;null;
2016-05-28;null;null;0;23;null;14;null;null;null;
2016-05-29;null;null;0;22,7;null;13,6;null;null;null;
2016-05-30;null;null;0;27,5;null;15,6;null;null;null;
2016-05-31;null;null;0;27,1;null;15,2;null;null;null;
2016-06-01;null;null;0;29,8;null;17,2;null;null;null;
2016-06-02;null;null;6;31,1;null;16;null;null;null;
2016-06-03;null;null;7,2;28;null;17;null;null;null;
2016-06-04;null;null;0;27,6;null;15,8;null;null;null;
2016-06-05;null;null;0;28,2;null;16;null;null;null;
2016-06-06;null;null;0;27,4;null;15,8;null;null;null;
2016-06-07;null;null;0;28,8;null;17,4;null;null;null;
2016-06-08;null;null;4;30,8;null;17,2;null;null;null;
2016-06-09;null;null;8,8;24,4;null;15,2;null;null;null;
2016-06-10;null;null;0;20,1;null;15,4;null;null;null;
2016-06-11;null;null;6,6;18,9;null;15,8;null;null;null;
2016-06-12;null;null;0;23,7;null;12,9;null;null;null;
2016-06-13;null;null;0;16,8;null;12,5;null;null;null;
2016-06-14;null;null;0;null;null;12,1;null;null;null;
2016-06-15;null;null;0;19,5;null;9,7;null;null;null;
2016-06-16;null;null;0;22,1;null;10,1;null;null;null;
2016-06-17;null;null;0;21,9;null;10,7;null;null;null;
2016-06-18;null;null;0;22,5;null;10,5;null;null;null;
2016-06-19;null;null;0;24,3;null;12,3;null;null;null;
2016-06-20;null;null;0;24,2;null;13,2;null;null;null;
2016-06-21;null;null;0;22,1;null;13,4;null;null;null;
2016-06-22;null;null;0;22,5;null;13,8;null;null;null;
2016-06-23;null;null;0;20,7;null;13,2;null;null;null;
2016-06-24;null;null;0;26,6;null;14,6;null;null;null;
2016-06-25;null;null;0;23,9;null;15,2;null;null;null;
2016-06-26;null;null;0;22,8;null;13;null;null;null;
2016-06-27;null;null;0;21,6;null;12,7;null;null;null;
2016-06-28;null;null;0;22,3;null;13;null;null;null;
2016-06-29;null;null;0;20,7;null;12,9;null;null;null;
2016-06-30;null;null;,8;23;null;14,8;null;null;null;
2016-07-01;null;null;,7;20,9;null;14;null;null;null;
2016-07-02;null;null;0;23,4;null;14,8;null;null;null;
2016-07-03;null;null;0;23;null;15;null;null;null;
2016-07-04;null;null;0;23,6;null;13,2;null;null;null;
2016-07-05;null;null;0;22,9;null;15,8;null;null;null;
2016-07-06;null;null;0;24;null;14;null;null;null;
2016-07-07;null;null;0;26,1;null;15,2;null;null;null;
2016-07-08;null;null;0;29,5;null;15,4;null;null;null;
2016-07-09;null;null;0;30;null;15,6;null;null;null;
2016-07-10;null;null;0;29,6;null;14,8;null;null;null;
2016-07-11;null;null;0;29,2;null;14,6;null;null;null;
2016-07-12;null;null;0;28,8;null;15,4;null;null;null;
2016-07-13;null;null;0;29;null;15;null;null;null;
2016-07-14;null;null;0;28,8;null;15;null;null;null;
2016-07-15;null;null;0;29;null;14,8;null;null;null;
2016-07-16;null;null;0;30,5;null;16,6;null;null;null;
2016-07-17;null;null;0;31,3;null;17,2;null;null;null;
2016-07-18;null;null;0;30,2;null;15,2;null;null;null;
2016-07-19;null;null;0;25;null;13,8;null;null;null;
2016-07-20;null;null;0;22,5;null;15,6;null;null;null;
2016-07-21;null;null;0;22,3;null;14,8;null;null;null;
2016-07-22;null;null;0;24,4;null;15,6;null;null;null;
2016-07-23;null;null;0;22,5;null;15,6;null;null;null;
2016-07-24;null;null;0;22,1;null;14,2;null;null;null;
2016-07-25;null;null;0;26,7;null;13;null;null;null;
2016-07-26;null;null;0;26,3;null;14,2;null;null;null;
2016-07-27;null;null;0;26;null;14,8;null;null;null;
2016-07-28;null;null;0;30,7;null;15,2;null;null;null;
2016-07-29;null;null;0;25,7;null;15,6;null;null;null;
2016-07-30;null;null;0;21,8;null;13;null;null;null;
2016-07-31;null;null;0;23,1;null;15;null;null;null;
2016-08-01;null;null;0;21,5;null;13;null;null;null;
2016-08-02;null;null;0;24,7;null;11,9;null;null;null;
2016-08-03;null;null;0;26,7;null;13,6;null;null;null;
2016-08-04;null;null;0;27,6;null;14,2;null;null;null;
2016-08-05;null;null;0;29,3;null;15,4;null;null;null;
2016-08-06;null;null;0;27,8;null;14,6;null;null;null;
2016-08-07;null;null;0;29,6;null;14,8;null;null;null;
2016-08-08;null;null;0;28,8;null;14,6;null;null;null;
2016-08-09;null;null;0;28;null;15,2;null;null;null;
2016-08-10;null;null;0;28,9;null;15,4;null;null;null;
2016-08-11;null;null;0;31;null;16,4;null;null;null;
2016-08-12;null;null;0;22,9;null;12,5;null;null;null;
2016-08-13;null;null;0;23,6;null;14;null;null;null;
2016-08-14;null;null;0;24;null;14,8;null;null;null;
2016-08-15;null;null;0;28,3;null;16;null;null;null;
2016-08-16;null;null;,4;31,2;null;17,2;null;null;null;
2016-08-17;null;null;,2;24,8;null;14,8;null;null;null;
2016-08-18;null;null;0;31,3;null;16,4;null;null;null;
2016-08-19;null;null;0;32;null;18;null;null;null;
2016-08-20;null;null;0;28;null;17,8;null;null;null;
2016-08-21;null;null;0;29,3;null;17;null;null;null;
2016-08-22;null;null;0;29,2;null;15,2;null;null;null;
2016-08-23;null;null;0;21,8;null;14;null;null;null;
2016-08-24;null;null;0;17,5;null;14,2;null;null;null;
2016-08-25;null;null;0;24,2;null;13,6;null;null;null;
2016-08-26;null;null;0;24;null;11,7;null;null;null;
2016-08-27;null;null;0;24,9;null;12,9;null;null;null;
2016-08-28;null;null;0;24;null;13,8;null;null;null;
2016-08-29;null;null;0;26,4;null;15;null;null;null;
2016-08-30;null;null;0;29;null;16;null;null;null;
2016-08-31;null;null;0;27,2;null;17,2;null;null;null;
2016-09-01;null;null;4,6;27,7;null;17,4;null;null;null;
2016-09-02;null;null;0;22,7;null;16,4;null;null;null;
2016-09-03;null;null;0;25,2;null;15,2;null;null;null;
2016-09-04;null;null;,4;24,4;null;15,6;null;null;null;
2016-09-05;null;null;0;25,4;null;15,4;null;null;null;
2016-09-06;null;null;0;26,6;null;16,6;null;null;null;
2016-09-07;null;null;0;29,5;null;16,4;null;null;null;
2016-09-08;null;null;0;30;null;17,8;null;null;null;
2016-09-09;null;null;0;29,6;null;16,4;null;null;null;
2016-09-10;null;null;5,8;30,4;null;17,2;null;null;null;
2016-09-11;null;null;0;31,5;null;16,6;null;null;null;
2016-09-12;null;null;0;27,4;null;15,6;null;null;null;
2016-09-13;null;null;0;29,8;null;16,6;null;null;null;
2016-09-14;null;null;0;30,2;null;17;null;null;null;
2016-09-15;null;null;0;28,9;null;16,2;null;null;null;
2016-09-16;null;null;0;30,6;null;17,2;null;null;null;
2016-09-17;null;null;0;32,7;null;18;null;null;null;
2016-09-18;null;null;0;31,8;null;17,8;null;null;null;
2016-09-19;null;null;0;32;null;18,2;null;null;null;
2016-09-20;null;null;30,2;35;null;18,6;null;null;null;
2016-09-21;null;null;9;26;null;15,4;null;null;null;
2016-09-22;null;null;0;19,4;null;12,5;null;null;null;
2016-09-23;null;null;0;22;null;13,8;null;null;null;
2016-09-24;null;null;0;27,8;null;15,8;null;null;null;
2016-09-25;null;null;12,4;29,5;null;16,8;null;null;null;
2016-09-26;null;null;30,4;28,2;null;16,2;null;null;null;
2016-09-27;null;null;,4;21,6;null;15,6;null;null;null;
2016-09-28;null;null;0;23,8;null;16,6;null;null;null;
2016-09-29;null;null;0;25,6;null;16,2;null;null;null;
2016-09-30;null;null;0;31,8;null;18;null;null;null;
2016-10-01;null;null;5,2;28,3;null;17;null;null;null;
2016-10-02;null;null;2;22,9;null;15,6;null;null;null;
2016-10-03;null;null;3,2;18,9;null;15;null;null;null;
2016-10-04;null;null;10,6;21;null;16;null;null;null;
2016-10-05;null;null;2,6;19,9;null;16,2;null;null;null;
2016-10-06;null;null;22,4;24,6;null;16,6;null;null;null;
2016-10-07;null;null;9;20,8;null;16,2;null;null;null;
2016-10-08;null;null;0;29;null;15,6;null;null;null;
2016-10-09;null;null;0;30,4;null;17,2;null;null;null;
2016-10-10;null;null;0;32,6;null;19;null;null;null;
2016-10-11;null;null;0;25,5;null;17,4;null;null;null;
2016-10-12;null;null;0;25,9;null;17,6;null;null;null;
2016-10-13;null;null;0;25,5;null;17,6;null;null;null;
2016-10-14;null;null;0;24,3;null;17,4;null;null;null;
2016-10-15;null;null;0;26,9;null;17,8;null;null;null;
2016-10-16;null;null;0;29,3;null;18,6;null;null;null;
2016-10-17;null;null;0;30,2;null;18,6;null;null;null;
2016-10-18;null;null;0;31,6;null;18,8;null;null;null;
2016-10-19;null;null;0;30,1;null;19;null;null;null;
2016-10-20;null;null;0;29,9;null;18,6;null;null;null;
2016-10-21;null;null;0;32,8;null;18,8;null;null;null;
2016-10-22;null;null;0;32,9;null;18,6;null;null;null;
2016-10-23;null;null;,6;33,7;null;18,8;null;null;null;
2016-10-24;null;null;0;28;null;19,4;null;null;null;
2016-10-25;null;null;0;29;null;19,2;null;null;null;
2016-10-26;null;null;0;28;null;19;null;null;null;
2016-10-27;null;null;0;30,5;null;19,6;null;null;null;
2016-10-28;null;null;3,2;34;null;21,1;null;null;null;
2016-10-29;null;null;2,8;30,7;null;16,8;null;null;null;
2016-10-30;null;null;1,6;18,4;null;14,6;null;null;null;
2016-10-31;null;null;0;20,5;null;16,2;null;null;null;
2016-11-01;null;null;0;26;null;16,8;null;null;null;
2016-11-02;null;null;0;26;null;17,6;null;null;null;
2016-11-03;null;null;0;25,3;null;19;null;null;null;
2016-11-04;null;null;0;29,6;null;20,6;null;null;null;
2016-11-05;null;null;,4;28,2;null;18;null;null;null;
2016-11-06;null;null;0;25,4;null;17,6;null;null;null;
2016-11-07;null;null;,2;23,7;null;17,4;null;null;null;
2016-11-08;null;null;,2;24;null;17,8;null;null;null;
2016-11-09;null;null;3,8;25,5;null;17,6;null;null;null;
2016-11-10;null;null;,8;27,4;null;17,4;null;null;null;
2016-11-11;null;null;4;29,2;null;18;null;null;null;
2016-11-12;null;null;0;28,6;null;17,8;null;null;null;
2016-11-13;null;null;8;29,7;null;18,6;null;null;null;
2016-11-14;null;null;60,2;24,3;null;17,8;null;null;null;
2016-11-15;null;null;35,4;22,6;null;19;null;null;null;
2016-11-16;null;null;26,2;28,3;null;18,8;null;null;null;
2016-11-17;null;null;3,6;27,8;null;18,6;null;null;null;
2016-11-18;null;null;0;29;null;19,6;null;null;null;
2016-11-19;null;null;30,2;28,6;null;18,6;null;null;null;
2016-11-20;null;null;0;29,2;null;18,8;null;null;null;
2016-11-21;null;null;0;27,8;null;16,6;null;null;null;
2016-11-22;null;null;0;22,8;null;17;null;null;null;
2016-11-23;null;null;51,2;27,7;null;17,8;null;null;null;
2016-11-24;null;null;10,6;27,8;null;18,4;null;null;null;
2016-11-25;null;null;0;26,2;null;19,6;null;null;null;
2016-11-26;null;null;,2;27,7;null;19;null;null;null;
2016-11-27;null;null;0;28,8;null;19,6;null;null;null;
2016-11-28;null;null;0;29,6;null;19,4;null;null;null;
2016-11-29;null;null;0;30,2;null;20,9;null;null;null;
2016-11-30;null;null;60,6;32,4;null;19,6;null;null;null;
2016-12-01;null;null;19;24,7;null;16,2;null;null;null;
2016-12-02;null;null;30,4;31,6;null;19,2;null;null;null;
2016-12-03;null;null;0;29,2;null;17,8;null;null;null;
2016-12-04;null;null;14,7;28,7;null;18,6;null;null;null;
2016-12-05;null;null;18,8;26,6;null;18,6;null;null;null;
2016-12-06;null;null;22,6;31;null;19;null;null;null;
2016-12-07;null;null;0;31,6;null;19,6;null;null;null;
2016-12-08;null;null;7,6;29,8;null;18,2;null;null;null;
2016-12-09;null;null;1,8;32,4;null;17,8;null;null;null;
2016-12-10;null;null;0;30,2;null;18,8;null;null;null;
2016-12-11;null;null;20,2;28,9;null;18,1;null;null;null;
2016-12-12;null;null;0;29,6;null;18;null;null;null;
2016-12-13;null;null;16,8;20,8;null;16,6;null;null;null;
2016-12-14;null;null;35,6;32;null;19,8;null;null;null;
2016-12-15;null;null;19,8;25,7;null;19;null;null;null;
2016-12-16;null;null;32,2;20,8;null;14,8;null;null;null;
2016-12-17;null;null;2;20,7;null;15,2;null;null;null;
2016-12-18;null;null;8,4;25,2;null;17,8;null;null;null;
2016-12-19;null;null;0;25,5;null;18;null;null;null;
2016-12-20;null;null;0;27;null;17,8;null;null;null;
2016-12-21;null;null;0;27,8;null;17,6;null;null;null;
2016-12-22;null;null;0;28,2;null;19,2;null;null;null;
2016-12-23;null;null;0;28,5;null;19,4;null;null;null;
2016-12-24;null;null;0;28,9;null;19,6;null;null;null;
2016-12-25;null;null;2;30,6;null;17,8;null;null;null;
2016-12-26;null;null;11,7;29,8;null;18,2;null;null;null;
2016-12-27;null;null;0;29,4;null;18;null;null;null;
2016-12-28;null;null;0;31;null;17;null;null;null;
2016-12-29;null;null;0;30,2;null;17;null;null;null;
2016-12-30;null;null;0;31,6;null;18,2;null;null;null;
2016-12-31;null;null;0;32;null;20;null;null;null;
2017-01-01;null;null;0;30,3;null;19,8;null;null;null;
2017-01-02;null;null;0;30,6;null;20;null;null;null;
2017-01-03;null;null;0;32;null;20,4;null;null;null;
2017-01-04;null;null;0;31,9;null;20,4;null;null;null;
2017-01-05;null;null;0;30,6;null;19,2;null;null;null;
2017-01-06;null;null;0;31;null;20;null;null;null;
2017-01-07;null;null;0;31,3;null;20,2;null;null;null;
2017-01-08;null;null;0;30,9;null;19;null;null;null;
2017-01-09;null;null;0;31;null;20;null;null;null;
2017-01-10;null;null;0;29,6;null;19,8;null;null;null;
2017-01-11;null;null;31,4;33,3;null;19;null;null;null;
2017-01-12;null;null;35,2;31,8;null;18,1;null;null;null;
2017-01-13;null;null;27,8;32,3;null;18,8;null;null;null;
2017-01-14;null;null;22,2;25,3;null;18,6;null;null;null;
2017-01-15;null;null;39,8;27,4;null;18,6;null;null;null;
2017-01-16;null;null;7;23,8;null;19,2;null;null;null;
2017-01-17;null;null;21;23,2;null;18,4;null;null;null;
2017-01-18;null;null;0;28,6;null;19,4;null;null;null;
2017-01-19;null;null;0;29;null;17,8;null;null;null;
2017-01-20;null;null;0;28,5;null;17,8;null;null;null;
2017-01-21;null;null;0;28,8;null;18,8;null;null;null;
2017-01-22;null;null;0;29;null;18,8;null;null;null;
2017-01-23;null;null;0;29,2;null;18,6;null;null;null;
2017-01-24;null;null;0;28;null;19,2;null;null;null;
2017-01-25;null;null;0;28,8;null;19,8;null;null;null;
2017-01-26;null;null;0;29,9;null;19,8;null;null;null;
2017-01-27;null;null;0;31,1;null;19;null;null;null;
2017-01-28;null;null;0;30;null;18,6;null;null;null;
2017-01-29;null;null;0;29,5;null;19;null;null;null;
2017-01-30;null;null;0;28,5;null;18,6;null;null;null;
2017-01-31;null;null;0;28,9;null;19,4;null;null;null;
2017-02-01;null;null;0;28,8;null;19;null;null;null;
2017-02-02;null;null;0;25,2;null;19,2;null;null;null;
2017-02-03;null;null;5,4;28,3;null;19,8;null;null;null;
2017-02-04;null;null;12,8;27,6;null;19,6;null;null;null;
2017-02-05;null;null;8;24,2;null;16,4;null;null;null;
2017-02-06;null;null;4,6;24,8;null;17;null;null;null;
2017-02-07;null;null;1,8;26,4;null;16,6;null;null;null;
2017-02-08;null;null;,4;24,7;null;16,8;null;null;null;
2017-02-09;null;null;,8;27,2;null;19,2;null;null;null;
2017-02-10;null;null;16,4;28,6;null;19;null;null;null;
2017-02-11;null;null;0;23,8;null;16;null;null;null;
2017-02-12;null;null;0;22;null;15,6;null;null;null;
2017-02-13;null;null;0;24;null;15,4;null;null;null;
2017-02-14;null;null;0;27,8;null;18,2;null;null;null;
2017-02-15;null;null;0;26,2;null;18,4;null;null;null;
2017-02-16;null;null;5,2;25,5;null;18,4;null;null;null;
2017-02-17;null;null;0;28,8;null;18,8;null;null;null;
2017-02-18;null;null;0;30,3;null;19,4;null;null;null;
2017-02-19;null;null;0;28,6;null;17,8;null;null;null;
2017-02-20;null;null;0;29,8;null;19,2;null;null;null;
2017-02-21;null;null;0;27,6;null;18,8;null;null;null;
2017-02-22;null;null;0;28,4;null;18,4;null;null;null;
2017-02-23;null;null;3,4;29,3;null;18,2;null;null;null;
2017-02-24;null;null;0;29;null;17,8;null;null;null;
2017-02-25;null;null;0;30,5;null;19;null;null;null;
2017-02-26;null;null;0;29,6;null;18,8;null;null;null;
2017-02-27;null;null;1,8;30;null;19,4;null;null;null;
2017-02-28;null;null;0;28,6;null;17;null;null;null;
2017-03-01;null;null;44;28,3;null;17,8;null;null;null;
2017-03-02;null;null;0;30,8;null;19,6;null;null;null;
2017-03-03;null;null;,2;30,3;null;19,2;null;null;null;
2017-03-04;null;null;0;29,8;null;19;null;null;null;
2017-03-05;null;null;0;28,6;null;18,6;null;null;null;
2017-03-06;null;null;0;29,4;null;18,8;null;null;null;
2017-03-07;null;null;0;26;null;17,6;null;null;null;
2017-03-08;null;null;5;33,4;null;18,4;null;null;null;
2017-03-09;null;null;72,4;29,9;null;19;null;null;null;
2017-03-10;null;null;6,6;29,4;null;20;null;null;null;
2017-03-11;null;null;0;29;null;18,6;null;null;null;
2017-03-12;null;null;0;28,5;null;18,8;null;null;null;
2017-03-13;null;null;0;28,7;null;17,6;null;null;null;
2017-03-14;null;null;0;30,5;null;19,8;null;null;null;
2017-03-15;null;null;0;28,6;null;18,6;null;null;null;
2017-03-16;null;null;0;27,9;null;18,8;null;null;null;
2017-03-17;null;null;0;28,5;null;18,4;null;null;null;
2017-03-18;null;null;0;31,9;null;20,2;null;null;null;
2017-03-19;null;null;53,2;30;null;18,6;null;null;null;
2017-03-20;null;null;1,6;23,3;null;19;null;null;null;
2017-03-21;null;null;0;25,1;null;17;null;null;null;
2017-03-22;null;null;0;26,4;null;15,8;null;null;null;
2017-03-23;null;null;0;27;null;16,6;null;null;null;
2017-03-24;null;null;0;27,2;null;15,8;null;null;null;
2017-03-25;null;null;0;27,5;null;17,2;null;null;null;
2017-03-26;null;null;0;31,3;null;18,6;null;null;null;
2017-03-27;null;null;50,8;30;null;18,2;null;null;null;
2017-03-28;null;null;12,6;26,2;null;15;null;null;null;
2017-03-29;null;null;0;28,7;null;17;null;null;null;
2017-03-30;null;null;0;28,8;null;17,8;null;null;null;
2017-03-31;null;null;0;27,6;null;16,6;null;null;null;
2017-04-01;null;null;0;26,6;null;14,8;null;null;null;
2017-04-02;null;null;0;26,2;null;14,4;null;null;null;
2017-04-03;null;null;0;26,8;null;15;null;null;null;
2017-04-04;null;null;0;27,7;null;16,4;null;null;null;
2017-04-05;null;null;0;28,2;null;17,8;null;null;null;
2017-04-06;null;null;0;27,7;null;18,6;null;null;null;
2017-04-07;null;null;0;30,1;null;19,8;null;null;null;
2017-04-08;null;null;0;27,5;null;18,8;null;null;null;
2017-04-09;null;null;0;29,4;null;18,6;null;null;null;
2017-04-10;null;null;0;28,2;null;19,4;null;null;null;
2017-04-11;null;null;,2;26,5;null;19,6;null;null;null;
2017-04-12;null;null;0;30;null;18,8;null;null;null;
2017-04-13;null;null;0;27,9;null;18;null;null;null;
2017-04-14;null;null;0;22,3;null;17,8;null;null;null;
2017-04-15;null;null;0;25,2;null;18,4;null;null;null;
2017-04-16;null;null;0;27,5;null;17,8;null;null;null;
2017-04-17;null;null;0;29,2;null;17,6;null;null;null;
2017-04-18;null;null;,6;30,5;null;19,6;null;null;null;
2017-04-19;null;null;8,4;24,2;null;16,8;null;null;null;
2017-04-20;null;null;,1;20,5;null;17;null;null;null;
2017-04-21;null;null;0;23;null;14,8;null;null;null;
2017-04-22;null;null;0;25,2;null;17,6;null;null;null;
2017-04-23;null;null;3;28,7;null;17,2;null;null;null;
2017-04-24;null;null;0;27,4;null;17,8;null;null;null;
2017-04-25;null;null;0;28,2;null;19,2;null;null;null;
2017-04-26;null;null;0;30,1;null;19,6;null;null;null;
2017-04-27;null;null;0;29,9;null;18,4;null;null;null;
2017-04-28;null;null;56,2;25,2;null;14,6;null;null;null;
2017-04-29;null;null;7;24,2;null;16,6;null;null;null;
2017-04-30;null;null;,4;25,6;null;16,8;null;null;null;
2017-05-01;null;null;0;20,8;null;14,4;null;null;null;
2017-05-02;null;null;0;21;null;14,8;null;null;null;
2017-05-03;null;null;0;23,7;null;16,6;null;null;null;
2017-05-04;null;null;0;25,4;null;14,6;null;null;null;
2017-05-05;null;null;0;25,7;null;17;null;null;null;
2017-05-06;null;null;0;25,4;null;16;null;null;null;
2017-05-07;null;null;3,2;27,2;null;16,6;null;null;null;
2017-05-08;null;null;0;25,8;null;15;null;null;null;
2017-05-09;null;null;0;25;null;16,4;null;null;null;
2017-05-10;null;null;0;27,3;null;16,2;null;null;null;
2017-05-11;null;null;0;28,2;null;15,6;null;null;null;
2017-05-12;null;null;0;25,1;null;14;null;null;null;
2017-05-13;null;null;0;24;null;13;null;null;null;
2017-05-14;null;null;0;23,5;null;13,6;null;null;null;
2017-05-15;null;null;0;29;null;18,8;null;null;null;
2017-05-16;null;null;0;25,3;null;16,4;null;null;null;
2017-05-17;null;null;9,6;23;null;15,2;null;null;null;
2017-05-18;null;null;3,9;17,5;null;15;null;null;null;
2017-05-19;null;null;0;18,3;null;15;null;null;null;
2017-05-20;null;null;11,2;17,9;null;15,6;null;null;null;
2017-05-21;null;null;4,4;20,2;null;17;null;null;null;
2017-05-22;null;null;1,2;21;null;17,8;null;null;null;
2017-05-23;null;null;6,6;23,7;null;16,6;null;null;null;
2017-05-24;null;null;,2;22,1;null;17,2;null;null;null;
2017-05-25;null;null;0;23,7;null;17;null;null;null;
2017-05-26;null;null;0;24,5;null;16,6;null;null;null;
2017-05-27;null;null;0;21,9;null;12,9;null;null;null;
2017-05-28;null;null;0;23;null;16;null;null;null;
2017-05-29;null;null;0;25,5;null;15;null;null;null;
2017-05-30;null;null;0;24,7;null;12,7;null;null;null;
2017-05-31;null;null;0;24,5;null;12,9;null;null;null;
2017-06-01;null;null;0;25,7;null;15,6;null;null;null;
2017-06-02;null;null;0;29,3;null;17;null;null;null;
2017-06-03;null;null;0;29,8;null;15,6;null;null;null;
2017-06-04;null;null;0;28,2;null;16,6;null;null;null;
2017-06-05;null;null;0;26,8;null;16;null;null;null;
2017-06-06;null;null;0;26;null;15,6;null;null;null;
2017-06-07;null;null;0;26,4;null;16;null;null;null;
2017-06-08;null;null;0;27,6;null;16,2;null;null;null;
2017-06-09;null;null;0;27,8;null;16;null;null;null;
2017-06-10;null;null;0;28,2;null;16,4;null;null;null;
2017-06-11;null;null;0;27,1;null;15,8;null;null;null;
2017-06-12;null;null;0;27,3;null;15,6;null;null;null;
2017-06-13;null;null;0;27,9;null;16,2;null;null;null;
2017-06-14;null;null;0;27,8;null;16,4;null;null;null;
2017-06-15;null;null;1,6;25,8;null;null;null;null;null;
2017-06-16;null;null;0;27,6;null;15,6;null;null;null;
2017-06-17;null;null;0;27,8;null;16,2;null;null;null;
2017-06-18;null;null;0;27,4;null;14,6;null;null;null;
2017-06-19;null;null;0;27,5;null;13,8;null;null;null;
2017-06-20;null;null;0;26,2;null;15,8;null;null;null;
2017-06-21;null;null;0;23,7;null;14,4;null;null;null;
2017-06-22;null;null;0;22,2;null;12,9;null;null;null;
2017-06-23;null;null;0;21,8;null;11,7;null;null;null;
2017-06-24;null;null;0;22,3;null;13,2;null;null;null;
2017-06-25;null;null;0;21,4;null;11,9;null;null;null;
2017-06-26;null;null;0;21,9;null;12,1;null;null;null;
2017-06-27;null;null;,4;18,8;null;12,7;null;null;null;
2017-06-28;null;null;2,2;22,5;null;15,2;null;null;null;
2017-06-29;null;null;,8;22,6;null;13,2;null;null;null;
2017-06-30;null;null;0;23,3;null;12,7;null;null;null;
2017-07-01;null;null;0;24,8;null;12,8;null;null;null;
2017-07-02;null;null;0;24,8;null;13,6;null;null;null;
2017-07-03;null;null;0;20,5;null;null;null;null;null;
2017-07-04;null;null;0;18,8;null;7;null;null;null;
2017-07-05;null;null;0;18,7;null;9,8;null;null;null;
2017-07-06;null;null;0;19;null;10,8;null;null;null;
2017-07-07;null;null;0;17,5;null;9,8;null;null;null;
2017-07-08;null;null;0;20,2;null;11,4;null;null;null;
2017-07-09;null;null;0;21,7;null;11,8;null;null;null;
2017-07-10;null;null;0;21,4;null;12,6;null;null;null;
2017-07-11;null;null;0;20,9;null;12,4;null;null;null;
2017-07-12;null;null;0;21,4;null;14;null;null;null;
2017-07-13;null;null;0;23,7;null;13,8;null;null;null;
2017-07-14;null;null;0;22,5;null;10,9;null;null;null;
2017-07-15;null;null;0;19,7;null;12,2;null;null;null;
2017-07-16;null;null;0;20;null;13,6;null;null;null;
2017-07-17;null;null;0;20,7;null;15,6;null;null;null;
2017-07-18;null;null;0;22,6;null;13,8;null;null;null;
2017-07-19;null;null;0;22;null;11,8;null;null;null;
2017-07-20;null;null;0;21,1;null;11;null;null;null;
2017-07-21;null;null;0;22,2;null;12,4;null;null;null;
2017-07-22;null;null;0;21,9;null;12,9;null;null;null;
2017-07-23;null;null;0;22,6;null;12,8;null;null;null;
2017-07-24;null;null;0;23,2;null;null;null;null;null;
2017-07-25;null;null;0;22,9;null;12,8;null;null;null;
2017-07-26;null;null;0;21,8;null;12,8;null;null;null;
2017-07-27;null;null;0;22,8;null;13;null;null;null;
2017-07-28;null;null;0;22,2;null;12,6;null;null;null;
2017-07-29;null;null;0;18,8;null;9,8;null;null;null;
2017-07-30;null;null;1,8;22,4;null;12,8;null;null;null;
2017-07-31;null;null;0;21,7;null;11,7;null;null;null;
2017-08-01;null;null;0;21,2;null;12,9;null;null;null;
2017-08-02;null;null;0;20,5;null;12,9;null;null;null;
2017-08-03;null;null;0;24,6;null;13,6;null;null;null;
2017-08-04;null;null;0;28,3;null;14,4;null;null;null;
2017-08-05;null;null;0;29,1;null;12,8;null;null;null;
2017-08-06;null;null;0;23,9;null;11,8;null;null;null;
2017-08-07;null;null;0;20,7;null;11,2;null;null;null;
2017-08-08;null;null;0;22,7;null;11,6;null;null;null;
2017-08-09;null;null;0;25;null;13,6;null;null;null;
2017-08-10;null;null;0;31,2;null;15,8;null;null;null;
2017-08-11;null;null;0;30,7;null;15,6;null;null;null;
2017-08-12;null;null;0;22,8;null;13,6;null;null;null;
2017-08-13;null;null;0;24,7;null;12,8;null;null;null;
2017-08-14;null;null;0;22,7;null;13,6;null;null;null;
2017-08-15;null;null;0;25,9;null;12,3;null;null;null;
2017-08-16;null;null;0;22,3;null;13;null;null;null;
2017-08-17;null;null;0;24,7;null;14,6;null;null;null;
2017-08-18;null;null;0;27,3;null;15,6;null;null;null;
2017-08-19;null;null;0;25,9;null;15,4;null;null;null;
2017-08-20;null;null;0;23,5;null;14,6;null;null;null;
2017-08-21;null;null;0;30,5;null;16,2;null;null;null;
2017-08-22;null;null;0;25;null;13,4;null;null;null;
2017-08-23;null;null;0;22,5;null;13,8;null;null;null;
2017-08-24;null;null;0;20,4;null;14,8;null;null;null;
2017-08-25;null;null;0;18,8;null;10,8;null;null;null;
2017-08-26;null;null;0;22;null;11,6;null;null;null;
2017-08-27;null;null;0;24,3;null;12,3;null;null;null;
2017-08-28;null;null;0;25;null;12,1;null;null;null;
2017-08-29;null;null;0;27;null;13,4;null;null;null;
2017-08-30;null;null;0;24,9;null;13,8;null;null;null;
2017-08-31;null;null;0;27,7;null;15;null;null;null;
2017-09-01;null;null;null;null;null;null;null;null;null;
2017-09-02;null;null;null;null;null;null;null;null;null;
2017-09-03;null;null;null;null;null;null;null;null;null;
2017-09-04;null;null;null;null;null;null;null;null;null;
2017-09-05;null;null;null;null;null;null;null;null;null;
2017-09-06;null;null;null;null;null;null;null;null;null;
2017-09-07;null;null;null;null;null;null;null;null;null;
2017-09-08;null;null;null;null;null;null;null;null;null;
2017-09-09;null;null;null;null;null;null;null;null;null;
2017-09-10;null;null;null;null;null;null;null;null;null;
2017-09-11;null;null;null;null;null;null;null;null;null;
2017-09-12;null;null;null;null;null;null;null;null;null;
2017-09-13;null;null;null;null;null;null;null;null;null;
2017-09-14;null;null;null;null;null;null;null;null;null;
2017-09-15;null;null;null;null;null;null;null;null;null;
2017-09-16;null;null;null;null;null;null;null;null;null;
2017-09-17;null;null;null;null;null;null;null;null;null;
2017-09-18;null;null;null;null;null;null;null;null;null;
2017-09-19;null;null;null;null;null;null;null;null;null;
2017-09-20;null;null;null;null;null;null;null;null;null;
2017-09-21;null;null;null;null;null;null;null;null;null;
2017-09-22;null;null;null;null;null;null;null;null;null;
2017-09-23;null;null;null;null;null;null;null;null;null;
2017-09-24;null;null;null;null;null;null;null;null;null;
2017-09-25;null;null;null;null;null;null;null;null;null;
2017-09-26;null;null;null;null;null;null;null;null;null;
2017-09-27;null;null;null;null;null;null;null;null;null;
2017-09-28;null;null;null;null;null;null;null;null;null;
2017-09-29;null;null;null;null;null;null;null;null;null;
2017-09-30;null;null;null;null;null;null;null;null;null;
2017-10-01;null;null;24,2;20,6;null;15,8;null;null;null;
2017-10-02;null;null;0;31,5;null;17,6;null;null;null;
2017-10-03;null;null;0;30,4;null;19,6;null;null;null;
2017-10-04;null;null;,4;28,6;null;19;null;null;null;
2017-10-05;null;null;2,2;23,9;null;16,4;null;null;null;
2017-10-06;null;null;0;23,7;null;16,8;null;null;null;
2017-10-07;null;null;0;29;null;16,2;null;null;null;
2017-10-08;null;null;0;27,7;null;16,2;null;null;null;
2017-10-09;null;null;0;27,6;null;15,8;null;null;null;
2017-10-10;null;null;0;26,5;null;15,6;null;null;null;
2017-10-11;null;null;0;29,1;null;16,6;null;null;null;
2017-10-12;null;null;0;29;null;16,8;null;null;null;
2017-10-13;null;null;0;30,3;null;17,2;null;null;null;
2017-10-14;null;null;0;30;null;17;null;null;null;
2017-10-15;null;null;0;31,2;null;17,4;null;null;null;
2017-10-16;null;null;0;27,6;null;15,6;null;null;null;
2017-10-17;null;null;0;28;null;16,2;null;null;null;
2017-10-18;null;null;0;27,2;null;15,8;null;null;null;
2017-10-19;null;null;0;28,6;null;16,6;null;null;null;
2017-10-20;null;null;0;31;null;17,2;null;null;null;
2017-10-21;null;null;0;30,8;null;16,8;null;null;null;
2017-10-22;null;null;0;32,8;null;18,6;null;null;null;
2017-10-23;null;null;0;26,4;null;15,4;null;null;null;
2017-10-24;null;null;10;24,2;null;16,8;null;null;null;
2017-10-25;null;null;0;23,8;null;16;null;null;null;
2017-10-26;null;null;0;25,9;null;16,4;null;null;null;
2017-10-27;null;null;0;34,1;null;19,6;null;null;null;
2017-10-28;null;null;25,4;33,3;null;19,6;null;null;null;
2017-10-29;null;null;,8;26,9;null;18,8;null;null;null;
2017-10-30;null;null;1,4;32,8;null;18,8;null;null;null;
2017-10-31;null;null;10,2;24,9;null;18,6;null;null;null;
2017-11-01;null;null;10,4;32;null;17;null;null;null;
2017-11-02;null;null;8,8;19,6;null;15,2;null;null;null;
2017-11-03;null;null;0;22;null;15,6;null;null;null;
2017-11-04;null;null;,6;23,7;null;17,2;null;null;null;
2017-11-05;null;null;0;26,7;null;19,2;null;null;null;
2017-11-06;null;null;10,2;29,5;null;19;null;null;null;
2017-11-07;null;null;8;22,5;null;15,8;null;null;null;
2017-11-08;null;null;,2;19,6;null;14,8;null;null;null;
2017-11-09;null;null;1;19;null;14;null;null;null;
2017-11-10;null;null;1,8;18,8;null;13,2;null;null;null;
2017-11-11;null;null;3,2;19,6;null;15;null;null;null;
2017-11-12;null;null;15,2;26,8;null;18,4;null;null;null;
2017-11-13;null;null;0;29;null;16,8;null;null;null;
2017-11-14;null;null;0;27,4;null;16,2;null;null;null;
2017-11-15;null;null;0;25,2;null;13,8;null;null;null;
2017-11-16;null;null;0;24,6;null;13,6;null;null;null;
2017-11-17;null;null;0;29,2;null;18,6;null;null;null;
2017-11-18;0;null;null;28,8;null;17,2;null;null;null;
2017-11-19;null;null;4,6;32,2;null;17,4;null;null;null;
2017-11-20;null;null;12,8;27,5;null;19,8;null;null;null;
2017-11-21;null;null;17,6;30,4;null;19,8;null;null;null;
2017-11-22;null;null;29,2;25,7;null;19,2;null;null;null;
2017-11-23;null;null;10,4;25,3;null;17,6;null;null;null;
2017-11-24;null;null;24;22,7;null;17,2;null;null;null;
2017-11-25;null;null;0;22,3;null;17,8;null;null;null;
2017-11-26;null;null;0;26,4;null;17,4;null;null;null;
2017-11-27;null;null;0;27,5;null;18,2;null;null;null;
2017-11-28;null;null;23,6;30,9;null;19,6;null;null;null;
2017-11-29;null;null;28,2;29;null;18,6;null;null;null;
2017-11-30;null;null;2,6;26;null;18;null;null;null;
2017-12-01;null;null;12,2;26,6;null;18,6;null;null;null;
2017-12-02;null;null;39,4;22,5;null;17,6;null;null;null;
2017-12-03;null;null;17,6;24,1;null;18,8;null;null;null;
2017-12-04;null;null;42,8;26;null;19,8;null;null;null;
2017-12-05;null;null;8,4;25,6;null;20;null;null;null;
2017-12-06;null;null;5,2;29,9;null;19;null;null;null;
2017-12-07;null;null;19,6;24,5;null;17,8;null;null;null;
2017-12-08;null;null;2,6;22,6;null;18,4;null;null;null;
2017-12-09;null;null;40,8;23,9;null;19,4;null;null;null;
2017-12-10;null;null;7,4;29,6;null;19,2;null;null;null;
2017-12-11;null;null;0;30,4;null;20,2;null;null;null;
2017-12-12;null;null;32,6;24,9;null;18,8;null;null;null;
2017-12-13;null;null;3;26,5;null;17,2;null;null;null;
2017-12-14;null;null;2;24;null;16,8;null;null;null;
2017-12-15;null;null;3,6;25,6;null;17,6;null;null;null;
2017-12-16;null;null;0;28,4;null;18;null;null;null;
2017-12-17;null;null;0;29,9;null;20;null;null;null;
2017-12-18;null;null;0;30,2;null;19,8;null;null;null;
2017-12-19;null;null;0;30;null;18,8;null;null;null;
2017-12-20;null;null;0;29,9;null;18,6;null;null;null;
2017-12-21;null;null;0;29,7;null;18,4;null;null;null;
2017-12-22;null;null;0;28,8;null;19,2;null;null;null;
2017-12-23;null;null;0;29,2;null;19,4;null;null;null;
2017-12-24;null;null;0;29,6;null;19,6;null;null;null;
2017-12-25;null;null;0;30,4;null;19,8;null;null;null;
2017-12-26;null;null;0;29,4;null;19,6;null;null;null;
2017-12-27;null;null;0;26,8;null;17,4;null;null;null;
2017-12-28;null;null;0;29,4;null;19,6;null;null;null;
2017-12-29;null;null;0;29,6;null;18,6;null;null;null;
2017-12-30;null;null;0;29,8;null;19,8;null;null;null;
2017-12-31;null;null;10,8;27,5;null;19,2;null;null;null;
2018-01-01;null;null;1,6;29,9;null;20,2;null;null;null;
2018-01-02;null;null;2,2;29,1;null;19,8;null;null;null;
2018-01-03;null;null;4,6;31;null;19,6;null;null;null;
2018-01-04;null;null;11,8;30,5;null;20;null;null;null;
2018-01-05;null;null;8,8;25,9;null;19,8;null;null;null;
2018-01-06;null;null;21,6;27,5;null;18,6;null;null;null;
2018-01-07;null;null;0;28,1;null;19,4;null;null;null;
2018-01-08;null;null;0;28;null;19,2;null;null;null;
2018-01-09;null;null;0;29,2;null;18,6;null;null;null;
2018-01-10;null;null;0;29;null;18,8;null;null;null;
2018-01-11;null;null;0;29,8;null;19,2;null;null;null;
2018-01-12;null;null;0;28;null;18,4;null;null;null;
2018-01-13;null;null;0;28,9;null;18,8;null;null;null;
2018-01-14;null;null;0;30;null;19,8;null;null;null;
2018-01-15;null;null;0;31,9;null;20;null;null;null;
2018-01-16;null;null;0;32,4;null;20,4;null;null;null;
2018-01-17;null;null;0;30,8;null;20,2;null;null;null;
2018-01-18;null;null;0;29,6;null;19,6;null;null;null;
2018-01-19;null;null;0;30,4;null;19,8;null;null;null;
2018-01-20;null;null;0;30,9;null;20,2;null;null;null;
2018-01-21;null;null;0;31,7;null;19,8;null;null;null;
2018-01-22;null;null;0;32;null;20,4;null;null;null;
2018-01-23;null;null;0;30,9;null;20;null;null;null;
2018-01-24;null;null;0;31,8;null;19,8;null;null;null;
2018-01-25;null;null;0;30,2;null;18,8;null;null;null;
2018-01-26;null;null;0;28,6;null;18,6;null;null;null;
2018-01-27;null;null;0;31,3;null;20;null;null;null;
2018-01-28;null;null;3,8;31,2;null;20;null;null;null;
2018-01-29;null;null;8,2;31,8;null;20,2;null;null;null;
2018-01-30;null;null;29,8;30,6;null;19,6;null;null;null;
2018-01-31;null;null;69,4;23,6;null;18,6;null;null;null;
2018-02-01;null;null;25,6;22,4;null;18,2;null;null;null;
2018-02-02;null;null;24,4;23,6;null;19,8;null;null;null;
2018-02-03;null;null;54,2;22;null;18,6;null;null;null;
2018-02-04;null;null;18,2;22,6;null;18,6;null;null;null;
2018-02-05;null;null;23,8;22,7;null;17,2;null;null;null;
2018-02-06;null;null;89,8;20,6;null;17,8;null;null;null;
2018-02-07;null;null;36,6;27,6;null;18,8;null;null;null;
2018-02-08;null;null;1,4;27,8;null;18,8;null;null;null;
2018-02-09;null;null;2;29,5;null;19,8;null;null;null;
2018-02-10;null;null;1,8;29,6;null;20,8;null;null;null;
2018-02-11;null;null;0;28,2;null;20;null;null;null;
2018-02-12;null;null;0;29,4;null;17,6;null;null;null;
2018-02-13;null;null;0;31;null;18,8;null;null;null;
2018-02-14;null;null;0;30,7;null;20;null;null;null;
2018-02-15;null;null;0;28,7;null;19,8;null;null;null;
2018-02-16;null;null;8,8;28,5;null;19,2;null;null;null;
2018-02-17;null;null;13,6;28,2;null;18,8;null;null;null;
2018-02-18;null;null;0;27,5;null;18,8;null;null;null;
2018-02-19;null;null;0;29,3;null;19,6;null;null;null;
2018-02-20;null;null;46,8;29;null;19;null;null;null;
2018-02-21;null;null;18;28,5;null;20;null;null;null;
2018-02-22;null;null;5,6;28;null;19,8;null;null;null;
2018-02-23;null;null;40,2;28,4;null;18,4;null;null;null;
2018-02-24;null;null;0;28;null;20;null;null;null;
2018-02-25;null;null;43;26,7;null;18,8;null;null;null;
2018-02-26;null;null;0;26,5;null;19,8;null;null;null;
2018-02-27;null;null;4,8;25,6;null;19;null;null;null;
2018-02-28;null;null;,6;29,6;null;20;null;null;null;
2018-03-01;null;null;14,8;29,4;null;18,6;null;null;null;
2018-03-02;null;null;7,6;31,5;null;21,5;null;null;null;
2018-03-03;null;null;8,8;32,2;null;20,2;null;null;null;
2018-03-04;null;null;9,4;30,6;null;19,6;null;null;null;
2018-03-05;null;null;13,6;28,7;null;20;null;null;null;
2018-03-06;null;null;6,8;30,8;null;19,8;null;null;null;
2018-03-07;null;null;5;31,1;null;20,2;null;null;null;
2018-03-08;null;null;31,6;28,3;null;19,6;null;null;null;
2018-03-09;null;null;73,2;30;null;19,8;null;null;null;
2018-03-10;null;null;15,2;27,6;null;20;null;null;null;
2018-03-11;null;null;45,6;28,3;null;20;null;null;null;
2018-03-12;null;null;3,8;27;null;18,6;null;null;null;
2018-03-13;null;null;0;30,7;null;20,6;null;null;null;
2018-03-14;null;null;0;32,5;null;21,7;null;null;null;
2018-03-15;null;null;0;31;null;20,8;null;null;null;
2018-03-16;null;null;5,2;30;null;19,6;null;null;null;
2018-03-17;null;null;0;31;null;20;null;null;null;
2018-03-18;null;null;24,8;29;null;19,8;null;null;null;
2018-03-19;null;null;0;28,4;null;18,8;null;null;null;
2018-03-20;null;null;1,8;30,5;null;20;null;null;null;
2018-03-21;null;null;0;31;null;20,8;null;null;null;
2018-03-22;null;null;1,6;27,5;null;20;null;null;null;
2018-03-23;null;null;14,2;25,2;null;19,2;null;null;null;
2018-03-24;null;null;0;27,5;null;18,6;null;null;null;
2018-03-25;null;null;0;26,6;null;18,8;null;null;null;
2018-03-26;null;null;0;26,8;null;18;null;null;null;
2018-03-27;null;null;0;27;null;18,8;null;null;null;
2018-03-28;null;null;,4;27,8;null;18,6;null;null;null;
2018-03-29;null;null;0;28;null;18,2;null;null;null;
2018-03-30;null;null;0;28,4;null;18,4;null;null;null;
2018-03-31;null;null;null;28,2;null;18,2;null;null;null;
2018-04-01;null;null;0;27,8;null;17,6;null;null;null;
2018-04-02;null;null;0;28,3;null;18,2;null;null;null;
2018-04-03;null;null;0;29,8;null;19,6;null;null;null;
2018-04-04;null;null;60,2;32,2;null;19,8;null;null;null;
2018-04-05;null;null;12,6;28;null;19,6;null;null;null;
2018-04-06;null;null;20,4;27;null;18,8;null;null;null;
2018-04-07;null;null;,2;22,5;null;17,6;null;null;null;
2018-04-08;null;null;0;27,3;null;18,6;null;null;null;
2018-04-09;null;null;,6;26;null;17,8;null;null;null;
2018-04-10;null;null;0;26,3;null;18;null;null;null;
2018-04-11;null;null;0;26,2;null;17,8;null;null;null;
2018-04-12;null;null;0;26;null;15,8;null;null;null;
2018-04-13;null;null;,2;23,2;null;17,2;null;null;null;
2018-04-14;null;null;0;24,9;null;16,6;null;null;null;
2018-04-15;null;null;,8;27,9;null;19;null;null;null;
2018-04-16;null;null;0;26,6;null;18;null;null;null;
2018-04-17;null;null;2,8;24,3;null;16,2;null;null;null;
2018-04-18;null;null;0;23,1;null;13,8;null;null;null;
2018-04-19;null;null;1;24,6;null;15,6;null;null;null;
2018-04-20;null;null;0;22;null;14,6;null;null;null;
2018-04-21;null;null;0;25,8;null;15;null;null;null;
2018-04-22;null;null;0;23;null;16;null;null;null;
2018-04-23;null;null;0;25,5;null;15,8;null;null;null;
2018-04-24;null;null;0;23,7;null;15,8;null;null;null;
2018-04-25;null;null;6,6;25;null;17,4;null;null;null;
2018-04-26;null;null;0;23,5;null;17,6;null;null;null;
2018-04-27;null;null;0;27;null;16,4;null;null;null;
2018-04-28;null;null;0;27,2;null;18;null;null;null;
2018-04-29;null;null;0;27,8;null;17,6;null;null;null;
2018-04-30;null;null;0;27,7;null;17,4;null;null;null;
2018-05-01;null;null;null;null;null;null;null;null;null;
2018-05-02;null;null;null;null;null;null;null;null;null;
2018-05-03;null;null;null;null;null;null;null;null;null;
2018-05-04;null;null;null;null;null;null;null;null;null;
2018-05-05;null;null;null;null;null;null;null;null;null;
2018-05-06;null;null;null;null;null;null;null;null;null;
2018-05-07;null;null;null;null;null;null;null;null;null;
2018-05-08;null;null;null;null;null;null;null;null;null;
2018-05-09;null;null;null;null;null;null;null;null;null;
2018-05-10;null;null;null;null;null;null;null;null;null;
2018-05-11;null;null;null;null;null;null;null;null;null;
2018-05-12;null;null;null;null;null;null;null;null;null;
2018-05-13;null;null;null;null;null;null;null;null;null;
2018-05-14;null;null;null;null;null;null;null;null;null;
2018-05-15;null;null;null;null;null;null;null;null;null;
2018-05-16;null;null;null;null;null;null;null;null;null;
2018-05-17;null;null;null;null;null;null;null;null;null;
2018-05-18;null;null;null;null;null;null;null;null;null;
2018-05-19;null;null;null;null;null;null;null;null;null;
2018-05-20;null;null;null;null;null;null;null;null;null;
2018-05-21;null;null;null;null;null;null;null;null;null;
2018-05-22;null;null;null;null;null;null;null;null;null;
2018-05-23;null;null;null;null;null;null;null;null;null;
2018-05-24;null;null;null;null;null;null;null;null;null;
2018-05-25;null;null;null;null;null;null;null;null;null;
2018-05-26;null;null;null;null;null;null;null;null;null;
2018-05-27;null;null;null;null;null;null;null;null;null;
2018-05-28;null;null;null;null;null;null;null;null;null;
2018-05-29;null;null;null;null;null;null;null;null;null;
2018-05-30;null;null;null;null;null;null;null;null;null;
2018-05-31;null;null;null;null;null;null;null;null;null;
2018-06-01;null;null;0;22,2;null;14;null;null;null;
2018-06-02;null;null;0;27,4;null;15;null;null;null;
2018-06-03;null;null;0;28,7;null;14,8;null;null;null;
2018-06-04;null;null;0;27,6;null;15,6;null;null;null;
2018-06-05;null;null;0;20,3;null;14,8;null;null;null;
2018-06-06;null;null;0;22,7;null;15;null;null;null;
2018-06-07;null;null;0;27;null;16;null;null;null;
2018-06-08;null;null;0;28,5;null;17,2;null;null;null;
2018-06-09;null;null;0;26,8;null;16,6;null;null;null;
2018-06-10;null;null;0;22;null;16,8;null;null;null;
2018-06-11;null;null;0;20,5;null;16,6;null;null;null;
2018-06-12;null;null;0;24,3;null;15,6;null;null;null;
2018-06-13;null;null;0;27,6;null;15,8;null;null;null;
2018-06-14;null;null;0;27,7;null;16,6;null;null;null;
2018-06-15;null;null;0;26,8;null;16,4;null;null;null;
2018-06-16;null;null;0;24,7;null;13,2;null;null;null;
2018-06-17;null;null;0;23,3;null;14;null;null;null;
2018-06-18;null;null;0;23,8;null;14,8;null;null;null;
2018-06-19;null;null;5,6;23,5;null;14,4;null;null;null;
2018-06-20;null;null;0;20;null;14,6;null;null;null;
2018-06-21;null;null;0;19,9;null;12,2;null;null;null;
2018-06-22;null;null;0;23,6;null;14,6;null;null;null;
2018-06-23;null;null;0;20,8;null;12,8;null;null;null;
2018-06-24;null;null;0;21,4;null;12,9;null;null;null;
2018-06-25;null;null;0;22;null;13,4;null;null;null;
2018-06-26;null;null;0;23,6;null;13,6;null;null;null;
2018-06-27;null;null;0;25,8;null;13,4;null;null;null;
2018-06-28;null;null;0;25;null;13,8;null;null;null;
2018-06-29;null;null;0;24,2;null;14,2;null;null;null;
2018-06-30;null;null;null;null;null;null;null;null;null;
2018-07-01;null;null;0;24,8;null;15,4;null;null;null;
2018-07-02;null;null;0;20,6;null;15,2;null;null;null;
2018-07-03;null;null;0;26,4;null;15,4;null;null;null;
2018-07-04;null;null;0;27,3;null;13,8;null;null;null;
2018-07-05;null;null;0;25,8;null;15,4;null;null;null;
2018-07-06;null;null;0;25,2;null;13,2;null;null;null;
2018-07-07;null;null;0;25,2;null;14,8;null;null;null;
2018-07-08;null;null;0;24,7;null;14;null;null;null;
2018-07-09;null;null;0;29,1;null;14,8;null;null;null;
2018-07-10;null;null;0;29,5;null;15,6;null;null;null;
2018-07-11;null;null;,8;29,4;null;14,6;null;null;null;
2018-07-12;null;null;,2;20,5;null;12,2;null;null;null;
2018-07-13;null;null;0;20,4;null;12,6;null;null;null;
2018-07-14;null;null;0;22,7;null;14,4;null;null;null;
2018-07-15;null;null;0;23,8;null;12;null;null;null;
2018-07-16;null;null;0;24,2;null;12,2;null;null;null;
2018-07-17;null;null;0;26;null;12,6;null;null;null;
2018-07-18;null;null;0;25,2;null;12;null;null;null;
2018-07-19;null;null;0;25,6;null;12,6;null;null;null;
2018-07-20;null;null;0;26,8;null;13,6;null;null;null;
2018-07-21;null;null;0;27;null;13,8;null;null;null;
2018-07-22;null;null;0;27,3;null;14,2;null;null;null;
2018-07-23;null;null;0;22,5;null;14,2;null;null;null;
2018-07-24;null;null;0;23;null;14,4;null;null;null;
2018-07-25;null;null;0;24,8;null;14;null;null;null;
2018-07-26;null;null;0;24,9;null;14,2;null;null;null;
2018-07-27;null;null;0;25,6;null;13,2;null;null;null;
2018-07-28;null;null;0;24,9;null;14;null;null;null;
2018-07-29;null;null;0;25,6;null;13,6;null;null;null;
2018-07-30;null;null;0;26,4;null;13,8;null;null;null;
2018-07-31;null;null;0;26;null;13,2;null;null;null;
2018-08-01;null;null;1,8;28,7;null;14,8;null;null;null;
2018-08-02;null;null;,6;22,7;null;15,8;null;null;null;
2018-08-03;null;null;3,2;20,3;null;15,6;null;null;null;
2018-08-04;null;null;14;21,5;null;15,8;null;null;null;
2018-08-05;null;null;0;24,2;null;14,8;null;null;null;
2018-08-06;null;null;0;23,7;null;15,4;null;null;null;
2018-08-07;null;null;13,6;24,2;null;15,8;null;null;null;
2018-08-08;null;null;0;20,3;null;16,4;null;null;null;
2018-08-09;null;null;0;25,9;null;16,8;null;null;null;
2018-08-10;null;null;0;21,2;null;16,6;null;null;null;
2018-08-11;null;null;0;27,7;null;16,4;null;null;null;
2018-08-12;null;null;0;29,5;null;12,5;null;null;null;
2018-08-13;null;null;0;24,3;null;10,8;null;null;null;
2018-08-14;null;null;0;23,8;null;11,6;null;null;null;
2018-08-15;null;null;0;26,1;null;13;null;null;null;
2018-08-16;null;null;0;26,2;null;14,2;null;null;null;
2018-08-17;null;null;,4;21;null;15;null;null;null;
2018-08-18;null;null;4,8;19,4;null;13,6;null;null;null;
2018-08-19;null;null;0;20,5;null;14;null;null;null;
2018-08-20;null;null;0;24,5;null;13,6;null;null;null;
2018-08-21;null;null;0;25,3;null;13,6;null;null;null;
2018-08-22;null;null;0;25,4;null;13;null;null;null;
2018-08-23;null;null;0;24,2;null;15,8;null;null;null;
2018-08-24;null;null;0;25,7;null;15;null;null;null;
2018-08-25;null;null;0;27,7;null;16,6;null;null;null;
2018-08-26;null;null;0;24,4;null;14,8;null;null;null;
2018-08-27;null;null;0;24;null;15,6;null;null;null;
2018-08-28;null;null;0;25,6;null;14,8;null;null;null;
2018-08-29;null;null;0;24,4;null;14,4;null;null;null;
2018-08-30;null;null;0;25,2;null;14,6;null;null;null;
2018-08-31;null;null;0;25,8;null;15,4;null;null;null;
2018-09-01;null;null;0;26,2;null;15,8;null;null;null;
2018-09-02;null;null;0;27,6;null;14,8;null;null;null;
2018-09-03;null;null;0;27,5;null;14,6;null;null;null;
2018-09-04;null;null;0;31,8;null;18;null;null;null;
2018-09-05;null;null;,8;28,5;null;12,9;null;null;null;
2018-09-06;null;null;0;24,8;null;12;null;null;null;
2018-09-07;null;null;0;25,9;null;15,6;null;null;null;
2018-09-08;null;null;0;26,3;null;13;null;null;null;
2018-09-09;null;null;0;25,4;null;11,4;null;null;null;
2018-09-10;null;null;0;25,5;null;13,6;null;null;null;
2018-09-11;null;null;0;26,2;null;14,6;null;null;null;
2018-09-12;null;null;0;28;null;16,4;null;null;null;
2018-09-13;null;null;0;23,1;null;15,6;null;null;null;
2018-09-14;null;null;0;20,3;null;14,4;null;null;null;
2018-09-15;null;null;6,8;23,8;null;15,8;null;null;null;
2018-09-16;null;null;4,6;24,4;null;16;null;null;null;
2018-09-17;null;null;10,2;26,2;null;16,2;null;null;null;
2018-09-18;null;null;2,6;25,8;null;14;null;null;null;
2018-09-19;null;null;0;25,3;null;15;null;null;null;
2018-09-20;null;null;,2;26,4;null;18,4;null;null;null;
2018-09-21;null;null;14,8;25;null;13;null;null;null;
2018-09-22;null;null;1;27,4;null;16,8;null;null;null;
2018-09-23;null;null;0;28,5;null;18;null;null;null;
2018-09-24;null;null;0;29;null;17,6;null;null;null;
2018-09-25;null;null;0;29,7;null;17,8;null;null;null;
2018-09-26;null;null;0;28,7;null;16,8;null;null;null;
2018-09-27;null;null;0;28;null;17,4;null;null;null;
2018-09-28;null;null;0;29,2;null;18,6;null;null;null;
2018-09-29;null;null;2,2;31,8;null;19;null;null;null;
2018-09-30;null;null;0;25,5;null;19,6;null;null;null;
2018-10-01;null;null;0;27;null;18,6;null;null;null;
2018-10-02;null;null;2,4;28;null;17,8;null;null;null;
2018-10-03;null;null;0;31,8;null;19;null;null;null;
2018-10-04;null;null;0;33;null;18,4;null;null;null;
2018-10-05;null;null;,5;28,4;null;20,9;null;null;null;
2018-10-06;null;null;3,4;27,1;null;13;null;null;null;
2018-10-07;null;null;0;26,8;null;13,6;null;null;null;
2018-10-08;null;null;0;28,1;null;17;null;null;null;
2018-10-09;null;null;0;27,6;null;16,2;null;null;null;
2018-10-10;null;null;0;27,2;null;15,8;null;null;null;
2018-10-11;null;null;0;25,8;null;14;null;null;null;
2018-10-12;null;null;0;27;null;13,4;null;null;null;
2018-10-13;null;null;,8;25,6;null;16,6;null;null;null;
2018-10-14;null;null;1,6;26,2;null;15,8;null;null;null;
2018-10-15;null;null;0;29,6;null;17,6;null;null;null;
2018-10-16;null;null;29,2;26,8;null;14,6;null;null;null;
2018-10-17;null;null;,4;25;null;15;null;null;null;
2018-10-18;null;null;0;28,2;null;17,6;null;null;null;
2018-10-19;null;null;2,2;27,8;null;14,4;null;null;null;
2018-10-20;null;null;,2;27,2;null;16;null;null;null;
2018-10-21;null;null;,8;26;null;15,8;null;null;null;
2018-10-22;null;null;0;25,2;null;15,2;null;null;null;
2018-10-23;null;null;0;26,1;null;15,6;null;null;null;
2018-10-24;null;null;0;29;null;18,6;null;null;null;
2018-10-25;null;null;6,2;29,1;null;18,8;null;null;null;
2018-10-26;null;null;16;24,7;null;19,4;null;null;null;
2018-10-27;null;null;3,2;29,7;null;19,4;null;null;null;
2018-10-28;null;null;6,8;30,5;null;18,8;null;null;null;
2018-10-29;null;null;,4;30,5;null;17,4;null;null;null;
2018-10-30;null;null;,2;20,9;null;16,2;null;null;null;
2018-10-31;null;null;0;23;null;18;null;null;null;
2018-11-01;null;null;0;27,3;null;19,2;null;null;null;
2018-11-02;null;null;0;29,4;null;17,8;null;null;null;
2018-11-03;null;null;0;29,7;null;19,8;null;null;null;
2018-11-04;null;null;0;30,2;null;19,8;null;null;null;
2018-11-05;null;null;6,2;31,7;null;18,4;null;null;null;
2018-11-06;null;null;18,4;20,4;null;16,6;null;null;null;
2018-11-07;null;null;1,8;24,5;null;17,2;null;null;null;
2018-11-08;null;null;3,2;26,6;null;17,8;null;null;null;
2018-11-09;null;null;42,6;19,6;null;14,8;null;null;null;
2018-11-10;null;null;18,4;18,3;null;16,2;null;null;null;
2018-11-11;null;null;0;20,3;null;15,8;null;null;null;
2018-11-12;null;null;0;22,8;null;18,2;null;null;null;
2018-11-13;null;null;0;28;null;19,2;null;null;null;
2018-11-14;null;null;,4;29;null;19,8;null;null;null;
2018-11-15;null;null;0;28,8;null;19,2;null;null;null;
2018-11-16;null;null;13,6;28,9;null;19,8;null;null;null;
2018-11-17;null;null;23,2;28;null;19,2;null;null;null;
2018-11-18;null;null;,8;29,4;null;18,6;null;null;null;
2018-11-19;null;null;0;27,6;null;19,4;null;null;null;
2018-11-20;null;null;19,4;26,5;null;17,6;null;null;null;
2018-11-21;null;null;16,6;20,6;null;18,4;null;null;null;
2018-11-22;null;null;15,6;20,7;null;17,2;null;null;null;
2018-11-23;null;null;0;19,5;null;16;null;null;null;
2018-11-24;null;null;,2;23,6;null;15,4;null;null;null;
2018-11-25;null;null;3,8;20,4;null;17;null;null;null;
2018-11-26;null;null;6,2;24;null;15,2;null;null;null;
2018-11-27;null;null;0;26,2;null;17;null;null;null;
2018-11-28;null;null;0;25,6;null;15,6;null;null;null;
2018-11-29;null;null;0;27,4;null;16,4;null;null;null;
2018-11-30;null;null;0;28,9;null;16,6;null;null;null;
2018-12-01;null;null;15,6;30,5;null;19,4;null;null;null;
2018-12-02;null;null;9,4;23,2;null;19;null;null;null;
2018-12-03;null;null;54,8;28,6;null;18,2;null;null;null;
2018-12-04;null;null;9,2;21;null;17,2;null;null;null;
2018-12-05;null;null;0;23,4;null;17,8;null;null;null;
2018-12-06;null;null;1,8;28,8;null;18,8;null;null;null;
2018-12-07;null;null;0;30,7;null;20,9;null;null;null;
2018-12-08;null;null;15;26,8;null;17,8;null;null;null;
2018-12-09;null;null;0;25,6;null;15;null;null;null;
2018-12-10;null;null;0;21,2;null;16,2;null;null;null;
2018-12-11;null;null;0;24,4;null;12,2;null;null;null;
2018-12-12;null;null;,2;26,5;null;17,2;null;null;null;
2018-12-13;null;null;0;29,2;null;18,6;null;null;null;
2018-12-14;null;null;0;31,1;null;19;null;null;null;
2018-12-15;null;null;0;31,3;null;20;null;null;null;
2018-12-16;null;null;0;32;null;19,4;null;null;null;
2018-12-17;null;null;0;30,9;null;18,6;null;null;null;
2018-12-18;null;null;0;30,4;null;20,2;null;null;null;
2018-12-19;null;null;0;31,8;null;21,3;null;null;null;
2018-12-20;null;null;0;32,9;null;20,9;null;null;null;
2018-12-21;null;null;0;33,4;null;22,1;null;null;null;
2018-12-22;null;null;1,8;33,5;null;18,6;null;null;null;
2018-12-23;null;null;0;32,8;null;18,6;null;null;null;
2018-12-24;null;null;30,2;33,2;null;19,4;null;null;null;
2018-12-25;null;null;3,8;30,7;null;18,6;null;null;null;
2018-12-26;null;null;36,4;29,8;null;19,6;null;null;null;
2018-12-27;null;null;28;25,9;null;18,8;null;null;null;
2018-12-28;null;null;29,2;25,6;null;18,8;null;null;null;
2018-12-29;null;null;9,6;25,7;null;17,4;null;null;null;
2018-12-30;null;null;16,4;23,9;null;18,2;null;null;null;
2018-12-31;null;null;44;30,5;null;19,2;null;null;null;
2019-01-01;null;null;16,8;23,9;null;19;null;null;null;
2019-01-02;null;null;2,4;29;null;18;null;null;null;
2019-01-03;null;null;0;29,7;null;20,7;null;null;null;
2019-01-04;null;null;35;31,1;null;18,2;null;null;null;
2019-01-05;null;null;0;27,2;null;18,8;null;null;null;
2019-01-06;null;null;0;31,8;null;19,8;null;null;null;
2019-01-07;null;null;0;32,1;null;20;null;null;null;
2019-01-08;null;null;0;30,6;null;19,6;null;null;null;
2019-01-09;null;null;0;31;null;18,6;null;null;null;
2019-01-10;null;null;0;30,2;null;19,8;null;null;null;
2019-01-11;null;null;0;31,6;null;18,6;null;null;null;
2019-01-12;null;null;0;29,2;null;19,8;null;null;null;
2019-01-13;null;null;14,6;30,4;null;19,4;null;null;null;
2019-01-14;null;null;0;29,8;null;18,6;null;null;null;
2019-01-15;null;null;0;30,1;null;19,8;null;null;null;
2019-01-16;null;null;0;31,5;null;20,4;null;null;null;
2019-01-17;null;null;0;32,3;null;19,8;null;null;null;
2019-01-18;null;null;0;31,2;null;19,6;null;null;null;
2019-01-19;null;null;0;31,3;null;20;null;null;null;
2019-01-20;null;null;0;31,9;null;19,4;null;null;null;
2019-01-21;null;null;0;32,3;null;20;null;null;null;
2019-01-22;null;null;0;30,6;null;19,6;null;null;null;
2019-01-23;null;null;0;30,5;null;20,4;null;null;null;
2019-01-24;null;null;0;31;null;19;null;null;null;
2019-01-25;null;null;0;30,2;null;19;null;null;null;
2019-01-26;null;null;0;28,5;null;19,2;null;null;null;
2019-01-27;null;null;0;30,2;null;19,6;null;null;null;
2019-01-28;null;null;0;29,9;null;20,2;null;null;null;
2019-01-29;null;null;0;30,2;null;19,4;null;null;null;
2019-01-30;null;null;0;31,6;null;19,6;null;null;null;
2019-01-31;null;null;0;32,8;null;19,8;null;null;null;
2019-02-01;null;null;0;31,4;null;19,6;null;null;null;
2019-02-02;null;null;0;33;null;19,4;null;null;null;
2019-02-03;null;null;0;32,4;null;19,6;null;null;null;
2019-02-04;null;null;0;34;null;21,8;null;null;null;
2019-02-05;null;null;8,2;29,4;null;19,2;null;null;null;
2019-02-06;null;null;39,4;30,6;null;18;null;null;null;
2019-02-07;null;null;18,6;26;null;19;null;null;null;
2019-02-08;null;null;26,8;22,2;null;18;null;null;null;
2019-02-09;null;null;0;29,8;null;19;null;null;null;
2019-02-10;null;null;0;30;null;19,2;null;null;null;
2019-02-11;null;null;0;30;null;19,4;null;null;null;
2019-02-12;null;null;0;29,7;null;20;null;null;null;
2019-02-13;null;null;0;30,3;null;20,6;null;null;null;
2019-02-14;null;null;8,6;29,9;null;17,6;null;null;null;
2019-02-15;null;null;0;24;null;18,6;null;null;null;
2019-02-16;null;null;1,6;29;null;20;null;null;null;
2019-02-17;null;null;45,8;26,6;null;18,8;null;null;null;
2019-02-18;null;null;31,6;24,9;null;19;null;null;null;
2019-02-19;null;null;21;28,6;null;19,6;null;null;null;
2019-02-20;null;null;0;29,6;null;20,8;null;null;null;
2019-02-21;null;null;,4;30,4;null;19,4;null;null;null;
2019-02-22;null;null;2,2;26,8;null;19,2;null;null;null;
2019-02-23;null;null;0;31,2;null;19,6;null;null;null;
2019-02-24;null;null;0;33,7;null;20,2;null;null;null;
2019-02-25;null;null;0;34,3;null;21;null;null;null;
2019-02-26;null;null;0;34,1;null;20,8;null;null;null;
2019-02-27;null;null;18,4;32,6;null;19,2;null;null;null;
2019-02-28;null;null;0;30,1;null;20,2;null;null;null;
2019-03-01;null;null;,8;29,8;null;19,6;null;null;null;
2019-03-02;null;null;,4;29,6;null;19,2;null;null;null;
2019-03-03;null;null;53,2;26,7;null;18,4;null;null;null;
2019-03-04;null;null;0;28,8;null;18,8;null;null;null;
2019-03-05;null;null;0;28,2;null;19,6;null;null;null;
2019-03-06;null;null;2,6;29,5;null;19,6;null;null;null;
2019-03-07;null;null;0;28,8;null;20,2;null;null;null;
2019-03-08;null;null;0;30;null;20;null;null;null;
2019-03-09;null;null;0;30,5;null;20,8;null;null;null;
2019-03-10;null;null;6,4;31,3;null;20,8;null;null;null;
2019-03-11;null;null;43,8;31,2;null;18,4;null;null;null;
2019-03-12;null;null;,4;28,7;null;18,6;null;null;null;
2019-03-13;null;null;0;29,4;null;20;null;null;null;
2019-03-14;null;null;24,4;30,8;null;19,2;null;null;null;
2019-03-15;null;null;,6;32,9;null;18,8;null;null;null;
2019-03-16;null;null;32,2;31,4;null;19,2;null;null;null;
2019-03-17;null;null;31,6;28,1;null;19,6;null;null;null;
2019-03-18;null;null;0;29,4;null;20,2;null;null;null;
2019-03-19;null;null;0;32,3;null;20,6;null;null;null;
2019-03-20;null;null;16,6;31,1;null;19,8;null;null;null;
2019-03-21;null;null;1,2;30,5;null;20,2;null;null;null;
2019-03-22;null;null;24;23,4;null;18,4;null;null;null;
2019-03-23;null;null;6,2;21;null;16;null;null;null;
2019-03-24;null;null;4;22,8;null;18,2;null;null;null;
2019-03-25;null;null;0;25,3;null;17,4;null;null;null;
2019-03-26;null;null;0;28,3;null;17,6;null;null;null;
2019-03-27;null;null;0;28,9;null;18,6;null;null;null;
2019-03-28;null;null;0;28,3;null;17;null;null;null;
2019-03-29;null;null;0;28;null;17,2;null;null;null;
2019-03-30;null;null;0;26,5;null;16,8;null;null;null;
2019-03-31;null;null;0;27,1;null;17,8;null;null;null;
2019-04-01;null;null;0;26,5;null;17,2;null;null;null;
2019-04-02;null;null;0;27,4;null;18,6;null;null;null;
2019-04-03;null;null;0;26,8;null;19;null;null;null;
2019-04-04;null;null;4,2;28,7;null;18;null;null;null;
2019-04-05;null;null;0;30;null;20,6;null;null;null;
2019-04-06;null;null;57,2;29,9;null;18,8;null;null;null;
2019-04-07;null;null;0;29,7;null;21;null;null;null;
2019-04-08;null;null;0;29,5;null;19,2;null;null;null;
2019-04-09;null;null;2,4;31,3;null;18,8;null;null;null;
2019-04-10;null;null;0;29;null;18,6;null;null;null;
2019-04-11;null;null;0;29;null;18;null;null;null;
2019-04-12;null;null;0;27,2;null;17,8;null;null;null;
2019-04-13;null;null;0;27,6;null;18,6;null;null;null;
2019-04-14;null;null;0;28,4;null;19;null;null;null;
2019-04-15;null;null;0;27;null;18,2;null;null;null;
2019-04-16;null;null;4,2;26;null;19,4;null;null;null;
2019-04-17;null;null;7,2;25,2;null;19,8;null;null;null;
2019-04-18;null;null;13;25,1;null;18,6;null;null;null;
2019-04-19;null;null;0;29,7;null;16,4;null;null;null;
2019-04-20;null;null;0;29,9;null;16,8;null;null;null;
2019-04-21;null;null;0;29,9;null;18;null;null;null;
2019-04-22;null;null;0;27,3;null;19;null;null;null;
2019-04-23;null;null;,2;28,9;null;18,4;null;null;null;
2019-04-24;null;null;0;29;null;18,6;null;null;null;
2019-04-25;null;null;0;28,7;null;18;null;null;null;
2019-04-26;null;null;0;26,2;null;17,8;null;null;null;
2019-04-27;null;null;0;27,6;null;18,4;null;null;null;
2019-04-28;null;null;0;27,3;null;18;null;null;null;
2019-04-29;null;null;0;29,7;null;19,6;null;null;null;
2019-04-30;null;null;,6;30,2;null;18,4;null;null;null;
2019-05-01;null;null;0;25,8;null;18,8;null;null;null;
2019-05-02;null;null;0;27,5;null;19,2;null;null;null;
2019-05-03;null;null;3,4;26,2;null;19,6;null;null;null;
2019-05-04;null;null;0;26,6;null;19,6;null;null;null;
2019-05-05;null;null;0;27,6;null;18,6;null;null;null;
2019-05-06;null;null;0;26,2;null;17,8;null;null;null;
2019-05-07;null;null;0;26,3;null;7,9;null;null;null;
2019-05-08;null;null;0;28,1;null;18,8;null;null;null;
2019-05-09;null;null;1,2;25,4;null;17,2;null;null;null;
2019-05-10;null;null;0;20,6;null;15,8;null;null;null;
2019-05-11;null;null;0;23,2;null;16,8;null;null;null;
2019-05-12;null;null;0;25,6;null;16;null;null;null;
2019-05-13;null;null;0;27,4;null;17,2;null;null;null;
2019-05-14;null;null;0;28;null;17,8;null;null;null;
2019-05-15;null;null;0;28,8;null;19;null;null;null;
2019-05-16;null;null;26,2;25,4;null;16,4;null;null;null;
2019-05-17;null;null;5,4;20,4;null;16,6;null;null;null;
2019-05-18;null;null;3;20,8;null;16,6;null;null;null;
2019-05-19;null;null;0;22;null;16,8;null;null;null;
2019-05-20;null;null;0;24;null;14,6;null;null;null;
2019-05-21;null;null;0;28,3;null;15;null;null;null;
2019-05-22;null;null;0;29,2;null;16;null;null;null;
2019-05-23;null;null;0;29;null;16,6;null;null;null;
2019-05-24;null;null;0;29,3;null;18;null;null;null;
2019-05-25;null;null;0;30;null;18;null;null;null;
2019-05-26;null;null;0;27,9;null;14,6;null;null;null;
2019-05-27;null;null;0;26;null;17,6;null;null;null;
2019-05-28;null;null;0;26,2;null;16,6;null;null;null;
2019-05-29;null;null;0;27,7;null;17,4;null;null;null;
2019-05-30;null;null;0;27,9;null;16,6;null;null;null;
2019-05-31;null;null;0;26,6;null;17;null;null;null;

