Nome: CRUZEIRO DO SUL
Codigo Estacao: 82704
Latitude: -7.61083333
Longitude: -72.68138888
Altitude: 214.19
Situacao: Desativada
Data Inicial: 2015-01-01
Data Final: 2016-01-29
Periodicidade da Medicao: Diaria

Data Medicao;EVAPORACAO DO PICHE, DIARIA(mm);INSOLACAO TOTAL, DIARIO(h);PRECIPITACAO TOTAL, DIARIO(mm);TEMPERATURA MAXIMA, DIARIA(°C);TEMPERATURA MEDIA COMPENSADA, DIARIA(°C);TEMPERATURA MINIMA, DIARIA(°C);UMIDADE RELATIVA DO AR, MEDIA DIARIA(%);UMIDADE RELATIVA DO AR, MINIMA DIARIA(%);VENTO, VELOCIDADE MEDIA DIARIA(m/s);
2015-01-01;null;null;5,4;null;null;null;null;90;null;
2015-01-02;null;0;0;32,1;null;null;90;null;0;
2015-01-03;null;1,4;38;29,3;null;null;92;89;0;
2015-01-04;null;null;23;31,9;26,2;22,8;89;88;0;
2015-01-05;null;,4;15;29,1;25;23;94;86;0;
2015-01-06;null;1,4;0;30,3;25;21,5;93;92;0;
2015-01-07;null;1;0;30,2;25,8;22,1;90;92;0;
2015-01-08;null;1,8;0;27,6;25,1;23,2;90;87;0;
2015-01-09;null;2,1;17,8;30,7;26,1;22,7;90;85;0;
2015-01-10;null;3;4,2;31,8;25,9;23,1;94;85;0;
2015-01-11;null;2,2;21,9;30,1;26,2;22,9;89;95;0;
2015-01-12;null;2,2;0;29,3;25,1;22,7;94;83;0;
2015-01-13;null;,6;13,9;31;25,2;22,4;94;90;0;
2015-01-14;null;,5;10,8;30,7;25,5;21,9;90;93;0;
2015-01-15;null;1;20,8;30,9;26,1;21,6;91;96;0;
2015-01-16;null;2,1;1,1;31,4;26,7;23;89;85;0;
2015-01-17;null;null;8,9;null;null;null;null;86;null;
2015-01-18;null;null;29;null;null;null;null;null;null;
2015-01-19;null;2,4;15,1;31,7;25,3;22,7;93;96;0;
2015-01-20;null;1,3;0;30,3;26;22,9;91;90;0;
2015-01-21;null;null;7,1;null;null;22,7;null;85;0;
2015-01-22;null;1,3;11,3;28,7;25,9;22,9;88;94;0;
2015-01-23;null;,8;0;30,7;25,4;23,1;94;83;0;
2015-01-24;null;,1;11,1;29,7;25,2;22,7;95;94;0;
2015-01-25;null;9,6;8,9;30,3;25,5;22,6;96;93;0;
2015-01-26;null;,4;29;30,7;25,4;22,7;94;94;0;
2015-01-27;null;,4;15,1;29,3;24,1;22,2;96;90;0;
2015-01-28;null;1,3;12,5;32,4;null;null;92;95;3,1;
2015-01-29;null;5,4;13,3;33,2;26,3;22,7;94;88;0;
2015-01-30;null;null;15,5;null;null;22,5;null;90;0;
2015-01-31;null;,2;0;25,5;24,4;23,2;92;95;0;
2015-02-01;null;3,4;12;31,6;25,5;22,6;94;88;0;
2015-02-02;null;2,5;1,3;30;24,6;21,1;96;92;0;
2015-02-03;null;4,7;14,4;32,2;27;21,1;86;94;0;
2015-02-04;null;5,4;0;33;26,5;22,5;89;76;1,5;
2015-02-05;null;7,3;2,4;33,2;27;23,5;92;82;0;
2015-02-06;null;1,7;15,2;31,2;25,3;23;94;91;0;
2015-02-07;null;3,1;4;32,4;26,7;23,4;90;94;0;
2015-02-08;null;4,7;0;32,2;27,5;22,5;86;86;0;
2015-02-09;null;0;0;30,7;25,9;23,1;92;76;0;
2015-02-10;null;1,2;15,2;32,7;26,5;23,3;92;90;0;
2015-02-11;null;,8;0;31;26,2;23,4;95;87;0;
2015-02-12;null;,7;0;32;26,3;23,4;94;93;0;
2015-02-13;null;null;null;null;null;null;null;93;null;
2015-02-14;null;null;null;null;null;null;null;null;null;
2015-02-15;null;null;null;null;null;null;null;null;null;
2015-02-16;null;null;null;null;null;null;null;null;null;
2015-02-17;null;null;null;null;null;null;null;null;null;
2015-02-18;null;null;null;null;null;null;null;null;null;
2015-02-19;null;null;12,2;null;null;23,6;null;97;0;
2015-02-20;null;null;null;null;null;null;null;null;null;
2015-02-21;null;null;null;null;null;null;null;null;null;
2015-02-22;null;null;null;null;null;null;null;null;null;
2015-02-23;null;null;null;null;null;null;null;null;null;
2015-02-24;null;null;null;null;null;null;null;null;null;
2015-02-25;null;null;null;null;null;null;null;null;null;
2015-02-26;null;null;null;null;null;null;null;null;null;
2015-02-27;null;null;null;null;null;null;null;null;null;
2015-02-28;null;null;null;null;null;null;null;null;null;
2015-03-01;null;null;null;null;null;null;null;null;null;
2015-03-02;null;null;null;null;null;null;null;null;null;
2015-03-03;null;null;null;null;null;null;null;null;null;
2015-03-04;null;null;null;null;null;null;null;null;null;
2015-03-05;null;null;null;null;null;null;null;null;null;
2015-03-06;null;null;null;null;null;null;null;null;null;
2015-03-07;null;null;null;null;null;null;null;null;null;
2015-03-08;null;null;null;null;null;null;null;null;null;
2015-03-09;null;null;null;null;null;null;null;null;null;
2015-03-10;null;null;null;null;null;null;null;null;null;
2015-03-11;null;null;null;null;null;null;null;null;null;
2015-03-12;null;null;null;null;null;null;null;null;null;
2015-03-13;null;null;null;null;null;null;null;null;null;
2015-03-14;null;null;null;null;null;null;null;null;null;
2015-03-15;null;null;null;null;null;null;null;null;null;
2015-03-16;null;null;null;null;null;null;null;null;null;
2015-03-17;null;null;null;null;null;null;null;null;null;
2015-03-18;null;null;null;null;null;null;null;null;null;
2015-03-19;null;null;null;null;null;null;null;null;null;
2015-03-20;null;null;null;null;null;null;null;null;null;
2015-03-21;null;null;null;null;null;null;null;null;null;
2015-03-22;null;null;null;null;null;null;null;null;null;
2015-03-23;null;null;null;null;null;null;null;null;null;
2015-03-24;null;null;null;null;null;null;null;null;null;
2015-03-25;null;null;null;null;null;null;null;null;null;
2015-03-26;null;null;null;null;null;null;null;null;null;
2015-03-27;null;null;null;null;null;null;null;null;null;
2015-03-28;null;null;null;null;null;null;null;null;null;
2015-03-29;null;null;null;null;null;null;null;null;null;
2015-03-30;null;null;null;null;null;null;null;null;null;
2015-03-31;null;null;null;null;null;null;null;null;null;
2015-04-01;null;null;null;null;null;null;null;null;null;
2015-04-02;null;null;null;null;null;null;null;null;null;
2015-04-03;null;null;null;null;null;null;null;null;null;
2015-04-04;null;null;null;null;null;null;null;null;null;
2015-04-05;null;null;null;null;null;null;null;null;null;
2015-04-06;null;null;null;null;null;null;null;null;null;
2015-04-07;null;null;null;null;null;null;null;null;null;
2015-04-08;null;null;null;null;null;null;null;null;null;
2015-04-09;null;null;null;null;null;null;null;null;null;
2015-04-10;null;null;null;null;null;null;null;null;null;
2015-04-11;null;null;null;null;null;null;null;null;null;
2015-04-12;null;null;null;null;null;null;null;null;null;
2015-04-13;null;null;null;null;null;null;null;null;null;
2015-04-14;null;null;null;null;null;null;null;null;null;
2015-04-15;null;null;null;null;null;null;null;null;null;
2015-04-16;null;null;null;null;null;null;null;null;null;
2015-04-17;null;null;null;null;null;null;null;null;null;
2015-04-18;null;null;null;null;null;null;null;null;null;
2015-04-19;null;null;null;null;null;null;null;null;null;
2015-04-20;null;null;null;null;null;null;null;null;null;
2015-04-21;null;null;null;null;null;null;null;null;null;
2015-04-22;null;null;null;null;null;null;null;null;null;
2015-04-23;null;,8;null;30,7;null;null;94;null;0;
2015-04-24;null;null;null;null;null;null;null;94;null;
2015-04-25;null;null;null;null;null;null;null;null;null;
2015-04-26;null;null;null;null;null;null;null;null;null;
2015-04-27;null;null;null;null;null;null;null;null;null;
2015-04-28;null;null;null;null;null;null;null;null;null;
2015-04-29;null;null;null;null;null;null;null;null;null;
2015-04-30;null;null;null;null;null;null;null;null;null;
2015-05-01;null;null;null;null;null;null;null;null;null;
2015-05-02;null;null;null;null;null;null;null;null;null;
2015-05-03;null;null;null;null;null;null;null;null;null;
2015-05-04;null;null;null;null;null;null;null;null;null;
2015-05-05;null;3,4;0;31,2;25,3;22,5;92;96;0;
2015-05-06;null;3,9;2,1;31,9;25,5;22,1;93;90;0;
2015-05-07;null;,1;8,4;27,7;24,1;22,9;97;90;0;
2015-05-08;null;3,8;34,3;30,5;25,3;22,4;88,3;73;0;
2015-05-09;null;5,4;,9;31,4;25,9;22,4;94;92;0;
2015-05-10;null;3,2;,3;31,1;25,8;21;95;91;0;
2015-05-11;null;2,2;2,9;32,4;26,5;22,9;95;77;0;
2015-05-12;null;,1;8,2;26,5;24;22,8;88;89;2,1;
2015-05-13;null;4,4;0;30,8;26,3;22,9;87;86;0;
2015-05-14;null;4,6;0;32,4;26,9;22,7;78,5;75;,7;
2015-05-15;null;0;0;25,8;24,5;22,6;93;76;0;
2015-05-16;null;,2;18,2;26,6;24;22,9;94;90;2,1;
2015-05-17;null;4,2;14,5;28,7;25,9;22,9;93;92;,5;
2015-05-18;null;4,5;0;31,5;25,8;21,5;92;90;0;
2015-05-19;null;8;0;33,4;26,7;21,8;90;89;0;
2015-05-20;null;2,2;0;31,2;25,7;23,7;96;87;0;
2015-05-21;null;1,6;1,2;30,8;25,8;23,4;94;96;0;
2015-05-22;null;5,1;0;33,4;26,7;22,4;95;92;0;
2015-05-23;null;2,4;2,2;29,5;25,4;23,4;94;93;0;
2015-05-24;null;5,6;0;32;25,9;22,8;91;92;,5;
2015-05-25;null;3,8;0;29;26,5;23,4;91;88;0;
2015-05-26;null;1,9;6,5;31,3;25,8;23,4;94;86;,5;
2015-05-27;null;8,5;0;33,3;27;23,5;87;91;,5;
2015-05-28;null;8,4;0;33,4;27,2;23;89;83;0;
2015-05-29;null;,5;95;29,1;25,3;23,1;96;86;0;
2015-05-30;null;,3;15,2;28,4;25,2;23;93;95;0;
2015-05-31;null;1,1;0;29,3;25,3;22,9;95;91;0;
2015-06-01;null;6,8;0;32;26,2;22,9;94;94;0;
2015-06-02;null;6,5;0;32,9;26,7;23;88;93;1,5;
2015-06-03;null;2,1;8,4;31,1;25,3;22,7;96;84;1,5;
2015-06-04;null;3,1;36,2;31,2;26,2;23,2;89;95;,5;
2015-06-05;null;3,9;30;32,1;26,5;22,9;91;85;3,1;
2015-06-06;null;8;11;33,7;26,8;22,4;91;88;0;
2015-06-07;null;7,6;0;33,8;26,8;22,7;90;84;,5;
2015-06-08;null;,4;null;29,7;null;null;90;86;0;
2015-06-09;null;4,5;0;32;26,2;22,7;92;86;0;
2015-06-10;null;2,8;0;30,2;25,2;22,4;90;91;1;
2015-06-11;null;6,6;4,1;33,7;26,8;23;91;80;0;
2015-06-12;null;3,9;0;32;26,2;22,8;92;87;,5;
2015-06-13;null;6,6;1,5;33,3;26,2;23;92;89;0;
2015-06-14;null;5,6;0;32;26,9;23;87;88;,5;
2015-06-15;null;5,7;0;32,1;26,6;22,8;91;83;0;
2015-06-16;null;5;0;32,2;26,3;23,5;93;87;1;
2015-06-17;null;1;1,1;30,9;25,7;23,4;95;92;,5;
2015-06-18;null;6,2;2;32,1;26,6;22,9;90;94;,5;
2015-06-19;null;4,5;0;29,3;24;22,9;86;86;3,1;
2015-06-20;null;7,1;0;29,2;23,3;17,5;85;79;,5;
2015-06-21;null;5,9;0;30,1;24;20,1;90;81;0;
2015-06-22;null;7;0;32,2;24,6;18,9;90;89;0;
2015-06-23;null;3,4;0;30,7;24,5;19,5;89;86;0;
2015-06-24;null;,8;0;29,2;24,7;20;93;86;0;
2015-06-25;null;1,2;5;30,6;25,4;21,3;91;92;,5;
2015-06-26;null;null;4,9;null;null;21,4;null;87;0;
2015-06-27;null;7;0;32,4;26,2;20,9;83;95;,5;
2015-06-28;null;6,8;0;32,8;25,9;21;88;76;0;
2015-06-29;null;7;0;33,3;26,2;21,2;93;86;0;
2015-06-30;null;7,6;10,2;33,7;26,8;22,6;89;91;0;
2015-07-01;null;null;18;30,9;25,7;22,9;94;86;0;
2015-07-02;null;4,3;0;31,2;25,4;22;89;92;,5;
2015-07-03;null;7,4;4;32,9;26,3;22,1;89;84;,5;
2015-07-04;null;4,5;0;32;26,2;21,8;92;86;0;
2015-07-05;null;0;9,2;26,8;23,3;21,8;94;90;2,6;
2015-07-06;null;1;1,7;29,7;24,3;20;90;91;,5;
2015-07-07;null;8,2;0;32,2;25,6;20,1;87;84;0;
2015-07-08;null;7,1;0;32,1;25,9;20,8;89;83;0;
2015-07-09;null;6,4;0;33,7;25,9;22;94;86;0;
2015-07-10;null;2,2;14;31;25,3;22,1;93;91;,5;
2015-07-11;null;8,8;28,5;32,9;26,6;22,1;88;94;0;
2015-07-12;null;4,1;0;31,9;26,1;22,4;87;85;,5;
2015-07-13;null;10,2;0;32,3;26,2;21,7;85;83;0;
2015-07-14;null;10,3;0;33,2;26,7;21,8;88;81;0;
2015-07-15;null;6,1;0;32,4;25,7;23,2;91;83;,5;
2015-07-16;null;7,2;0;33,8;26,9;22;88;88;0;
2015-07-17;null;10,1;0;29,8;26,1;23;91;84;,5;
2015-07-18;null;9,1;0;31,6;25,7;21,3;82;84;,5;
2015-07-19;null;9;0;32,8;25,6;20,4;87;80;0;
2015-07-20;null;9,3;0;33,4;25,8;20,3;88;86;0;
2015-07-21;null;6,1;0;31,8;24,9;21,2;88;87;1;
2015-07-22;null;4,1;0;29,8;25,4;22,1;86;84;,5;
2015-07-23;null;8,8;0;31,8;25,6;20,3;88;84;0;
2015-07-24;null;9,4;0;32,6;26;21;89;88;0;
2015-07-25;null;6,7;,3;31,8;26,5;21,9;87;85;0;
2015-07-26;null;6,4;0;32,4;26,3;22,9;89;86;0;
2015-07-27;null;4,8;0;32,8;26,5;22,4;91;84;,5;
2015-07-28;null;9,4;0;33,8;27;22;83;89;0;
2015-07-29;null;3,8;0;32,8;25,5;22,7;93;77;1;
2015-07-30;null;8,5;9,1;33,7;26,7;21,7;89;91;0;
2015-07-31;null;10,3;0;35;27,3;22,5;83;86;0;
2015-08-01;null;9,7;0;33,8;26,7;21,1;81;77;1;
2015-08-02;null;7,6;0;33,9;26,9;21,7;82;75;0;
2015-08-03;null;6,1;0;33,6;26,8;22,5;87;80;,5;
2015-08-04;null;9,9;0;35,2;27,4;22,1;85;82;0;
2015-08-05;null;7,6;0;34,9;27,4;23,2;84;82;,5;
2015-08-06;null;1,2;0;34,3;27;21,9;89;82;0;
2015-08-07;null;10,3;0;35,5;28,1;22,6;81;87;0;
2015-08-08;null;4,9;0;33,8;26,5;23,3;91;72;0;
2015-08-09;null;10,5;,3;34,8;26,7;22,4;98;89;,5;
2015-08-10;null;9,1;0;33,7;26,8;22,7;88;90;,5;
2015-08-11;null;1,8;,6;29,3;25;22,1;92;85;1;
2015-08-12;null;1,8;9,9;28;24,1;21;89;90;,5;
2015-08-13;null;8,5;0;32,8;25,2;21,2;93;86;1,5;
2015-08-14;null;8,9;0;33,7;25,9;21,7;95;91;,5;
2015-08-15;null;4,6;1,8;32,8;25,9;22,9;88;95;0;
2015-08-16;null;8,3;0;33,5;26,1;22,7;96;83;0;
2015-08-17;null;9;0;33,7;27,1;22,5;87;96;0;
2015-08-18;null;7,8;0;35;27,3;21,4;87;83;0;
2015-08-19;null;6,3;0;34;27,3;21,8;87;83;0;
2015-08-20;null;7,8;0;34,8;27,6;22,7;84;82;0;
2015-08-21;null;6,7;0;34,2;26,7;21,5;87;78;0;
2015-08-22;null;9,7;0;34,8;26,6;20,9;87;83;0;
2015-08-23;null;8,6;0;34,2;26,8;21,4;87;86;0;
2015-08-24;null;null;0;35,5;27,6;21,9;85;83;0;
2015-08-25;null;5,5;0;34,2;27,2;22,4;89;79;0;
2015-08-26;null;7,4;0;35,7;27,5;22,5;90;85;0;
2015-08-27;null;6,2;,2;33,2;26,2;23,1;90;87;0;
2015-08-28;null;4,3;0;31,7;25,1;22,1;92;87;1;
2015-08-29;null;3,2;30,5;31,9;24,9;21,2;95;91;,5;
2015-08-30;null;2,4;0;31,9;25,6;21,8;92;94;0;
2015-08-31;null;1;35;30,5;25,1;22,6;94;89;1;
2015-09-01;null;,1;9,2;26,4;24,1;22,4;96;92;0;
2015-09-02;null;5,2;10,8;33,4;25,5;21,6;95;95;,5;
2015-09-03;null;7,3;0;33,3;27,1;21,9;88;94;0;
2015-09-04;null;2,6;,4;33,1;25,6;22,9;93;84;0;
2015-09-05;null;7,4;0;33,4;25,9;22,3;95;91;1;
2015-09-06;null;4,6;13,2;33;26,5;23;97;94;0;
2015-09-07;null;7,1;0;34,1;26,4;23,1;94;96;,5;
2015-09-08;null;7,6;,8;33,8;26,3;22,4;95;92;0;
2015-09-09;null;10,2;2,8;34,6;28;23;83;92;0;
2015-09-10;null;9,8;0;35,9;28,3;22,8;88;78;0;
2015-09-11;null;9,5;0;36,4;28,9;23,6;84;84;,5;
2015-09-12;null;null;0;34;26,6;23,7;91;79;,5;
2015-09-13;null;3,9;2,6;30,7;25,4;22,9;94;89;,5;
2015-09-14;null;8,3;2,8;34,2;26,3;22,4;94;93;,5;
2015-09-15;null;8,7;0;35,2;27,8;22,6;88;94;0;
2015-09-16;null;7,5;0;35,4;27,5;23,4;90;83;0;
2015-09-17;null;5,1;6,1;35,4;27,4;23;89;87;0;
2015-09-18;null;6,9;0;35,7;27,7;23,3;90;85;0;
2015-09-19;null;0;0;28,8;25,5;23,9;94;88;1;
2015-09-20;null;6;3,3;34,1;26,5;22,7;95;92;,5;
2015-09-21;null;8,4;0;34,9;27,7;23;89;93;,5;
2015-09-22;null;5,6;0;33,3;27,3;23,5;91;85;0;
2015-09-23;null;7,9;0;35,1;27,6;23,1;93;89;0;
2015-09-24;null;9,3;0;35,7;28,6;23,4;84;94;,5;
2015-09-25;null;4;0;33,5;26,3;23,7;94;76;0;
2015-09-26;null;2,3;18;33,8;26,6;22,7;92;94;0;
2015-09-27;null;2,1;17,8;33,2;26,5;23,2;90;90;2,1;
2015-09-28;null;1;1,2;32,7;26,5;23,2;91;88;0;
2015-09-29;null;4,5;0;34,2;25,9;22,4;93;88;0;
2015-09-30;null;5;7,5;34,2;26,4;23,3;96;91;2,6;
2015-10-01;null;,2;6,5;31,5;25,6;23,4;95;96;0;
2015-10-02;null;6,8;0;34,3;25,9;21,8;95;95;1;
2015-10-03;null;6,7;0;34,2;26,3;22,7;93;94;1;
2015-10-04;null;0;1,7;26,4;24,6;23;95;93;,5;
2015-10-05;null;6,8;11,8;33,5;25,4;21,3;95;95;0;
2015-10-06;null;8,7;0;35,5;28;22;88;95;0;
2015-10-07;null;7,7;0;35,5;27,2;23,5;90;83;,5;
2015-10-08;null;0;0;27,7;24,6;23,7;96;90;,5;
2015-10-09;null;9,4;1,4;35,2;27,1;23,1;91;92;1;
2015-10-10;null;7,2;0;35,9;28,7;23,1;83;90;0;
2015-10-11;null;3;0;31,8;25,7;23,8;94;91;,5;
2015-10-12;null;0;33,5;24,9;23,2;20,6;91;91;,5;
2015-10-13;null;4,4;0;31,8;24,6;20,5;94;91;1,5;
2015-10-14;null;6,4;0;33,7;26,3;21,4;92;92;0;
2015-10-15;null;4,4;0;33,6;27,5;23,4;89;90;1;
2015-10-16;null;2,5;0;31,3;null;null;89;86;,5;
2015-10-17;null;0;0;31,3;26,6;23,5;90;84;0;
2015-10-18;null;0;45,9;30,9;25,5;22,1;94;87;1;
2015-10-19;null;2,3;9,5;30,8;25,4;22;94;94;,5;
2015-10-20;null;10,3;0;34,4;26,8;23;96;92;0;
2015-10-21;null;9,5;0;35,1;28,4;23,4;85;95;,5;
2015-10-22;null;5,4;0;35,5;28,7;24;83;78;0;
2015-10-23;null;8,9;0;36,6;26,9;23,5;90;77;1;
2015-10-24;null;6,5;5,2;34,5;26,6;22,9;94;89;1;
2015-10-25;null;5,6;null;34,1;null;null;80;94;1,5;
2015-10-26;null;4,5;,5;33,8;25,8;22,9;95;80;,5;
2015-10-27;null;6,8;19,2;34,4;26,1;22,8;93;94;0;
2015-10-28;null;11,1;0;34,1;26,6;22,4;96;92;0;
2015-10-29;null;11,1;0;34,6;28,3;23,4;83;90;,5;
2015-10-30;null;8,1;0;34,9;28,2;23,5;83;79;,5;
2015-10-31;null;7,8;0;35,8;27,9;24,1;89;78;1;
2015-11-01;null;5,2;0;33,2;27,3;24;86;88;,5;
2015-11-02;null;,1;0;31,4;26;23,9;91;83;0;
2015-11-03;null;,5;23,2;30,7;25,8;23,8;95;89;,5;
2015-11-04;null;7,1;,5;33,8;26,4;22,9;95;90;0;
2015-11-05;null;,9;10,4;30,8;26,3;23,3;92;92;2,1;
2015-11-06;null;0;23,2;30;25,5;23,2;94;92;,5;
2015-11-07;null;2;,3;31,2;25,7;23,4;96;92;0;
2015-11-08;null;,2;7,8;28,2;24,5;23,4;96;93;,5;
2015-11-09;null;8,3;31,3;33,8;26,1;21,8;95;91;0;
2015-11-10;null;4,9;0;33,5;25,9;22,4;90;94;0;
2015-11-11;null;7,1;0;34,2;26,2;21,8;95;88;,5;
2015-11-12;null;2,7;0;32,1;26,8;23,9;89;94;1,5;
2015-11-13;null;7,7;0;35,3;27;22,1;93;86;0;
2015-11-14;null;3,5;0;34,3;26,7;24;94;94;0;
2015-11-15;null;3;1;33,8;26,4;23,5;94;92;,5;
2015-11-16;null;7,1;,7;34,2;27;23,5;96;94;0;
2015-11-17;null;6;0;32,6;26,6;24,1;91;90;,5;
2015-11-18;null;8,9;2,9;34;26,7;23,5;95;92;0;
2015-11-19;null;10,9;0;34,6;28,4;23,7;84;89;,5;
2015-11-20;null;10,1;0;36;29,3;24,4;87;82;0;
2015-11-21;null;8,4;0;36,2;27,3;24,5;94;85;0;
2015-11-22;null;2,8;86,8;32,1;26;23;95;95;0;
2015-11-23;null;1,6;1,2;32,2;26,1;23,5;93;94;0;
2015-11-24;null;8,5;0;33,4;26,4;22,8;85;92;1;
2015-11-25;null;9,9;0;35;28;23,7;84;94;1;
2015-11-26;null;8,6;0;35,2;27,6;24;89;79;1,5;
2015-11-27;null;3,3;0;32,8;27,1;24,1;91;87;1;
2015-11-28;null;7;0;34,3;27,7;24,4;83;91;1,5;
2015-11-29;null;7;null;33,9;null;null;89;77;0;
2015-11-30;null;1;,7;31,1;26;24,3;95;88;,5;
2015-12-01;null;0;4,2;26,1;24;22,9;94;94;1;
2015-12-02;null;6,1;0;33,4;25,4;22;96;93;,5;
2015-12-03;null;4,5;0;34,4;27,3;22,6;94;91;0;
2015-12-04;null;9,7;0;35,5;28,2;23,5;93;93;0;
2015-12-05;null;5,8;0;33,1;27,1;24,4;89;90;,5;
2015-12-06;null;4,8;8,8;33;26,2;23,3;91;88;0;
2015-12-07;null;3,8;,5;33,5;26,4;23,4;95;89;0;
2015-12-08;null;1,2;0;30,9;25,4;23,5;95;92;1,5;
2015-12-09;null;0;7,5;34,9;25,8;23,3;95;94;0;
2015-12-10;null;9,2;41,4;33,7;25,3;21,9;97;94;,5;
2015-12-11;null;7,7;0;34,2;26,7;22,6;91;90;0;
2015-12-12;null;10,4;15,6;34,7;27,8;23,1;92;90;0;
2015-12-13;null;5,9;0;33,8;27;24,1;94;90;1;
2015-12-14;null;4,8;7,7;33,8;26,4;23,7;95;94;0;
2015-12-15;null;2,2;37,2;31,6;26;23,3;94;95;,5;
2015-12-16;null;,6;0;29,4;25,2;23,4;96;92;0;
2015-12-17;null;6;1,4;32,3;25,9;22,5;94;94;0;
2015-12-18;null;,7;0;30,5;25,6;22,8;95;94;0;
2015-12-19;null;3,3;6,2;33,1;26,3;23,7;96;94;,5;
2015-12-20;null;2,2;41,4;30,4;26;23,2;95;95;0;
2015-12-21;null;7;0;33,3;26,7;23,7;92;95;,5;
2015-12-22;null;1,9;1,5;32,7;26,6;24;94;88;,5;
2015-12-23;null;1,7;0;32,5;26,2;23,8;91;91;1;
2015-12-24;null;1,8;44,8;30,7;25,6;22,6;95;89;0;
2015-12-25;null;1,3;0;29,7;25,5;23;95;95;0;
2015-12-26;null;,4;4;29,8;25,6;23,1;95;95;,5;
2015-12-27;null;null;2,4;null;null;23;null;91;0;
2015-12-28;null;3,4;75;32;25,4;22,7;94;95;0;
2015-12-29;null;4,4;66,9;33,1;26,4;23;92;94;,5;
2015-12-30;null;2;4,7;32;25,6;23,7;97;88;1;
2015-12-31;null;2,7;66,9;30,9;25,6;23;97;95;0;
2016-01-01;null;2,3;null;31,4;null;null;96;96;0;
2016-01-02;null;4,4;0;32,5;26,4;23,3;95;96;,5;
2016-01-03;null;,6;35,2;30,5;25,8;24;97;94;,5;
2016-01-04;null;2;60,2;31,7;25,9;22,3;96;96;0;
2016-01-05;null;,1;28,4;28,5;25;23;95;94;0;
2016-01-06;null;1,2;2,7;31,7;26,3;23,3;95;95;0;
2016-01-07;null;2,4;1,5;32,9;26,8;23,4;96;94;0;
2016-01-08;null;6,6;0;33,4;27,8;23,5;92;94;0;
2016-01-09;null;9,3;12,8;29,9;27,3;24,1;95;89;0;
2016-01-10;null;1,5;0;32;27,6;24,5;90;95;,5;
2016-01-11;null;,5;6,1;31,3;25,9;24,2;96;86;2,1;
2016-01-12;null;0;27,8;28,2;25,4;23,5;95;95;0;
2016-01-13;null;2,4;1,8;33,5;26,5;23,7;96;95;1,5;
2016-01-14;null;null;13,6;null;null;23,8;null;95;0;
2016-01-15;null;3,8;8,8;34;26,8;23,8;97;98;0;
2016-01-16;null;2,2;0;33,8;27,8;24;92;96;,5;
2016-01-17;null;null;39;null;null;24,1;null;90;0;
2016-01-18;null;2,6;0;32,1;27,6;24,1;97;98;0;
2016-01-19;null;,2;3,4;31,7;25,9;24,2;96;95;0;
2016-01-20;null;,7;20,6;31,8;25,9;23;95;94;0;
2016-01-21;null;5,3;0;34;26,2;23,4;95;94;0;
2016-01-22;null;8,5;19,3;35,2;26,6;23,7;97;95;0;
2016-01-23;null;9,8;0;36,5;28,9;23,9;89;95;0;
2016-01-24;null;9,3;0;36,1;29,5;24;84;84;0;
2016-01-25;null;10,4;0;35,5;28,1;24,4;86;77;1,5;
2016-01-26;null;2,5;0;33,8;27,7;24,1;88;81;,5;
2016-01-27;null;8,8;5,8;34,7;27,8;23,7;92;83;1;
2016-01-28;null;,2;0;30;26,6;23,7;93;90;0;
2016-01-29;null;7,1;0;35,5;27,8;24,1;97;91;0;

