Nome: FLORESTAL
Codigo Estacao: 83581
Latitude: -19.885422
Longitude: -44.416889
Altitude: 753.51
Situacao: Desativada
Data Inicial: 2015-01-01
Data Final: 2018-07-04
Periodicidade da Medicao: Diaria

Data Medicao;EVAPORACAO DO PICHE, DIARIA(mm);INSOLACAO TOTAL, DIARIO(h);PRECIPITACAO TOTAL, DIARIO(mm);TEMPERATURA MAXIMA, DIARIA(°C);TEMPERATURA MEDIA COMPENSADA, DIARIA(°C);TEMPERATURA MINIMA, DIARIA(°C);UMIDADE RELATIVA DO AR, MEDIA DIARIA(%);UMIDADE RELATIVA DO AR, MINIMA DIARIA(%);VENTO, VELOCIDADE MEDIA DIARIA(m/s);
2015-01-01;5;null;0;34,8;null;null;null;null;null;
2015-01-02;5;null;11;35,2;null;null;null;null;null;
2015-01-03;5,2;null;0;35,5;null;null;null;null;null;
2015-01-04;5,5;null;0;36;null;null;null;null;null;
2015-01-05;5;null;0;35,4;null;null;null;null;null;
2015-01-06;4;null;0;33,3;null;null;null;null;null;
2015-01-07;4,2;null;0;33,8;null;null;null;null;null;
2015-01-08;4;null;0;33;null;null;null;null;null;
2015-01-09;4,2;null;0;33,4;null;null;null;null;null;
2015-01-10;4,4;null;0;33,5;null;null;null;null;null;
2015-01-11;5;null;0;35;null;null;null;null;null;
2015-01-12;5,5;null;0;36,2;null;null;null;null;null;
2015-01-13;5,8;null;0;37;null;null;null;null;null;
2015-01-14;6;null;0;37,4;null;null;null;null;null;
2015-01-15;6,2;null;0;37,9;null;null;null;null;null;
2015-01-16;4,2;null;0;33,6;null;null;null;null;null;
2015-01-17;4,2;null;0;33,9;null;null;null;null;null;
2015-01-18;4;null;0;34,4;null;null;null;null;null;
2015-01-19;5,4;null;0;36,5;null;null;null;null;null;
2015-01-20;5,2;null;0;36;null;null;null;null;null;
2015-01-21;5,8;null;0;36,6;null;null;null;null;null;
2015-01-22;6,4;null;1,2;38;null;null;null;null;null;
2015-01-23;4;null;2,4;35;null;null;null;null;null;
2015-01-24;3,5;null;2,2;32,5;null;null;null;null;null;
2015-01-25;3,2;null;68;31,6;null;null;null;null;null;
2015-01-26;3,4;null;15,4;32,2;null;null;null;null;null;
2015-01-27;3,8;null;63;33,2;null;null;null;null;null;
2015-01-28;3;null;33;31,4;null;null;null;null;null;
2015-01-29;3;null;1,2;31,4;null;null;null;null;null;
2015-01-30;4,2;null;0;33;null;null;null;null;null;
2015-01-31;4,4;null;1;34,6;null;null;null;null;null;
2015-02-01;4,5;null;0;35,4;null;null;null;null;null;
2015-02-02;4;null;0;34;null;null;null;null;null;
2015-02-03;4;null;0;34,2;null;null;null;null;null;
2015-02-04;3,5;null;1;33;null;null;null;null;null;
2015-02-05;3;null;33;31,5;null;null;null;null;null;
2015-02-06;2;null;37;26,8;null;null;null;null;null;
2015-02-07;2,2;null;3,2;28,5;null;null;null;null;null;
2015-02-08;2,2;null;16,8;28,4;null;null;null;null;null;
2015-02-09;1,5;null;34,2;24;null;null;null;null;null;
2015-02-10;2;null;1,6;27,5;null;null;null;null;null;
2015-02-11;3,4;null;3;32,2;null;null;null;null;null;
2015-02-12;3;null;0;31,2;null;null;null;null;null;
2015-02-13;4,4;null;0;34,2;null;null;null;null;null;
2015-02-14;4;null;0;34,7;null;null;null;null;null;
2015-02-15;3;null;0;31,7;null;null;null;null;null;
2015-02-16;3;null;4,1;30,5;null;null;null;null;null;
2015-02-17;2,8;null;19,6;28,3;null;null;null;null;null;
2015-02-18;4,5;null;20,4;35,5;null;null;null;null;null;
2015-02-19;2,5;null;49;27;null;null;null;null;null;
2015-02-20;3;null;1;29,2;null;null;null;null;null;
2015-02-21;3;null;0;30,2;null;null;null;null;null;
2015-02-22;3,2;null;0;30,8;null;null;null;null;null;
2015-02-23;3,4;null;0;31,6;null;null;null;null;null;
2015-02-24;4;null;0;33;null;null;null;null;null;
2015-02-25;3,5;null;1;32;null;null;null;null;null;
2015-02-26;4;null;14,6;33;null;null;null;null;null;
2015-02-27;3,5;null;0;32,2;null;null;null;null;null;
2015-02-28;3;null;1,2;30;null;null;null;null;null;
2015-03-01;3,4;null;0;33,2;null;null;null;null;null;
2015-03-02;2,4;null;1;28,2;null;null;null;null;null;
2015-03-03;3;null;0;30,8;null;null;null;null;null;
2015-03-04;3,4;null;0;33;null;null;null;null;null;
2015-03-05;3,4;null;41,4;33,4;null;null;null;null;null;
2015-03-06;3,2;null;0;31,2;null;null;null;null;null;
2015-03-07;3;null;0;33,2;null;null;null;null;null;
2015-03-08;2,5;null;14;28,2;null;null;null;null;null;
2015-03-09;3;null;4,4;30;null;null;null;null;null;
2015-03-10;2,8;null;68,6;28,8;null;null;null;null;null;
2015-03-11;2,4;null;13;27,8;null;null;null;null;null;
2015-03-12;3;null;17,8;30;null;null;null;null;null;
2015-03-13;2,4;null;0;27,4;null;null;null;null;null;
2015-03-14;3;null;0;30,4;null;null;null;null;null;
2015-03-15;3,2;null;0;31,6;null;null;null;null;null;
2015-03-16;2,8;null;0;29,2;null;null;null;null;null;
2015-03-17;3,5;null;0;32,4;null;null;null;null;null;
2015-03-18;3;null;6,8;30,6;null;null;null;null;null;
2015-03-19;2,8;null;0;28,6;null;null;null;null;null;
2015-03-20;3;null;0;30,4;null;null;null;null;null;
2015-03-21;3;null;20,8;30;null;null;null;null;null;
2015-03-22;2,5;null;1,6;27;null;null;null;null;null;
2015-03-23;2;null;10,2;26,8;null;null;null;null;null;
2015-03-24;2,8;null;12,6;28,5;null;null;null;null;null;
2015-03-25;3,2;null;0;31,2;null;null;null;null;null;
2015-03-26;3,2;null;0;31,5;null;null;null;null;null;
2015-03-27;3,2;null;0;31,6;null;null;null;null;null;
2015-03-28;3,4;null;0;32,2;null;null;null;null;null;
2015-03-29;3,6;null;0;33,8;null;null;null;null;null;
2015-03-30;3,4;null;9,2;32,4;null;null;null;null;null;
2015-03-31;3;null;3,6;30,5;null;null;null;null;null;
2015-04-01;3,2;null;0;31;null;null;null;null;null;
2015-04-02;3,6;null;,4;32,4;null;null;null;null;null;
2015-04-03;2,5;null;0;27,8;null;null;null;null;null;
2015-04-04;3;null;0;30;null;null;null;null;null;
2015-04-05;2,8;null;0;29,2;null;null;null;null;null;
2015-04-06;2,6;null;0;28,5;null;null;null;null;null;
2015-04-07;3;null;6;30,6;null;null;null;null;null;
2015-04-08;2,5;null;0;26,9;null;null;null;null;null;
2015-04-09;2,6;null;0;27,2;null;null;null;null;null;
2015-04-10;2,7;null;,2;28;null;null;null;null;null;
2015-04-11;2,8;null;0;28,9;null;null;null;null;null;
2015-04-12;3;null;0;30;null;null;null;null;null;
2015-04-13;3;null;0;30,4;null;null;null;null;null;
2015-04-14;3,2;null;0;31;null;null;null;null;null;
2015-04-15;3;null;0;29,8;null;null;null;null;null;
2015-04-16;3;null;0;30,4;null;null;null;null;null;
2015-04-17;2;null;0;26;null;null;null;null;null;
2015-04-18;3,2;null;0;31;null;null;null;null;null;
2015-04-19;3,4;null;0;31,7;null;null;null;null;null;
2015-04-20;3,5;null;0;33,3;null;null;null;null;null;
2015-04-21;3,4;null;0;32,5;null;null;null;null;null;
2015-04-22;2,5;null;10,6;30;null;null;null;null;null;
2015-04-23;3;null;3;30,4;null;null;null;null;null;
2015-04-24;3,2;null;2;30,5;null;null;null;null;null;
2015-04-25;3,2;null;0;30,6;null;null;null;null;null;
2015-04-26;3;null;1,7;30,8;null;null;null;null;null;
2015-04-27;2,8;null;0;29,6;null;null;null;null;null;
2015-04-28;2,6;null;0;29,2;null;null;null;null;null;
2015-04-29;3;null;0;29,8;null;null;null;null;null;
2015-04-30;2,5;null;1;28,5;null;null;null;null;null;
2015-05-01;2,8;null;0;29;null;null;null;null;null;
2015-05-02;2,4;null;0;26,5;null;null;null;null;null;
2015-05-03;2,5;null;0;27,2;null;null;null;null;null;
2015-05-04;3;null;0;29,4;null;null;null;null;null;
2015-05-05;2,7;null;8,6;29;null;null;null;null;null;
2015-05-06;2;null;5;25,2;null;null;null;null;null;
2015-05-07;2;null;1;25,2;null;null;null;null;null;
2015-05-08;3;null;0;29;null;null;null;null;null;
2015-05-09;2,5;null;0;27,4;null;null;null;null;null;
2015-05-10;2,8;null;0;28,2;null;null;null;null;null;
2015-05-11;2,8;null;7,6;28;null;null;null;null;null;
2015-05-12;2;null;0;23,4;null;null;null;null;null;
2015-05-13;2,5;null;0;25;null;null;null;null;null;
2015-05-14;2,6;null;0;26;null;null;null;null;null;
2015-05-15;2,5;null;0;23,8;null;null;null;null;null;
2015-05-16;2,5;null;0;24;null;null;null;null;null;
2015-05-17;2,6;null;0;25,4;null;null;null;null;null;
2015-05-18;2,6;null;0;25,2;null;null;null;null;null;
2015-05-19;2,4;null;0;23,4;null;null;null;null;null;
2015-05-20;2,7;null;0;26;null;null;null;null;null;
2015-05-21;2,4;null;0;24,8;null;null;null;null;null;
2015-05-22;2,4;null;0;24,8;null;null;null;null;null;
2015-05-23;2,5;null;0;26,4;null;null;null;null;null;
2015-05-24;2,7;null;0;26,8;null;null;null;null;null;
2015-05-25;2,8;null;0;28,2;null;null;null;null;null;
2015-05-26;3,2;null;0;30,8;null;null;null;null;null;
2015-05-27;3;null;0;30;null;null;null;null;null;
2015-05-28;2,8;null;0;29;null;null;null;null;null;
2015-05-29;3;null;6,4;29,8;null;null;null;null;null;
2015-05-30;2;null;2,2;24,4;null;null;null;null;null;
2015-05-31;2,5;null;0;28;null;null;null;null;null;
2015-06-01;3;null;0;29,6;null;null;null;null;null;
2015-06-02;2,8;null;0;29,2;null;null;null;null;null;
2015-06-03;2,2;null;7;24,6;null;null;null;null;null;
2015-06-04;2;null;0;24;null;null;null;null;null;
2015-06-05;2,5;null;0;26,8;null;null;null;null;null;
2015-06-06;2,5;null;0;26;null;null;null;null;null;
2015-06-07;2,6;null;0;27,2;null;null;null;null;null;
2015-06-08;2,8;null;0;28,6;null;null;null;null;null;
2015-06-09;2,8;null;0;28;null;null;null;null;null;
2015-06-10;2,8;null;0;28;null;null;null;null;null;
2015-06-11;2,6;null;0;28,4;null;null;null;null;null;
2015-06-12;2,8;null;0;29,4;null;null;null;null;null;
2015-06-13;3;null;0;30;null;null;null;null;null;
2015-06-14;2,8;null;0;28;null;null;null;null;null;
2015-06-15;3;null;0;29;null;null;null;null;null;
2015-06-16;3,2;null;0;30;null;null;null;null;null;
2015-06-17;2;null;0;25,4;null;null;null;null;null;
2015-06-18;2,6;null;0;28,6;null;null;null;null;null;
2015-06-19;2,5;null;0;27,2;null;null;null;null;null;
2015-06-20;2,4;null;0;26,8;null;null;null;null;null;
2015-06-21;2,8;null;0;27,8;null;null;null;null;null;
2015-06-22;2;null;0;24,8;null;null;null;null;null;
2015-06-23;2,5;null;0;26;null;null;null;null;null;
2015-06-24;2,6;null;0;27,2;null;null;null;null;null;
2015-06-25;2,6;null;0;27,4;null;null;null;null;null;
2015-06-26;2;null;0;24;null;null;null;null;null;
2015-06-27;2;null;0;24,2;null;null;null;null;null;
2015-06-28;2,2;null;0;24,6;null;null;null;null;null;
2015-06-29;2,5;null;0;25,4;null;null;null;null;null;
2015-06-30;2,4;null;0;24,8;null;null;null;null;null;
2015-07-01;2,5;null;0;27,5;null;null;null;null;null;
2015-07-02;2,5;null;0;27;null;null;null;null;null;
2015-07-03;2,5;null;0;27;null;null;null;null;null;
2015-07-04;3;null;0;29;null;null;null;null;null;
2015-07-05;2,8;null;0;22,6;null;null;null;null;null;
2015-07-06;2,8;null;0;28,4;null;null;null;null;null;
2015-07-07;1,8;null;0;23;null;null;null;null;null;
2015-07-08;2;null;0;25;null;null;null;null;null;
2015-07-09;2;null;0;25,2;null;null;null;null;null;
2015-07-10;3;null;0;29,2;null;null;null;null;null;
2015-07-11;3,2;null;0;30,2;null;null;null;null;null;
2015-07-12;3,2;null;0;30,5;null;null;null;null;null;
2015-07-13;3;null;0;30,2;null;null;null;null;null;
2015-07-14;3;null;0;30;null;null;null;null;null;
2015-07-15;2,8;null;0;29,6;null;null;null;null;null;
2015-07-16;2,6;null;0;28,2;null;null;null;null;null;
2015-07-17;2,4;null;0;25;null;null;null;null;null;
2015-07-18;2,5;null;0;26,2;null;null;null;null;null;
2015-07-19;2,6;null;0;26,8;null;null;null;null;null;
2015-07-20;2,8;null;0;27,2;null;null;null;null;null;
2015-07-21;3;null;0;28,5;null;null;null;null;null;
2015-07-22;2,8;null;0;28,4;null;null;null;null;null;
2015-07-23;2,5;null;0;26,2;null;null;null;null;null;
2015-07-24;2,8;null;0;28;null;null;null;null;null;
2015-07-25;3;null;0;29,2;null;null;null;null;null;
2015-07-26;3;null;1;29;null;null;null;null;null;
2015-07-27;3,2;null;0;29,4;null;null;null;null;null;
2015-07-28;3;null;0;30,2;null;null;null;null;null;
2015-07-29;3;null;0;29,8;null;null;null;null;null;
2015-07-30;null;null;null;null;null;null;null;null;null;
2015-07-31;null;null;null;null;null;null;null;null;null;
2015-08-01;2,5;null;0;27,5;null;null;null;null;null;
2015-08-02;2,6;null;0;28,5;null;null;null;null;null;
2015-08-03;2,4;null;0;28,4;null;null;null;null;null;
2015-08-04;3,2;null;0;null;null;null;null;null;null;
2015-08-05;2,8;null;0;29,4;null;null;null;null;null;
2015-08-06;2,8;null;0;29;null;null;null;null;null;
2015-08-07;null;null;0;29,5;null;null;null;null;null;
2015-08-08;null;null;0;30,4;null;null;null;null;null;
2015-08-09;null;null;0;28,5;null;null;null;null;null;
2015-08-10;null;null;0;25;null;null;null;null;null;
2015-08-11;null;null;0;28,4;null;null;null;null;null;
2015-08-12;null;null;0;27,4;null;11,6;null;null;null;
2015-08-13;null;null;0;27;null;7,8;null;null;null;
2015-08-14;null;null;0;26,8;null;7,6;null;null;null;
2015-08-15;null;null;0;25;null;8;null;null;null;
2015-08-16;null;null;0;28,4;null;9,7;null;null;null;
2015-08-17;null;null;0;29,5;null;10,6;null;null;null;
2015-08-18;null;null;0;28;null;10,4;null;null;null;
2015-08-19;null;null;0;29,8;null;11;null;null;null;
2015-08-20;null;null;0;31,4;null;13,4;null;null;null;
2015-08-21;null;null;0;31,5;null;13,6;null;null;null;
2015-08-22;null;null;0;30,4;null;14,2;null;null;null;
2015-08-23;null;null;0;31;null;11,6;null;null;null;
2015-08-24;null;null;0;32,6;null;10,4;null;null;null;
2015-08-25;null;null;0;34,2;null;14,8;null;null;null;
2015-08-26;null;null;1,4;30;null;16,7;null;null;null;
2015-08-27;null;null;0;32,8;null;13,2;null;null;null;
2015-08-28;null;null;0;33,5;null;15,7;null;null;null;
2015-08-29;null;null;0;30,8;null;14,2;null;null;null;
2015-08-30;null;null;0;31,2;null;12,4;null;null;null;
2015-08-31;null;null;0;32,6;null;11,6;null;null;null;
2015-09-01;3,4;null;0;34;null;10,2;null;null;null;
2015-09-02;5,2;null;0;35;null;15;null;null;null;
2015-09-03;5,2;null;0;33,6;null;13,8;null;null;null;
2015-09-04;4,6;null;0;33,5;null;12,8;null;null;null;
2015-09-05;5,4;null;0;35;null;16,2;null;null;null;
2015-09-06;4;null;0;32;null;18;null;null;null;
2015-09-07;4,2;null;0;32,8;null;16;null;null;null;
2015-09-08;5;null;22;33,2;null;18,4;null;null;null;
2015-09-09;1,4;null;39,2;26;null;17,6;null;null;null;
2015-09-10;2;null;0;26,6;null;18,2;null;null;null;
2015-09-11;1,5;null;0;24,2;null;17;null;null;null;
2015-09-12;1,8;null;0;26,2;null;16,2;null;null;null;
2015-09-13;2;null;0;28;null;16,4;null;null;null;
2015-09-14;2;null;14;28,2;null;16,2;null;null;null;
2015-09-15;2,5;null;0;28,5;null;15,6;null;null;null;
2015-09-16;3,4;null;0;32;null;15;null;null;null;
2015-09-17;3,5;null;0;32,5;null;12,7;null;null;null;
2015-09-18;4;null;0;34,2;null;11,8;null;null;null;
2015-09-19;4,5;null;0;35,2;null;12;null;null;null;
2015-09-20;4,8;null;0;35,4;null;10,2;null;null;null;
2015-09-21;4,8;null;0;35;null;10,8;null;null;null;
2015-09-22;4,5;null;0;34;null;13,2;null;null;null;
2015-09-23;5;null;0;35,2;null;null;null;null;null;
2015-09-24;5,2;null;0;35,6;null;14,8;null;null;null;
2015-09-25;5,5;null;0;37,2;null;15,8;null;null;null;
2015-09-26;6;null;0;38;null;16,4;null;null;null;
2015-09-27;5,2;null;0;35,5;null;16,6;null;null;null;
2015-09-28;5,4;null;0;36;null;18,2;null;null;null;
2015-09-29;3;null;0;28,5;null;19,4;null;null;null;
2015-09-30;3;null;0;30,4;null;15,6;null;null;null;
2015-10-01;2,8;null;null;28,6;null;13,8;null;null;null;
2015-10-02;4;null;null;35;null;18,6;null;null;null;
2015-10-03;4,4;null;null;35,4;null;15,4;null;null;null;
2015-10-04;4;null;null;35,2;null;17,6;null;null;null;
2015-10-05;3,8;null;null;33,5;null;20,7;null;null;null;
2015-10-06;3,5;null;null;32,5;null;17,2;null;null;null;
2015-10-07;4,4;null;null;34,2;null;16,4;null;null;null;
2015-10-08;4,4;null;null;34;null;14,6;null;null;null;
2015-10-09;4;null;null;33,6;null;11,8;null;null;null;
2015-10-10;4,4;null;null;34,8;null;13,4;null;null;null;
2015-10-11;5;null;null;35,4;null;13,6;null;null;null;
2015-10-12;4,8;null;null;34,8;null;14,8;null;null;null;
2015-10-13;5;null;null;35,2;null;13,6;null;null;null;
2015-10-14;5,2;null;null;35,4;null;14,2;null;null;null;
2015-10-15;6;null;null;36,5;null;14,7;null;null;null;
2015-10-16;6,4;null;null;38;null;16,2;null;null;null;
2015-10-17;6,5;null;null;38,4;null;15,2;null;null;null;
2015-10-18;6,5;null;null;38,5;null;17,7;null;null;null;
2015-10-19;5;null;null;34,8;null;19,6;null;null;null;
2015-10-20;5,2;null;null;35,2;null;18,2;null;null;null;
2015-10-21;5,5;null;null;37,5;null;18,7;null;null;null;
2015-10-22;5,5;null;null;37,6;null;19,8;null;null;null;
2015-10-23;6;null;null;38,2;null;21,2;null;null;null;
2015-10-24;4;null;null;33,8;null;18,4;null;null;null;
2015-10-25;4;null;null;33,5;null;18,6;null;null;null;
2015-10-26;4,2;null;null;34;null;17,7;null;null;null;
2015-10-27;4,2;null;null;34,2;null;21,8;null;null;null;
2015-10-28;4;null;null;33;null;22,2;null;null;null;
2015-10-29;2;null;null;26;null;20,7;null;null;null;
2015-10-30;3;null;null;30,5;null;16,2;null;null;null;
2015-10-31;4;null;null;32,4;null;15,6;null;null;null;
2015-11-01;4,5;null;0;33,2;null;17,6;null;null;null;
2015-11-02;4,5;null;0;33,4;null;21,2;null;null;null;
2015-11-03;5;null;0;34;null;20,7;null;null;null;
2015-11-04;5;null;0;34;null;19,4;null;null;null;
2015-11-05;5,5;null;0;36;null;17,6;null;null;null;
2015-11-06;5,8;null;0;37,4;null;19,4;null;null;null;
2015-11-07;5,8;null;31;37;null;20,4;null;null;null;
2015-11-08;5,5;null;0;35,8;null;20,2;null;null;null;
2015-11-09;3,4;null;0;31,6;null;19,8;null;null;null;
2015-11-10;3,4;null;0;31,8;null;19,2;null;null;null;
2015-11-11;4,4;null;0;35,8;null;18,6;null;null;null;
2015-11-12;5;null;0;37,2;null;18,6;null;null;null;
2015-11-13;4,5;null;1;35;null;20,2;null;null;null;
2015-11-14;5;null;41;37,2;null;20,2;null;null;null;
2015-11-15;4;null;0;33,5;null;21,7;null;null;null;
2015-11-16;3;null;0;30;null;22,2;null;null;null;
2015-11-17;3;null;9,6;29,6;null;22,4;null;null;null;
2015-11-18;2,4;null;17,6;26;null;20,2;null;null;null;
2015-11-19;3;null;0;30,4;null;19,6;null;null;null;
2015-11-20;4;null;90;34;null;20,4;null;null;null;
2015-11-21;2;null;35;26,8;null;20,4;null;null;null;
2015-11-22;3;null;0;31,6;null;20,4;null;null;null;
2015-11-23;4;null;1;37,4;null;20;null;null;null;
2015-11-24;2;null;58;26,5;null;16,7;null;null;null;
2015-11-25;2;null;0;26,2;null;17,6;null;null;null;
2015-11-26;3;null;0;30;null;17,2;null;null;null;
2015-11-27;3,2;null;0;31,5;null;19,4;null;null;null;
2015-11-28;null;null;null;null;null;null;null;null;null;
2015-11-29;3,4;null;0;32;null;19,2;null;null;null;
2015-11-30;3,4;null;3;32;null;20,4;null;null;null;
2015-12-01;4;null;14,6;35;null;20,8;null;null;null;
2015-12-02;3;null;0;30,4;null;20,6;null;null;null;
2015-12-03;3,2;null;7,2;31,4;null;21,2;null;null;null;
2015-12-04;3,6;null;0;32,6;null;19,2;null;null;null;
2015-12-05;4;null;8,4;33,4;null;19,8;null;null;null;
2015-12-06;3;null;1;31;null;20,2;null;null;null;
2015-12-07;3;null;0;30,8;null;20,7;null;null;null;
2015-12-08;3,4;null;13;null;null;19,7;null;null;null;
2015-12-09;3,2;null;8,6;31,4;null;21;null;null;null;
2015-12-10;2;null;5;27,4;null;20;null;null;null;
2015-12-11;3,4;null;36,8;31,5;null;19,7;null;null;null;
2015-12-12;3,5;null;1;32,2;null;20,4;null;null;null;
2015-12-13;4;null;0;34;null;21,2;null;null;null;
2015-12-14;4;null;10;33,2;null;19;null;null;null;
2015-12-15;4;null;0;33;null;17,7;null;null;null;
2015-12-16;4,5;null;0;35;null;20,7;null;null;null;
2015-12-17;4,5;null;0;35;null;19,2;null;null;null;
2015-12-18;4,5;null;0;35;null;21,2;null;null;null;
2015-12-19;3,5;null;7,6;null;null;17,7;null;null;null;
2015-12-20;4;null;1,6;35;null;18,2;null;null;null;
2015-12-21;3,5;null;1,4;34;null;20,2;null;null;null;
2015-12-22;3,2;null;0;null;null;18,2;null;null;null;
2015-12-23;4;null;0;34;null;16,7;null;null;null;
2015-12-24;4;null;0;34,2;null;16,6;null;null;null;
2015-12-25;4;null;0;34;null;18,2;null;null;null;
2015-12-26;null;null;null;null;null;null;null;null;null;
2015-12-27;4,4;null;1;35,4;null;20,2;null;null;null;
2015-12-28;3;null;0;29,8;null;21,7;null;null;null;
2015-12-29;3;null;0;30,5;null;19,2;null;null;null;
2015-12-30;3;null;0;30;null;19,4;null;null;null;
2015-12-31;3;null;0;30;null;20,2;null;null;null;
2016-01-01;4;null;0;34,6;null;19,6;null;null;null;
2016-01-02;5;null;0;36;null;22,2;null;null;null;
2016-01-03;4;null;1;33,2;null;20,7;null;null;null;
2016-01-04;3;null;49,6;31,2;null;19,4;null;null;null;
2016-01-05;2,8;null;1;29;null;18;null;null;null;
2016-01-06;2,8;null;0;29,2;null;17,2;null;null;null;
2016-01-07;3,4;null;0;32,2;null;17,6;null;null;null;
2016-01-08;3,4;null;0;33;null;21;null;null;null;
2016-01-09;3;null;4;31,4;null;22,2;null;null;null;
2016-01-10;3;null;10,4;30;null;20,2;null;null;null;
2016-01-11;3,4;null;0;31,8;null;18,6;null;null;null;
2016-01-12;4;null;3;33;null;21,8;null;null;null;
2016-01-13;2;null;11,4;27;null;21,2;null;null;null;
2016-01-14;2;null;14;25;null;21;null;null;null;
2016-01-15;2,8;null;22;28,8;null;21,2;null;null;null;
2016-01-16;2;null;52,6;24,2;null;20,2;null;null;null;
2016-01-17;2;null;82,4;23;null;18,4;null;null;null;
2016-01-18;1,8;null;21,2;23,4;null;19,2;null;null;null;
2016-01-19;2;null;40;26,4;null;20,4;null;null;null;
2016-01-20;2;null;102;24,5;null;19,2;null;null;null;
2016-01-21;2,4;null;2;26,4;null;19;null;null;null;
2016-01-22;3;null;3;29;null;18,2;null;null;null;
2016-01-23;2,8;null;0;28,2;null;17,4;null;null;null;
2016-01-24;3,4;null;0;32;null;17,6;null;null;null;
2016-01-25;3,2;null;3;31,6;null;17,8;null;null;null;
2016-01-26;3;null;3,2;29,4;null;20,4;null;null;null;
2016-01-27;4;null;0;33,2;null;20,4;null;null;null;
2016-01-28;2,8;null;5,2;28,2;null;21,4;null;null;null;
2016-01-29;3;null;22,4;29,4;null;19,6;null;null;null;
2016-01-30;3;null;2;29;null;16,4;null;null;null;
2016-01-31;4;null;0;32;null;15;null;null;null;
2016-02-01;4;null;0;33,5;null;15,7;null;null;null;
2016-02-02;4;null;0;34;null;17,2;null;null;null;
2016-02-03;5;null;0;36;null;18,2;null;null;null;
2016-02-04;4,6;null;0;35;null;19;null;null;null;
2016-02-05;4,6;null;0;35;null;18,2;null;null;null;
2016-02-06;4,6;null;0;35;null;18,7;null;null;null;
2016-02-07;4,5;null;0;34,8;null;19;null;null;null;
2016-02-08;4;null;0;34,5;null;18;null;null;null;
2016-02-09;4;null;0;33,2;null;15,2;null;null;null;
2016-02-10;4,5;null;0;34,6;null;16,6;null;null;null;
2016-02-11;5;null;0;36,4;null;17,2;null;null;null;
2016-02-12;4,5;null;9;35,6;null;21,6;null;null;null;
2016-02-13;4;null;10;34;null;19,4;null;null;null;
2016-02-14;3;null;0;31;null;20,2;null;null;null;
2016-02-15;4;null;0;33,2;null;22,2;null;null;null;
2016-02-16;4,4;null;1;33,8;null;19;null;null;null;
2016-02-17;4,5;null;1;34,5;null;18,7;null;null;null;
2016-02-18;4,5;null;6,6;34,8;null;19,6;null;null;null;
2016-02-19;3,4;null;0;32;null;21,4;null;null;null;
2016-02-20;3,4;null;0;32;null;20;null;null;null;
2016-02-21;3,5;null;0;33,5;null;19,2;null;null;null;
2016-02-22;4;null;0;34;null;20,2;null;null;null;
2016-02-23;3,5;null;0;32,8;null;21,2;null;null;null;
2016-02-24;3,5;null;0;33;null;16,7;null;null;null;
2016-02-25;4;null;0;33,8;null;18,6;null;null;null;
2016-02-26;4,5;null;1,6;34,6;null;18,8;null;null;null;
2016-02-27;3,4;null;0;32,6;null;19,8;null;null;null;
2016-02-28;4,5;null;10;34,6;null;20,2;null;null;null;
2016-02-29;3,2;null;1;31,2;null;20,2;null;null;null;
2016-03-01;3;null;15;30,8;null;20;null;null;null;
2016-03-02;3,2;null;2,6;31,4;null;18,6;null;null;null;
2016-03-03;3,4;null;0;31,8;null;17,6;null;null;null;
2016-03-04;3;null;0;30,2;null;19,8;null;null;null;
2016-03-05;3;null;56;30;null;19,2;null;null;null;
2016-03-06;2,4;null;0;28;null;18,8;null;null;null;
2016-03-07;4;null;6,8;33,5;null;21,2;null;null;null;
2016-03-08;3;null;0;30,4;null;19;null;null;null;
2016-03-09;3,4;null;0;31,2;null;17,2;null;null;null;
2016-03-10;3,4;null;0;31,6;null;16,6;null;null;null;
2016-03-11;3,6;null;0;32,5;null;21,7;null;null;null;
2016-03-12;3;null;5,6;29,4;null;20,6;null;null;null;
2016-03-13;2,4;null;12,2;28,2;null;12,7;null;null;null;
2016-03-14;3;null;13,4;31;null;19,6;null;null;null;
2016-03-15;3;null;1;30,4;null;20,2;null;null;null;
2016-03-16;3,2;null;1;30,8;null;18;null;null;null;
2016-03-17;3;null;0;30;null;17,7;null;null;null;
2016-03-18;3,2;null;0;30,6;null;16,2;null;null;null;
2016-03-19;3,4;null;0;32;null;15,8;null;null;null;
2016-03-20;4;null;0;33,6;null;15,2;null;null;null;
2016-03-21;4;null;0;33,4;null;15,6;null;null;null;
2016-03-22;4,2;null;0;34;null;15,6;null;null;null;
2016-03-23;4;null;0;33,5;null;18,2;null;null;null;
2016-03-24;5;null;2,4;34,5;null;19,2;null;null;null;
2016-03-25;3,5;null;11,6;32;null;17,6;null;null;null;
2016-03-26;3,6;null;0;32,4;null;17,4;null;null;null;
2016-03-27;3,2;null;1;32,4;null;17,6;null;null;null;
2016-03-28;3,4;null;0;33,5;null;17,7;null;null;null;
2016-03-29;3,2;null;0;32,4;null;17,2;null;null;null;
2016-03-30;4;null;0;34;null;17,7;null;null;null;
2016-03-31;3,4;null;0;32,4;null;17,6;null;null;null;
2016-04-01;3,4;null;0;32,4;null;16,2;null;null;null;
2016-04-02;4;null;0;34;null;17,6;null;null;null;
2016-04-03;4;null;0;34;null;16,6;null;null;null;
2016-04-04;4,2;null;0;34,4;null;18,2;null;null;null;
2016-04-05;4;null;0;34;null;17,6;null;null;null;
2016-04-06;3,4;null;0;32,5;null;15,2;null;null;null;
2016-04-07;3,5;null;0;33;null;15,4;null;null;null;
2016-04-08;4,2;null;0;34,4;null;14,4;null;null;null;
2016-04-09;4,5;null;0;34,8;null;14,6;null;null;null;
2016-04-10;4,4;null;0;34,3;null;14,8;null;null;null;
2016-04-11;4;null;0;34,5;null;14,2;null;null;null;
2016-04-12;3,5;null;0;33;null;13,2;null;null;null;
2016-04-13;3,8;null;0;33,6;null;16,8;null;null;null;
2016-04-14;3,4;null;0;32,2;null;14,4;null;null;null;
2016-04-15;4;null;0;33,4;null;14;null;null;null;
2016-04-16;4;null;0;33,2;null;13,2;null;null;null;
2016-04-17;3,8;null;0;32,4;null;13,4;null;null;null;
2016-04-18;3,5;null;0;32;null;14,2;null;null;null;
2016-04-19;3,2;null;0;31,5;null;15,2;null;null;null;
2016-04-20;3,2;null;0;31;null;14,2;null;null;null;
2016-04-21;3,3;null;0;31,5;null;14,2;null;null;null;
2016-04-22;3,5;null;0;33;null;14,7;null;null;null;
2016-04-23;3,5;null;0;33,2;null;14,2;null;null;null;
2016-04-24;3,2;null;0;31,2;null;10,6;null;null;null;
2016-04-25;3,4;null;0;32;null;12,7;null;null;null;
2016-04-26;3,5;null;0;33;null;13,2;null;null;null;
2016-04-27;3,4;null;0;32,2;null;16,6;null;null;null;
2016-04-28;2,2;null;0;27,2;null;18,2;null;null;null;
2016-04-29;2,4;null;6,4;29,2;null;18,2;null;null;null;
2016-04-30;1,5;null;12,8;22,4;null;14,6;null;null;null;
2016-05-01;2;null;0;24;null;13,2;null;null;null;
2016-05-02;2,5;null;0;28,2;null;9,4;null;null;null;
2016-05-03;3;null;0;29,4;null;9,6;null;null;null;
2016-05-04;2,8;null;0;28,2;null;9,4;null;null;null;
2016-05-05;3;null;0;29,5;null;11,2;null;null;null;
2016-05-06;null;null;null;null;null;null;null;null;null;
2016-05-07;null;null;null;null;null;null;null;null;null;
2016-05-08;null;null;null;null;null;null;null;null;null;
2016-05-09;null;null;null;null;null;null;null;null;null;
2016-05-10;null;null;null;null;null;null;null;null;null;
2016-05-11;null;null;null;null;null;null;null;null;null;
2016-05-12;null;null;null;null;null;null;null;null;null;
2016-05-13;null;null;null;null;null;null;null;null;null;
2016-05-14;2,5;null;0;27,5;null;16,2;null;null;null;
2016-05-15;2,5;null;0;27,2;null;14,6;null;null;null;
2016-05-16;2,5;null;0;27,4;null;11,2;null;null;null;
2016-05-17;2,6;null;0;28,4;null;13,4;null;null;null;
2016-05-18;3;null;0;30,2;null;13,2;null;null;null;
2016-05-19;3,2;null;0;31,4;null;15,6;null;null;null;
2016-05-20;3,2;null;16;31;null;16,2;null;null;null;
2016-05-21;2,5;null;0;28;null;12,8;null;null;null;
2016-05-22;2,6;null;0;28,6;null;12,6;null;null;null;
2016-05-23;3,4;null;0;31,4;null;13,2;null;null;null;
2016-05-24;3;null;0;29,5;null;12,6;null;null;null;
2016-05-25;2;null;0;26,8;null;12,6;null;null;null;
2016-05-26;2,4;null;0;26;null;11,2;null;null;null;
2016-05-27;2,6;null;0;27,2;null;10,8;null;null;null;
2016-05-28;2,2;null;0;25,2;null;13,4;null;null;null;
2016-05-29;2,4;null;0;26;null;9,4;null;null;null;
2016-05-30;3,4;null;0;31,6;null;10,8;null;null;null;
2016-05-31;null;null;null;null;null;null;null;null;null;
2016-06-01;3;null;0;30;null;12,6;null;null;null;
2016-06-02;3;null;3;30;null;15,2;null;null;null;
2016-06-03;1,2;null;22,6;21;null;16,2;null;null;null;
2016-06-04;1;null;15;20;null;16,2;null;null;null;
2016-06-05;2,4;null;0;26,5;null;15,2;null;null;null;
2016-06-06;3;null;0;30,2;null;14,4;null;null;null;
2016-06-07;3,2;null;0;31,4;null;16;null;null;null;
2016-06-08;2,5;null;1;28,2;null;17,4;null;null;null;
2016-06-09;2,4;null;0;26,2;null;14,8;null;null;null;
2016-06-10;2,5;null;0;27,8;null;12,6;null;null;null;
2016-06-11;2,5;null;0;27,8;null;13,6;null;null;null;
2016-06-12;2;null;0;25;null;7,4;null;null;null;
2016-06-13;2,5;null;0;27;null;8,2;null;null;null;
2016-06-14;2;null;0;23,8;null;8,6;null;null;null;
2016-06-15;2,5;null;0;26;null;6,4;null;null;null;
2016-06-16;2,6;null;0;26,4;null;6,2;null;null;null;
2016-06-17;2,8;null;0;27,2;null;5,7;null;null;null;
2016-06-18;3;null;0;28,6;null;5,4;null;null;null;
2016-06-19;3;null;0;29;null;4,6;null;null;null;
2016-06-20;3;null;0;29;null;6,2;null;null;null;
2016-06-21;2,8;null;0;28,6;null;9,2;null;null;null;
2016-06-22;2,4;null;0;25;null;10,2;null;null;null;
2016-06-23;2,6;null;0;26,4;null;8,2;null;null;null;
2016-06-24;2,8;null;0;28,6;null;10,2;null;null;null;
2016-06-25;2,5;null;0;27,5;null;11,7;null;null;null;
2016-06-26;2,4;null;0;26;null;7,2;null;null;null;
2016-06-27;2,2;null;0;24;null;5,6;null;null;null;
2016-06-28;2,5;null;0;25,2;null;5,4;null;null;null;
2016-06-29;2,5;null;0;25;null;8,4;null;null;null;
2016-06-30;2,8;null;0;27,5;null;12,2;null;null;null;
2016-07-01;2;null;0;23;null;8,4;null;null;null;
2016-07-02;2,4;null;0;26;null;7,7;null;null;null;
2016-07-03;2,4;null;0;26;null;8,7;null;null;null;
2016-07-04;2,5;null;0;27,6;null;6,2;null;null;null;
2016-07-05;2,5;null;0;27;null;9,2;null;null;null;
2016-07-06;2,6;null;0;27,5;null;7,2;null;null;null;
2016-07-07;2,8;null;0;28,5;null;8,4;null;null;null;
2016-07-08;3;null;0;29,4;null;8,2;null;null;null;
2016-07-09;3;null;0;30;null;7,8;null;null;null;
2016-07-10;3;null;0;29,6;null;9,2;null;null;null;
2016-07-11;3,2;null;0;30,4;null;8,2;null;null;null;
2016-07-12;3,2;null;0;30,6;null;8;null;null;null;
2016-07-13;3,4;null;0;31;null;8,2;null;null;null;
2016-07-14;3,4;null;0;31;null;5,4;null;null;null;
2016-07-15;3,2;null;0;30,8;null;6,2;null;null;null;
2016-07-16;3,2;null;0;30,8;null;7,2;null;null;null;
2016-07-17;3,4;null;0;31,6;null;11,4;null;null;null;
2016-07-18;2,5;null;0;28;null;,4;null;null;null;
2016-07-19;3;null;0;30;null;5,6;null;null;null;
2016-07-20;3;null;0;29,8;null;9,2;null;null;null;
2016-07-21;2,5;null;0;28,2;null;8,6;null;null;null;
2016-07-22;2,5;null;0;28;null;7,8;null;null;null;
2016-07-23;2,6;null;0;28,4;null;10,4;null;null;null;
2016-07-24;2,5;null;0;28;null;8,2;null;null;null;
2016-07-25;2,8;null;0;29;null;6,7;null;null;null;
2016-07-26;3;null;0;29,8;null;6,6;null;null;null;
2016-07-27;3;null;0;30;null;10,6;null;null;null;
2016-07-28;3,4;null;0;31,6;null;8,2;null;null;null;
2016-07-29;3,2;null;0;31;null;14,4;null;null;null;
2016-07-30;2,5;null;0;27,6;null;10,4;null;null;null;
2016-07-31;2,4;null;0;27,2;null;8,2;null;null;null;
2016-08-01;2,5;null;null;26;null;8,2;null;null;null;
2016-08-02;2,5;null;0;27;null;4,6;null;null;null;
2016-08-03;2,8;null;0;29;null;9,6;null;null;null;
2016-08-04;2,6;null;0;28,6;null;11;null;null;null;
2016-08-05;2,8;null;0;28;null;10;null;null;null;
2016-08-06;2,8;null;0;null;null;8,6;null;null;null;
2016-08-07;3;null;0;30;null;7,8;null;null;null;
2016-08-08;3,2;null;0;31,4;null;8,4;null;null;null;
2016-08-09;3,5;null;0;33;null;9,2;null;null;null;
2016-08-10;3,5;null;0;33,2;null;9;null;null;null;
2016-08-11;3,2;null;0;32,5;null;15,6;null;null;null;
2016-08-12;3;null;0;30,6;null;5,6;null;null;null;
2016-08-13;2,8;null;0;29,4;null;7,2;null;null;null;
2016-08-14;3,2;null;0;31;null;9,2;null;null;null;
2016-08-15;3,4;null;0;32,2;null;11,4;null;null;null;
2016-08-16;3,5;null;1,6;33,2;null;16,2;null;null;null;
2016-08-17;2;null;0;26;null;10,6;null;null;null;
2016-08-18;3,4;null;0;31,8;null;10,2;null;null;null;
2016-08-19;4,2;null;0;34,4;null;13,6;null;null;null;
2016-08-20;3,2;null;0;31,8;null;13,2;null;null;null;
2016-08-21;3,6;null;0;32,6;null;15,2;null;null;null;
2016-08-22;2,4;null;0;26,8;null;13,2;null;null;null;
2016-08-23;2,5;null;0;28,2;null;11;null;null;null;
2016-08-24;3;null;0;29;null;10,2;null;null;null;
2016-08-25;3;null;0;29,8;null;8,6;null;null;null;
2016-08-26;2,5;null;0;28,5;null;4,6;null;null;null;
2016-08-27;3;null;0;30;null;6;null;null;null;
2016-08-28;3,2;null;0;30,4;null;9,2;null;null;null;
2016-08-29;3,6;null;0;32;null;8,8;null;null;null;
2016-08-30;3,6;null;0;32,5;null;10,2;null;null;null;
2016-08-31;3,5;null;0;32,2;null;12,8;null;null;null;
2016-09-01;3;null;28;31,2;null;16,2;null;null;null;
2016-09-02;2,5;null;0;27;null;14,2;null;null;null;
2016-09-03;3;null;0;30;null;11,4;null;null;null;
2016-09-04;2,8;null;0;29;null;11,6;null;null;null;
2016-09-05;3;null;0;30;null;11;null;null;null;
2016-09-06;3,4;null;0;32,2;null;9,6;null;null;null;
2016-09-07;null;null;null;null;null;null;null;null;null;
2016-09-08;3,6;null;0;33,4;null;13,6;null;null;null;
2016-09-09;4;null;0;34,8;null;14,8;null;null;null;
2016-09-10;3,4;null;3,2;32,6;null;12,8;null;null;null;
2016-09-11;3,2;null;0;31,4;null;11,4;null;null;null;
2016-09-12;3,4;null;0;32;null;11,7;null;null;null;
2016-09-13;3,5;null;0;32,4;null;10,2;null;null;null;
2016-09-14;3,6;null;0;33,5;null;11,2;null;null;null;
2016-09-15;4;null;0;35;null;13;null;null;null;
2016-09-16;4,4;null;7,2;36,4;null;18,2;null;null;null;
2016-09-17;3,4;null;0;32,2;null;16;null;null;null;
2016-09-18;3,5;null;0;32,6;null;15,2;null;null;null;
2016-09-19;4,5;null;0;36,6;null;15,8;null;null;null;
2016-09-20;4;null;3,8;34,8;null;17,8;null;null;null;
2016-09-21;3,5;null;0;32;null;16,2;null;null;null;
2016-09-22;2,5;null;0;28,8;null;11,6;null;null;null;
2016-09-23;3;null;0;30,4;null;11,2;null;null;null;
2016-09-24;4;null;0;33,8;null;13,6;null;null;null;
2016-09-25;4,2;null;7;33,4;null;16,6;null;null;null;
2016-09-26;3;null;17;30,6;null;15,2;null;null;null;
2016-09-27;3;null;0;30;null;14,7;null;null;null;
2016-09-28;3;null;0;30,4;null;16;null;null;null;
2016-09-29;null;null;0;null;null;null;null;null;null;
2016-09-30;null;null;0;null;null;null;null;null;null;
2016-10-01;3;null;0;29,8;null;17,4;null;null;null;
2016-10-02;2,5;null;27,8;27;null;15,7;null;null;null;
2016-10-03;2,4;null;0;27,4;null;14,2;null;null;null;
2016-10-04;2,4;null;24,6;28,4;null;16,6;null;null;null;
2016-10-05;1,5;null;4,6;22,6;null;18,2;null;null;null;
2016-10-06;1,5;null;12,8;22,2;null;17,2;null;null;null;
2016-10-07;2,5;null;16,6;27,6;null;10,8;null;null;null;
2016-10-08;3;null;0;29;null;9,2;null;null;null;
2016-10-09;4;null;0;33;null;11,8;null;null;null;
2016-10-10;4,5;null;0;34,4;null;17,6;null;null;null;
2016-10-11;3;null;0;30,4;null;16;null;null;null;
2016-10-12;3,2;null;0;30,8;null;17,6;null;null;null;
2016-10-13;3,4;null;0;33,6;null;14,8;null;null;null;
2016-10-14;4;null;0;36,8;null;17,2;null;null;null;
2016-10-15;3,2;null;0;31;null;18,2;null;null;null;
2016-10-16;3,8;null;6,2;32,4;null;18,6;null;null;null;
2016-10-17;4;null;0;34;null;16,6;null;null;null;
2016-10-18;4,2;null;0;35;null;17,2;null;null;null;
2016-10-19;4,4;null;0;35,2;null;21,2;null;null;null;
2016-10-20;4,8;null;0;36;null;20,2;null;null;null;
2016-10-21;5;null;0;37;null;18,2;null;null;null;
2016-10-22;5;null;17;37;null;19,6;null;null;null;
2016-10-23;3;null;1;30,6;null;18,4;null;null;null;
2016-10-24;3,2;null;0;30,8;null;16,6;null;null;null;
2016-10-25;3,5;null;0;34;null;16,8;null;null;null;
2016-10-26;4,4;null;1,4;35;null;17,6;null;null;null;
2016-10-27;4;null;0;33;null;17,2;null;null;null;
2016-10-28;3,2;null;0;31;null;20,2;null;null;null;
2016-10-29;3,5;null;0;34,4;null;18,4;null;null;null;
2016-10-30;3;null;0;28;null;15,2;null;null;null;
2016-10-31;3;null;0;29,4;null;12,6;null;null;null;
2016-11-01;3,5;null;0;31,8;null;14,6;null;null;null;
2016-11-02;3,2;null;0;31,2;null;16,4;null;null;null;
2016-11-03;2,5;null;0;28,6;null;16,2;null;null;null;
2016-11-04;3,4;null;2,8;32;null;19,2;null;null;null;
2016-11-05;3;null;9,2;29;null;18,2;null;null;null;
2016-11-06;2;null;1,4;26,6;null;17,2;null;null;null;
2016-11-07;2,4;null;0;27,2;null;16,6;null;null;null;
2016-11-08;2,2;null;12;31;null;17,2;null;null;null;
2016-11-09;3,2;null;9,8;31,2;null;15,2;null;null;null;
2016-11-10;3,2;null;1,2;31,6;null;14,8;null;null;null;
2016-11-11;3;null;0;30,6;null;16,4;null;null;null;
2016-11-12;4;null;0;34,4;null;17,2;null;null;null;
2016-11-13;3;null;15,6;29,4;null;18,4;null;null;null;
2016-11-14;2;null;26;24,2;null;17,2;null;null;null;
2016-11-15;1,5;null;25,4;22,2;null;18;null;null;null;
2016-11-16;3;null;14,4;29,8;null;18,2;null;null;null;
2016-11-17;2,8;null;3,8;29;null;17,8;null;null;null;
2016-11-18;3;null;5;29,6;null;19;null;null;null;
2016-11-19;3,2;null;1;31,4;null;13,2;null;null;null;
2016-11-20;2,5;null;0;27,4;null;9,6;null;null;null;
2016-11-21;3;null;0;31,2;null;13,2;null;null;null;
2016-11-22;3;null;0;29,4;null;18;null;null;null;
2016-11-23;2,5;null;2,5;28,8;null;18,4;null;null;null;
2016-11-24;1,5;null;12,4;23,6;null;19,2;null;null;null;
2016-11-25;3,4;null;18,2;32,4;null;18,4;null;null;null;
2016-11-26;3,4;null;0;32;null;18,2;null;null;null;
2016-11-27;3,6;null;0;33;null;17,2;null;null;null;
2016-11-28;4;null;0;33,4;null;16,8;null;null;null;
2016-11-29;4;null;10;33;null;19,8;null;null;null;
2016-11-30;4;null;31,2;32,8;null;19,2;null;null;null;
2016-12-01;null;null;13;27;null;16;null;null;null;
2016-12-02;2;null;13;27;null;16;null;null;null;
2016-12-03;2,5;null;0;27,6;null;15,2;null;null;null;
2016-12-04;3,4;null;16,4;32;null;18;null;null;null;
2016-12-05;2,5;null;67;26,6;null;17,2;null;null;null;
2016-12-06;2,5;null;9,8;27,6;null;17,8;null;null;null;
2016-12-07;4;null;2;33,2;null;16,6;null;null;null;
2016-12-08;4,5;null;1;35;null;18,8;null;null;null;
2016-12-09;3,5;null;1;32,6;null;20,2;null;null;null;
2016-12-10;3,4;null;1;32;null;20;null;null;null;
2016-12-11;3;null;1;30,6;null;20,8;null;null;null;
2016-12-12;3,4;null;1;32,2;null;18,6;null;null;null;
2016-12-13;3,4;null;8,4;32,5;null;21,2;null;null;null;
2016-12-14;2,5;null;86,4;28,2;null;19,2;null;null;null;
2016-12-15;2;null;22;26,2;null;18,8;null;null;null;
2016-12-16;1,5;null;18;22,5;null;14,4;null;null;null;
2016-12-17;2;null;0;23;null;12,2;null;null;null;
2016-12-18;2,5;null;0;27,8;null;14,4;null;null;null;
2016-12-19;3;null;0;29,4;null;14,4;null;null;null;
2016-12-20;3;null;0;30,6;null;15,2;null;null;null;
2016-12-21;3,2;null;0;31;null;14,2;null;null;null;
2016-12-22;3,4;null;0;31,6;null;16;null;null;null;
2016-12-23;4;null;0;34,4;null;16,8;null;null;null;
2016-12-24;3,6;null;0;33,5;null;14,7;null;null;null;
2016-12-25;4,5;null;0;35;null;15,7;null;null;null;
2016-12-26;4,5;null;24,2;34,8;null;16;null;null;null;
2016-12-27;null;null;0;null;null;null;null;null;null;
2016-12-28;4;null;3;34;null;16,4;null;null;null;
2016-12-29;3,8;null;1;33,6;null;14,8;null;null;null;
2016-12-30;3,6;null;0;33;null;16,2;null;null;null;
2016-12-31;4,2;null;0;34,8;null;16,2;null;null;null;
2017-01-01;4,8;null;0;34,6;null;15,2;null;null;null;
2017-01-02;4,4;null;0;34,2;null;16,2;null;null;null;
2017-01-03;5;null;0;35;null;18,2;null;null;null;
2017-01-04;5,2;null;0;35,2;null;18;null;null;null;
2017-01-05;5,4;null;32;35,8;null;17,6;null;null;null;
2017-01-06;4,8;null;0;34,6;null;17,4;null;null;null;
2017-01-07;4,8;null;0;34,8;null;17,6;null;null;null;
2017-01-08;4,6;null;0;34,6;null;17,8;null;null;null;
2017-01-09;4,5;null;0;34;null;19;null;null;null;
2017-01-10;3,4;null;0;32,2;null;16,8;null;null;null;
2017-01-11;3,6;null;18;33,2;null;19;null;null;null;
2017-01-12;3,6;null;1;33,4;null;19,2;null;null;null;
2017-01-13;3,4;null;23;33,2;null;17,4;null;null;null;
2017-01-14;2,5;null;15;27,8;null;17,2;null;null;null;
2017-01-15;2,6;null;27;28,5;null;17,7;null;null;null;
2017-01-16;2,5;null;6;28;null;18,2;null;null;null;
2017-01-17;2,8;null;0;29;null;17,6;null;null;null;
2017-01-18;null;null;null;null;null;null;null;null;null;
2017-01-19;null;null;null;null;null;null;null;null;null;
2017-01-20;4;null;0;33,4;null;14,2;null;null;null;
2017-01-21;3,4;null;0;32;null;15,6;null;null;null;
2017-01-22;3,2;null;0;31,6;null;15,2;null;null;null;
2017-01-23;3,2;null;0;32;null;13,8;null;null;null;
2017-01-24;3;null;0;30,4;null;17;null;null;null;
2017-01-25;3,4;null;21;32;null;16,6;null;null;null;
2017-01-26;3,6;null;0;32,4;null;18,6;null;null;null;
2017-01-27;3,8;null;0;33;null;17,2;null;null;null;
2017-01-28;3,2;null;0;32;null;16;null;null;null;
2017-01-29;3,2;null;0;31,8;null;15;null;null;null;
2017-01-30;4;null;0;33,8;null;14,2;null;null;null;
2017-01-31;3,5;null;0;31,8;null;15,8;null;null;null;
2017-02-01;3,4;null;0;32,8;null;16,2;null;null;null;
2017-02-02;3;null;1;29,8;null;17;null;null;null;
2017-02-03;3,4;null;4;32;null;19,2;null;null;null;
2017-02-04;3;null;4,6;30,4;null;19,2;null;null;null;
2017-02-05;2,8;null;52,8;28,6;null;18,2;null;null;null;
2017-02-06;2,8;null;43,4;28,8;null;18;null;null;null;
2017-02-07;3,2;null;24,2;31,4;null;16,6;null;null;null;
2017-02-08;3,4;null;0;32,6;null;18,6;null;null;null;
2017-02-09;3;null;18;30,6;null;16,6;null;null;null;
2017-02-10;3;null;0;30;null;16,2;null;null;null;
2017-02-11;2,8;null;0;28,8;null;15,8;null;null;null;
2017-02-12;3;null;2;29,2;null;15,2;null;null;null;
2017-02-13;3,2;null;0;30,4;null;14,8;null;null;null;
2017-02-14;3;null;0;30,2;null;15,6;null;null;null;
2017-02-15;3,2;null;0;30,6;null;16,8;null;null;null;
2017-02-16;3,4;null;0;32,4;null;15,4;null;null;null;
2017-02-17;3,2;null;0;32;null;14,2;null;null;null;
2017-02-18;3,4;null;0;32,6;null;17,2;null;null;null;
2017-02-19;4;null;0;33,4;null;14,2;null;null;null;
2017-02-20;4;null;0;33,4;null;15,8;null;null;null;
2017-02-21;3,6;null;2;32,8;null;16,2;null;null;null;
2017-02-22;2,8;null;0;29,4;null;17,2;null;null;null;
2017-02-23;3,4;null;0;32;null;15,2;null;null;null;
2017-02-24;3,6;null;0;33,6;null;14,2;null;null;null;
2017-02-25;3,2;null;2;31;null;17;null;null;null;
2017-02-26;2,5;null;8,6;27;null;18,2;null;null;null;
2017-02-27;2,8;null;1;28,8;null;17,6;null;null;null;
2017-02-28;2,6;null;1,6;28;null;17,6;null;null;null;
2017-03-01;2,5;null;2,8;27,4;null;17,2;null;null;null;
2017-03-02;2,6;null;2;28,5;null;15,2;null;null;null;
2017-03-03;3,4;null;20,2;32;null;16;null;null;null;
2017-03-04;3,5;null;0;32,8;null;15,2;null;null;null;
2017-03-05;3,6;null;0;33,2;null;17,2;null;null;null;
2017-03-06;3;null;0;30,8;null;16,4;null;null;null;
2017-03-07;3,2;null;0;33,8;null;18,2;null;null;null;
2017-03-08;3,5;null;5,2;32;null;17,4;null;null;null;
2017-03-09;3,2;null;1;31;null;17,2;null;null;null;
2017-03-10;3,2;null;0;31,2;null;17;null;null;null;
2017-03-11;3,6;null;0;32;null;16,2;null;null;null;
2017-03-12;3,4;null;0;31,5;null;14,2;null;null;null;
2017-03-13;3,8;null;0;32,6;null;13,2;null;null;null;
2017-03-14;4,8;null;0;34,8;null;16,8;null;null;null;
2017-03-15;3,5;null;0;32,6;null;15,2;null;null;null;
2017-03-16;3,8;null;0;33;null;16,8;null;null;null;
2017-03-17;4;null;0;33,2;null;14;null;null;null;
2017-03-18;4,2;null;0;32,8;null;15,6;null;null;null;
2017-03-19;2,5;null;78,2;26,4;null;16,4;null;null;null;
2017-03-20;2,8;null;,2;27,2;null;17,2;null;null;null;
2017-03-21;3;null;0;30,4;null;13,6;null;null;null;
2017-03-22;3,2;null;0;31,2;null;12,4;null;null;null;
2017-03-23;3;null;0;30;null;11;null;null;null;
2017-03-24;3;null;0;30,4;null;10;null;null;null;
2017-03-25;3,6;null;0;32,2;null;12,4;null;null;null;
2017-03-26;4;null;0;33,5;null;15,7;null;null;null;
2017-03-27;3,6;null;0;32,8;null;17,6;null;null;null;
2017-03-28;3,2;null;24,5;31;null;16,7;null;null;null;
2017-03-29;2;null;0;25,4;null;13,6;null;null;null;
2017-03-30;2;null;0;28,6;null;10,8;null;null;null;
2017-03-31;3,2;null;0;31;null;10,4;null;null;null;
2017-04-01;2,8;null;0;29;null;12,2;null;null;null;
2017-04-02;3;null;0;30;null;10,4;null;null;null;
2017-04-03;3;null;0;30,6;null;9,8;null;null;null;
2017-04-04;3,2;null;0;31;null;10,4;null;null;null;
2017-04-05;3,2;null;0;30,8;null;10,4;null;null;null;
2017-04-06;3,5;null;0;31,8;null;14;null;null;null;
2017-04-07;3,6;null;0;32;null;17,8;null;null;null;
2017-04-08;3,2;null;0;31;null;18,2;null;null;null;
2017-04-09;3;null;0;30;null;16,2;null;null;null;
2017-04-10;2,8;null;0;29,6;null;13,6;null;null;null;
2017-04-11;3,6;null;0;32,4;null;13,2;null;null;null;
2017-04-12;3,6;null;0;32,6;null;13,6;null;null;null;
2017-04-13;3,4;null;0;31,6;null;null;null;null;null;
2017-04-14;3,2;null;0;31;null;14,2;null;null;null;
2017-04-15;3,2;null;0;30,8;null;13,2;null;null;null;
2017-04-16;3,6;null;0;32;null;12,8;null;null;null;
2017-04-17;3,4;null;0;31,6;null;12,8;null;null;null;
2017-04-18;3,6;null;0;32,4;null;16,2;null;null;null;
2017-04-19;3;null;0;29,8;null;15;null;null;null;
2017-04-20;2,5;null;0;27,5;null;14,2;null;null;null;
2017-04-21;2,8;null;0;28,4;null;12,8;null;null;null;
2017-04-22;3;null;1,8;29;null;14,6;null;null;null;
2017-04-23;2,6;null;0;28;null;15,4;null;null;null;
2017-04-24;3;null;0;29,4;null;14;null;null;null;
2017-04-25;3,2;null;0;29,6;null;13,6;null;null;null;
2017-04-26;3,2;null;0;30,4;null;12,2;null;null;null;
2017-04-27;3,2;null;28;32,4;null;16,2;null;null;null;
2017-04-28;3;null;,6;30;null;17,2;null;null;null;
2017-04-29;2,4;null;1,4;26,6;null;16,6;null;null;null;
2017-04-30;2,4;null;0;25,6;null;15,4;null;null;null;
2017-05-01;2,5;null;0;27;null;15,2;null;null;null;
2017-05-02;2,6;null;0;27,8;null;11,4;null;null;null;
2017-05-03;2,8;null;0;28,6;null;13,8;null;null;null;
2017-05-04;2,5;null;0;28;null;10,2;null;null;null;
2017-05-05;3;null;0;29,4;null;10;null;null;null;
2017-05-06;2,8;null;3,2;25;null;12,6;null;null;null;
2017-05-07;2,8;null;,2;29,4;null;12,8;null;null;null;
2017-05-08;2,6;null;,2;29;null;19,8;null;null;null;
2017-05-09;2,6;null;0;29,2;null;10,6;null;null;null;
2017-05-10;3;null;0;30;null;8,8;null;null;null;
2017-05-11;2,8;null;0;29,6;null;10,6;null;null;null;
2017-05-12;2,5;null;0;27,4;null;11,6;null;null;null;
2017-05-13;2,8;null;0;28,6;null;8,6;null;null;null;
2017-05-14;3,2;null;0;31;null;9,4;null;null;null;
2017-05-15;3;null;0;30,8;null;13,6;null;null;null;
2017-05-16;2,5;null;0;26,4;null;16,6;null;null;null;
2017-05-17;2,5;null;0;27,8;null;14,4;null;null;null;
2017-05-18;2,4;null;0;25,6;null;12,8;null;null;null;
2017-05-19;2,5;null;0;27,2;null;13,4;null;null;null;
2017-05-20;1,5;null;17,8;20,6;null;15,2;null;null;null;
2017-05-21;2,2;null;20,4;24,2;null;16,2;null;null;null;
2017-05-22;2,5;null;7,8;26;null;16,4;null;null;null;
2017-05-23;2,6;null;,4;27,8;null;15,2;null;null;null;
2017-05-24;3;null;0;29,6;null;11,2;null;null;null;
2017-05-25;2,8;null;0;28,6;null;9,4;null;null;null;
2017-05-26;2,8;null;0;28,4;null;11,2;null;null;null;
2017-05-27;2,6;null;0;28;null;9,2;null;null;null;
2017-05-28;2,5;null;0;28,6;null;8;null;null;null;
2017-05-29;2,4;null;0;27;null;7,2;null;null;null;
2017-05-30;2,5;null;0;27,6;null;6,8;null;null;null;
2017-05-31;2,8;null;0;28,2;null;8,6;null;null;null;
2017-06-01;3;null;0;29,6;null;10,2;null;null;null;
2017-06-02;3;null;0;30;null;11,2;null;null;null;
2017-06-03;3;null;0;29,8;null;8,8;null;null;null;
2017-06-04;3,2;null;0;31;null;10,8;null;null;null;
2017-06-05;3;null;0;30,4;null;9,6;null;null;null;
2017-06-06;3;null;0;30;null;9;null;null;null;
2017-06-07;3,4;null;0;31;null;7,8;null;null;null;
2017-06-08;3,6;null;0;32,2;null;8,2;null;null;null;
2017-06-09;3,2;null;0;30,2;null;8,2;null;null;null;
2017-06-10;3,2;null;0;31;null;10,2;null;null;null;
2017-06-11;3;null;0;29,8;null;6;null;null;null;
2017-06-12;2,8;null;0;29,4;null;12,2;null;null;null;
2017-06-13;2,6;null;12,6;28,4;null;12,6;null;null;null;
2017-06-14;2,6;null;7;28,6;null;12;null;null;null;
2017-06-15;2,5;null;,2;26,6;null;11,6;null;null;null;
2017-06-16;2,5;null;0;27;null;9,4;null;null;null;
2017-06-17;2,6;null;0;27,6;null;7,6;null;null;null;
2017-06-18;2,4;null;0;27;null;7;null;null;null;
2017-06-19;2,4;null;0;27,2;null;5,8;null;null;null;
2017-06-20;2,4;null;0;27,2;null;11,6;null;null;null;
2017-06-21;2,5;null;0;27;null;8,2;null;null;null;
2017-06-22;2,5;null;0;25;null;8;null;null;null;
2017-06-23;2;null;0;25,5;null;6,8;null;null;null;
2017-06-24;2,2;null;0;25,2;null;7,7;null;null;null;
2017-06-25;2,5;null;0;26;null;7,8;null;null;null;
2017-06-26;2,6;null;0;26,6;null;5,8;null;null;null;
2017-06-27;2;null;0;23,4;null;7,2;null;null;null;
2017-06-28;null;null;null;null;null;null;null;null;null;
2017-06-29;null;null;null;null;null;null;null;null;null;
2017-06-30;null;null;null;null;null;null;null;null;null;
2017-07-01;2,2;null;0;26,2;null;3,4;null;null;null;
2017-07-02;2,4;null;0;26,4;null;7,4;null;null;null;
2017-07-03;2;null;0;24,6;null;7,6;null;null;null;
2017-07-04;1,8;null;0;23,5;null;2,8;null;null;null;
2017-07-05;1,6;null;0;21,5;null;3,8;null;null;null;
2017-07-06;1,5;null;0;20,4;null;2;null;null;null;
2017-07-07;1,6;null;0;21,8;null;3,6;null;null;null;
2017-07-08;1,6;null;0;21,5;null;4,6;null;null;null;
2017-07-09;1,6;null;0;22;null;2,4;null;null;null;
2017-07-10;2;null;0;24;null;4,6;null;null;null;
2017-07-11;2,4;null;0;25,4;null;5,8;null;null;null;
2017-07-12;2,5;null;0;27,4;null;4,6;null;null;null;
2017-07-13;2,5;null;0;27,4;null;5,8;null;null;null;
2017-07-14;2,4;null;0;26;null;3,8;null;null;null;
2017-07-15;2,4;null;0;26;null;7,2;null;null;null;
2017-07-16;2;null;0;24,6;null;5,6;null;null;null;
2017-07-17;2,5;null;0;26,8;null;4,6;null;null;null;
2017-07-18;2,5;null;0;27;null;6,2;null;null;null;
2017-07-19;2,6;null;0;28;null;5,8;null;null;null;
2017-07-20;2,4;null;0;26,2;null;11,2;null;null;null;
2017-07-21;2,4;null;0;26;null;7,8;null;null;null;
2017-07-22;2,8;null;0;28,4;null;5,6;null;null;null;
2017-07-23;2,8;null;0;28,5;null;3,6;null;null;null;
2017-07-24;2,5;null;0;27;null;2,8;null;null;null;
2017-07-25;2,5;null;0;27,2;null;6,8;null;null;null;
2017-07-26;2,4;null;0;26,4;null;7,6;null;null;null;
2017-07-27;2,5;null;0;26,6;null;3,6;null;null;null;
2017-07-28;2,4;null;0;25,6;null;4,2;null;null;null;
2017-07-29;2,5;null;0;26,6;null;3,6;null;null;null;
2017-07-30;null;null;null;null;null;null;null;null;null;
2017-07-31;2,4;null;0;24,2;null;7,8;null;null;null;
2017-08-01;2,4;null;0;25;null;3,6;null;null;null;
2017-08-02;2,2;null;0;24;null;2,4;null;null;null;
2017-08-03;2,5;null;0;26,6;null;3,2;null;null;null;
2017-08-04;3;null;0;30;null;10,2;null;null;null;
2017-08-05;2,8;null;0;28,8;null;8,2;null;null;null;
2017-08-06;2,8;null;0;29;null;10;null;null;null;
2017-08-07;2,4;null;0;26,8;null;5,8;null;null;null;
2017-08-08;2,8;null;0;28,6;null;4,4;null;null;null;
2017-08-09;3;null;0;30;null;6,2;null;null;null;
2017-08-10;3,4;null;0;32;null;7,8;null;null;null;
2017-08-11;4;null;0;33,4;null;8,2;null;null;null;
2017-08-12;3,2;null;0;31;null;7,8;null;null;null;
2017-08-13;3;null;0;30,4;null;7,6;null;null;null;
2017-08-14;null;null;3,2;31;null;8,2;null;null;null;
2017-08-15;4;null;0;33,4;null;11;null;null;null;
2017-08-16;3;null;0;30,6;null;9,4;null;null;null;
2017-08-17;3;null;0;30,4;null;10,6;null;null;null;
2017-08-18;3,2;null;0;31;null;15,2;null;null;null;
2017-08-19;3,2;null;0;31,4;null;11,4;null;null;null;
2017-08-20;3,4;null;0;32,6;null;10,2;null;null;null;
2017-08-21;3,5;null;0;33;null;11,8;null;null;null;
2017-08-22;2,8;null;0;28,6;null;11,8;null;null;null;
2017-08-23;2,5;null;0;27;null;10,6;null;null;null;
2017-08-24;2,5;null;0;27,2;null;6,2;null;null;null;
2017-08-25;3;null;0;30;null;6;null;null;null;
2017-08-26;2,4;null;0;26,8;null;2,8;null;null;null;
2017-08-27;3;null;0;29,4;null;3,8;null;null;null;
2017-08-28;3,4;null;0;31,6;null;6,2;null;null;null;
2017-08-29;3,4;null;0;31,6;null;6,4;null;null;null;
2017-08-30;3,5;null;0;32;null;6,2;null;null;null;
2017-08-31;3,6;null;0;34;null;7,2;null;null;null;
2017-09-01;4;null;0;34,6;null;13,2;null;null;null;
2017-09-02;null;null;null;null;null;null;null;null;null;
2017-09-03;null;null;null;null;null;null;null;null;null;
2017-09-04;2,4;null;0;26;null;5,8;null;null;null;
2017-09-05;2,5;null;0;27,2;null;3,6;null;null;null;
2017-09-06;3;null;0;30;null;4;null;null;null;
2017-09-07;3,4;null;0;32,2;null;6,6;null;null;null;
2017-09-08;3,4;null;0;32;null;5,8;null;null;null;
2017-09-09;3;null;0;30,4;null;5,8;null;null;null;
2017-09-10;3,2;null;0;30,6;null;8,6;null;null;null;
2017-09-11;3;null;0;24,8;null;9,2;null;null;null;
2017-09-12;3,4;null;0;32;null;8,2;null;null;null;
2017-09-13;3,2;null;0;31,2;null;7,4;null;null;null;
2017-09-14;3,2;null;0;31;null;7,8;null;null;null;
2017-09-15;3,2;null;0;31;null;7,4;null;null;null;
2017-09-16;3,3;null;0;31,6;null;9,6;null;null;null;
2017-09-17;3,5;null;0;33;null;9,2;null;null;null;
2017-09-18;3,4;null;0;31,8;null;9;null;null;null;
2017-09-19;3,2;null;0;29,8;null;7,2;null;null;null;
2017-09-20;3,2;null;0;30,6;null;9,4;null;null;null;
2017-09-21;3;null;0;30,4;null;7,6;null;null;null;
2017-09-22;2,8;null;0;29,6;null;7,8;null;null;null;
2017-09-23;3;null;0;30;null;9,8;null;null;null;
2017-09-24;3,2;null;0;31;null;7;null;null;null;
2017-09-25;3,4;null;0;31,2;null;8,8;null;null;null;
2017-09-26;2,4;null;0;27,8;null;10,6;null;null;null;
2017-09-27;3,2;null;0;31,2;null;12,8;null;null;null;
2017-09-28;3;null;0;30,6;null;13,2;null;null;null;
2017-09-29;4;null;7;35;null;17,2;null;null;null;
2017-09-30;3,6;null;8;33,5;null;18,4;null;null;null;
2017-10-01;1;null;9,2;21;null;15,2;null;null;null;
2017-10-02;3,2;null;1;31,6;null;16,2;null;null;null;
2017-10-03;3,4;null;28;33,5;null;18,2;null;null;null;
2017-10-04;2;null;0;24;null;15;null;null;null;
2017-10-05;2,5;null;0;27,5;null;16,2;null;null;null;
2017-10-06;3;null;0;30,6;null;14,8;null;null;null;
2017-10-07;3,5;null;0;33,6;null;13,6;null;null;null;
2017-10-08;3,5;null;0;33,8;null;15,8;null;null;null;
2017-10-09;3,4;null;0;32;null;13,6;null;null;null;
2017-10-10;4;null;0;34;null;15,2;null;null;null;
2017-10-11;4,5;null;0;35;null;14,4;null;null;null;
2017-10-12;4,6;null;0;35,2;null;14,2;null;null;null;
2017-10-13;5;null;0;36;null;13,8;null;null;null;
2017-10-14;4,8;null;0;35;null;11,2;null;null;null;
2017-10-15;5;null;0;35,6;null;13,2;null;null;null;
2017-10-16;3;null;0;30;null;18,2;null;null;null;
2017-10-17;3;null;0;30,6;null;19,8;null;null;null;
2017-10-18;3,4;null;0;32,8;null;16;null;null;null;
2017-10-19;3,4;null;0;32,6;null;11,8;null;null;null;
2017-10-20;3,8;null;0;33,8;null;12,2;null;null;null;
2017-10-21;4,4;null;0;35;null;14,6;null;null;null;
2017-10-22;4,2;null;0;34,8;null;18,4;null;null;null;
2017-10-23;4,8;null;1;35,4;null;19,6;null;null;null;
2017-10-24;3;null;0;30;null;18,6;null;null;null;
2017-10-25;3,2;null;0;31,6;null;17,8;null;null;null;
2017-10-26;4;null;0;33,6;null;14,8;null;null;null;
2017-10-27;4,5;null;1;35,6;null;18;null;null;null;
2017-10-28;3,6;null;43;32,8;null;18,2;null;null;null;
2017-10-29;3;null;1;29,4;null;17,8;null;null;null;
2017-10-30;2,8;null;0;29,4;null;20,2;null;null;null;
2017-10-31;3;null;16;30,6;null;19,8;null;null;null;
2017-11-01;3;null;0;31,4;null;19,6;null;null;null;
2017-11-02;2;null;0;23,4;null;17,6;null;null;null;
2017-11-03;2,5;null;0;27,8;null;14,2;null;null;null;
2017-11-04;2,8;null;0;30;null;14,6;null;null;null;
2017-11-05;3;null;10;28;null;18,4;null;null;null;
2017-11-06;2,8;null;0;29;null;20,8;null;null;null;
2017-11-07;3;null;4,8;30,4;null;18;null;null;null;
2017-11-08;2,2;null;0;25,8;null;16,6;null;null;null;
2017-11-09;2,2;null;1;26;null;18,6;null;null;null;
2017-11-10;2;null;0;24,4;null;19;null;null;null;
2017-11-11;1,8;null;2,2;24;null;19,4;null;null;null;
2017-11-12;2;null;58,2;25;null;17,8;null;null;null;
2017-11-13;3;null;0;31;null;13,2;null;null;null;
2017-11-14;4;null;0;34,6;null;14,2;null;null;null;
2017-11-15;3,5;null;0;33,2;null;17,8;null;null;null;
2017-11-16;3,8;null;0;34;null;15,2;null;null;null;
2017-11-17;3,8;null;0;34;null;16;null;null;null;
2017-11-18;4,5;null;0;35;null;18,8;null;null;null;
2017-11-19;3,2;null;5,6;32,2;null;20,8;null;null;null;
2017-11-20;3;null;10;31,2;null;21,2;null;null;null;
2017-11-21;3;null;10,4;31;null;20,8;null;null;null;
2017-11-22;2,4;null;5,4;27,2;null;21,2;null;null;null;
2017-11-23;1,6;null;4,8;24,8;null;20,2;null;null;null;
2017-11-24;1,5;null;3;23,6;null;18,8;null;null;null;
2017-11-25;2;null;0;26;null;18,2;null;null;null;
2017-11-26;3;null;1,2;29,5;null;18,7;null;null;null;
2017-11-27;2,5;null;1;27,8;null;20,2;null;null;null;
2017-11-28;3;null;,4;29,4;null;20;null;null;null;
2017-11-29;3;null;6,2;30,6;null;19,8;null;null;null;
2017-11-30;4;null;5,8;33,4;null;19,2;null;null;null;
2017-12-01;2,4;null;9,2;29;null;19,2;null;null;null;
2017-12-02;1;null;40,4;21,5;null;18,7;null;null;null;
2017-12-03;2;null;32,2;26;null;19;null;null;null;
2017-12-04;2;null;4;28,2;null;21,4;null;null;null;
2017-12-05;2,2;null;1,4;29,2;null;21,2;null;null;null;
2017-12-06;3;null;19,6;30,6;null;21,2;null;null;null;
2017-12-07;2,8;null;53,2;30;null;20,2;null;null;null;
2017-12-08;1;null;37;26;null;20,2;null;null;null;
2017-12-09;2;null;5,6;28,6;null;21;null;null;null;
2017-12-10;3,4;null;0;32,6;null;21,2;null;null;null;
2017-12-11;4;null;0;33,4;null;20;null;null;null;
2017-12-12;2;null;0;28,6;null;19,2;null;null;null;
2017-12-13;3,4;null;0;31,8;null;17,6;null;null;null;
2017-12-14;2;null;,6;27,4;null;19,6;null;null;null;
2017-12-15;3;null;,6;26,4;null;16,8;null;null;null;
2017-12-16;3;null;,6;30,2;null;18,2;null;null;null;
2017-12-17;3;null;11;30;null;18,2;null;null;null;
2017-12-18;2,5;null;0;29;null;16,8;null;null;null;
2017-12-19;4;null;0;33,8;null;17,2;null;null;null;
2017-12-20;3,5;null;0;32,6;null;14,8;null;null;null;
2017-12-21;4;null;0;33,4;null;18,2;null;null;null;
2017-12-22;3,8;null;0;33,2;null;20,2;null;null;null;
2017-12-23;3,5;null;0;32,4;null;17,8;null;null;null;
2017-12-24;5;null;0;34,8;null;17,6;null;null;null;
2017-12-25;5;null;0;35,4;null;18,6;null;null;null;
2017-12-26;5;null;2,6;35,4;null;20,6;null;null;null;
2017-12-27;4;null;0;33,8;null;21,2;null;null;null;
2017-12-28;4,5;null;0;35,4;null;20,2;null;null;null;
2017-12-29;4,5;null;0;35;null;21,6;null;null;null;
2017-12-30;4;null;0;33;null;21,2;null;null;null;
2017-12-31;,5;null;9,4;35;null;20,8;null;null;null;
2018-01-01;2;null;2;28,8;null;20,6;null;null;null;
2018-01-02;3,6;null;3,8;32;null;20,4;null;null;null;
2018-01-03;4;null;12;33;null;20,8;null;null;null;
2018-01-04;3,2;null;3,6;32;null;21;null;null;null;
2018-01-05;2;null;83,4;24,8;null;19,6;null;null;null;
2018-01-06;2,2;null;6,2;27;null;19,4;null;null;null;
2018-01-07;3;null;0;31,4;null;20,2;null;null;null;
2018-01-08;3,2;null;2,6;31,6;null;18,4;null;null;null;
2018-01-09;3,2;null;0;31,8;null;15,2;null;null;null;
2018-01-10;3,2;null;0;31,4;null;19;null;null;null;
2018-01-11;3;null;0;31,2;null;17,4;null;null;null;
2018-01-12;3;null;0;30;null;16,2;null;null;null;
2018-01-13;2,8;null;0;null;null;null;null;null;null;
2018-01-14;3,4;null;,2;32,6;null;19,2;null;null;null;
2018-01-15;2,5;null;2,8;29;null;18,2;null;null;null;
2018-01-16;3;null;14,4;30,6;null;18,4;null;null;null;
2018-01-17;3,4;null;0;31,6;null;16,8;null;null;null;
2018-01-18;4,2;null;0;33;null;14,6;null;null;null;
2018-01-19;4,2;null;0;33;null;15,8;null;null;null;
2018-01-20;4,5;null;0;34,8;null;16,6;null;null;null;
2018-01-21;4,8;null;0;34,6;null;14,2;null;null;null;
2018-01-22;4,8;null;0;35;null;17,6;null;null;null;
2018-01-23;4,6;null;0;34,8;null;21,2;null;null;null;
2018-01-24;3,5;null;0;32;null;20,8;null;null;null;
2018-01-25;3,8;null;0;33,2;null;20,2;null;null;null;
2018-01-26;4;null;0;34;null;16,6;null;null;null;
2018-01-27;4,6;null;0;34;null;19,8;null;null;null;
2018-01-28;4,8;null;0;34,2;null;19,6;null;null;null;
2018-01-29;5;null;0;34,6;null;21,2;null;null;null;
2018-01-30;3,6;null;7,4;33,6;null;21,6;null;null;null;
2018-01-31;2,8;null;39;29,4;null;19,6;null;null;null;
2018-02-01;2,8;null;3;29,6;null;19,4;null;null;null;
2018-02-02;2;null;16,6;27,6;null;19,2;null;null;null;
2018-02-03;1,5;null;28,2;23,6;null;19;null;null;null;
2018-02-04;2,8;null;14;28,8;null;19;null;null;null;
2018-02-05;2;null;21,6;23,4;null;17,6;null;null;null;
2018-02-06;2;null;25;23;null;17,4;null;null;null;
2018-02-07;2,5;null;6,4;27,6;null;19,2;null;null;null;
2018-02-08;3;null;0;29;null;16,6;null;null;null;
2018-02-09;3,2;null;0;31,6;null;17,8;null;null;null;
2018-02-10;4;null;0;33,8;null;20,2;null;null;null;
2018-02-11;3,2;null;0;31,4;null;18,4;null;null;null;
2018-02-12;4;null;0;33,8;null;17,2;null;null;null;
2018-02-13;2,5;null;0;28,4;null;16,4;null;null;null;
2018-02-14;4;null;0;33,6;null;17,8;null;null;null;
2018-02-15;4;null;0;33,4;null;15,2;null;null;null;
2018-02-16;3;null;0;29,6;null;16,6;null;null;null;
2018-02-17;null;null;null;30,2;null;16;null;null;null;
2018-02-18;2,8;null;0;30;null;16,2;null;null;null;
2018-02-19;2,5;null;11,4;29,5;null;19,2;null;null;null;
2018-02-20;2,4;null;6,6;28,2;null;19,4;null;null;null;
2018-02-21;2,4;null;16,6;29,2;null;19,2;null;null;null;
2018-02-22;2;null;112,4;27,8;null;19,7;null;null;null;
2018-02-23;2,6;null;27,4;29;null;19,2;null;null;null;
2018-02-24;2,4;null;,2;28,4;null;20,2;null;null;null;
2018-02-25;2,2;null;1;28;null;18,2;null;null;null;
2018-02-26;3;null;0;29,6;null;18,8;null;null;null;
2018-02-27;3;null;1,6;30;null;19,2;null;null;null;
2018-02-28;null;null;null;null;null;null;null;null;null;
2018-03-01;4;null;19;33;null;19,6;null;null;null;
2018-03-02;3,5;null;1;32;null;20,6;null;null;null;
2018-03-03;null;null;0;null;null;null;null;null;null;
2018-03-04;3,6;null;0;32,6;null;20,2;null;null;null;
2018-03-05;3,4;null;1,8;32,2;null;19,6;null;null;null;
2018-03-06;3,5;null;0;33;null;19,2;null;null;null;
2018-03-07;5;null;3,8;34,8;null;20,6;null;null;null;
2018-03-08;3;null;34,6;31,6;null;19,2;null;null;null;
2018-03-09;3,2;null;0;32;null;20,2;null;null;null;
2018-03-10;2,5;null;11,4;27;null;19,6;null;null;null;
2018-03-11;3;null;7;29,8;null;20,2;null;null;null;
2018-03-12;3;null;6,4;29,6;null;20,6;null;null;null;
2018-03-13;3,5;null;0;32,8;null;17,4;null;null;null;
2018-03-14;4;null;1;34;null;20,8;null;null;null;
2018-03-15;3,8;null;0;33,6;null;20,8;null;null;null;
2018-03-16;3,8;null;0;33,6;null;19,4;null;null;null;
2018-03-17;3,6;null;17,2;33,4;null;19,2;null;null;null;
2018-03-18;3,4;null;48,2;32,6;null;17,6;null;null;null;
2018-03-19;3,4;null;0;31;null;17,6;null;null;null;
2018-03-20;3,8;null;0;33,4;null;20,6;null;null;null;
2018-03-21;3,2;null;6;31,6;null;20;null;null;null;
2018-03-22;2;null;,2;27;null;19;null;null;null;
2018-03-23;3;null;18;29;null;17,2;null;null;null;
2018-03-24;3;null;0;30,4;null;18,8;null;null;null;
2018-03-25;3;null;0;29,6;null;16,2;null;null;null;
2018-03-26;3,4;null;0;31;null;16,2;null;null;null;
2018-03-27;3,4;null;0;31;null;14,6;null;null;null;
2018-03-28;3,2;null;0;30,8;null;14,2;null;null;null;
2018-03-29;3,4;null;0;31,2;null;16;null;null;null;
2018-03-30;3;null;0;30,6;null;15,2;null;null;null;
2018-03-31;3;null;0;30,6;null;14,2;null;null;null;
2018-04-01;3,4;null;0;31,2;null;14,4;null;null;null;
2018-04-02;4;null;0;32;null;17,2;null;null;null;
2018-04-03;3;null;0;30,8;null;17,2;null;null;null;
2018-04-04;3,4;null;6;32,6;null;20,2;null;null;null;
2018-04-05;3,2;null;0;31;null;18,6;null;null;null;
2018-04-06;3,2;null;1,4;32,4;null;19,4;null;null;null;
2018-04-07;3;null;0;29,6;null;16,8;null;null;null;
2018-04-08;3;null;0;30,4;null;16;null;null;null;
2018-04-09;3,4;null;0;31,4;null;16,2;null;null;null;
2018-04-10;3;null;0;30,4;null;16;null;null;null;
2018-04-11;3;null;0;30,4;null;14,7;null;null;null;
2018-04-12;3;null;0;30;null;16,2;null;null;null;
2018-04-13;3,8;null;0;31,8;null;14,6;null;null;null;
2018-04-14;2,8;null;0;29,2;null;15,2;null;null;null;
2018-04-15;3,8;null;0;31,6;null;18,6;null;null;null;
2018-04-16;2,8;null;0;29,2;null;17,4;null;null;null;
2018-04-17;2;null;0;26,8;null;17,2;null;null;null;
2018-04-18;2,5;null;0;27,6;null;13,2;null;null;null;
2018-04-19;2,5;null;0;27,8;null;12,4;null;null;null;
2018-04-20;2,6;null;0;28;null;12;null;null;null;
2018-04-21;3;null;0;30;null;14;null;null;null;
2018-04-22;3;null;0;29,6;null;14,2;null;null;null;
2018-04-23;2,8;null;0;29;null;12,2;null;null;null;
2018-04-24;2,6;null;0;28,4;null;12,4;null;null;null;
2018-04-25;2,6;null;0;28,6;null;13,2;null;null;null;
2018-04-26;2,6;null;0;29,4;null;17,6;null;null;null;
2018-04-27;3,2;null;0;31;null;13,6;null;null;null;
2018-04-28;3,2;null;0;31;null;14,2;null;null;null;
2018-04-29;3;null;0;30,4;null;11,6;null;null;null;
2018-04-30;3;null;0;30;null;11;null;null;null;
2018-05-01;3;null;0;30;null;10,2;null;null;null;
2018-05-02;2,8;null;0;29,4;null;9,4;null;null;null;
2018-05-03;3,2;null;0;30,6;null;9;null;null;null;
2018-05-04;3,2;null;0;31;null;11,2;null;null;null;
2018-05-05;3,2;null;0;31;null;12;null;null;null;
2018-05-06;3,4;null;0;31,6;null;13,2;null;null;null;
2018-05-07;3;null;0;30;null;12,6;null;null;null;
2018-05-08;2,5;null;0;28,6;null;13,2;null;null;null;
2018-05-09;2,5;null;1;28,4;null;12,8;null;null;null;
2018-05-10;2,4;null;0;27,4;null;10,4;null;null;null;
2018-05-11;3;null;0;29;null;10,4;null;null;null;
2018-05-12;3;null;0;30,6;null;11,2;null;null;null;
2018-05-13;3;null;0;30;null;13,2;null;null;null;
2018-05-14;3,2;null;0;30,2;null;16,2;null;null;null;
2018-05-15;2,8;null;0;29,4;null;13,4;null;null;null;
2018-05-16;2,6;null;0;28,6;null;12,2;null;null;null;
2018-05-17;3,2;null;0;30,6;null;13,2;null;null;null;
2018-05-18;2,8;null;6;29;null;15,2;null;null;null;
2018-05-19;2,8;null;0;28,8;null;13,4;null;null;null;
2018-05-20;2,5;null;12,8;27;null;14,6;null;null;null;
2018-05-21;1,5;null;0;20,8;null;2,6;null;null;null;
2018-05-22;2;null;0;26;null;3,6;null;null;null;
2018-05-23;2,5;null;0;28;null;6,6;null;null;null;
2018-05-24;3;null;0;29,4;null;9,6;null;null;null;
2018-05-25;2,5;null;0;27;null;10,6;null;null;null;
2018-05-26;2,4;null;0;26,4;null;10;null;null;null;
2018-05-27;2,6;null;0;27,4;null;9,2;null;null;null;
2018-05-28;2,6;null;0;27,6;null;8,6;null;null;null;
2018-05-29;2;null;0;26;null;8,6;null;null;null;
2018-05-30;2;null;0;25,2;null;8;null;null;null;
2018-05-31;2,5;null;0;26;null;7,6;null;null;null;
2018-06-01;null;null;null;null;null;null;null;null;null;
2018-06-02;null;null;null;null;null;null;null;null;null;
2018-06-03;null;null;null;null;null;null;null;null;null;
2018-06-04;null;null;null;null;null;null;null;null;null;
2018-06-05;null;null;null;null;null;null;null;null;null;
2018-06-06;null;null;null;null;null;null;null;null;null;
2018-06-07;null;null;null;null;null;null;null;null;null;
2018-06-08;null;null;null;null;null;null;null;null;null;
2018-06-09;null;null;null;null;null;null;null;null;null;
2018-06-10;null;null;null;null;null;null;null;null;null;
2018-06-11;null;null;null;null;null;null;null;null;null;
2018-06-12;null;null;null;null;null;null;null;null;null;
2018-06-13;null;null;null;null;null;null;null;null;null;
2018-06-14;null;null;null;null;null;null;null;null;null;
2018-06-15;null;null;null;null;null;null;null;null;null;
2018-06-16;null;null;null;null;null;null;null;null;null;
2018-06-17;null;null;null;null;null;null;null;null;null;
2018-06-18;null;null;null;null;null;null;null;null;null;
2018-06-19;null;null;null;null;null;null;null;null;null;
2018-06-20;null;null;null;null;null;null;null;null;null;
2018-06-21;null;null;null;null;null;null;null;null;null;
2018-06-22;null;null;null;null;null;null;null;null;null;
2018-06-23;null;null;null;null;null;null;null;null;null;
2018-06-24;null;null;null;null;null;null;null;null;null;
2018-06-25;null;null;null;null;null;null;null;null;null;
2018-06-26;null;null;null;null;null;null;null;null;null;
2018-06-27;null;null;null;null;null;null;null;null;null;
2018-06-28;null;null;null;null;null;null;null;null;null;
2018-06-29;null;null;null;null;null;null;null;null;null;
2018-06-30;null;null;null;null;null;null;null;null;null;
2018-07-01;null;null;null;null;null;null;null;null;null;
2018-07-02;null;null;null;null;null;null;null;null;null;
2018-07-03;null;null;null;null;null;null;null;null;null;
2018-07-04;null;null;null;null;null;null;null;null;null;

