Nome: MONTE SANTO
Codigo Estacao: 83090
Latitude: -10.44249999
Longitude: -39.33083332
Altitude: 465.84
Situacao: Fechada
Data Inicial: 2015-01-01
Data Final: 2020-04-30
Periodicidade da Medicao: Diaria

Data Medicao;EVAPORACAO DO PICHE, DIARIA(mm);INSOLACAO TOTAL, DIARIO(h);PRECIPITACAO TOTAL, DIARIO(mm);TEMPERATURA MAXIMA, DIARIA(°C);TEMPERATURA MEDIA COMPENSADA, DIARIA(°C);TEMPERATURA MINIMA, DIARIA(°C);UMIDADE RELATIVA DO AR, MEDIA DIARIA(%);UMIDADE RELATIVA DO AR, MINIMA DIARIA(%);VENTO, VELOCIDADE MEDIA DIARIA(m/s);
2015-01-01;4,1;10,3;0;null;null;21,9;61,5;null;null;
2015-01-02;5,8;8,5;0;null;null;22,3;59,3;null;null;
2015-01-03;4,7;7,3;0;null;null;22,1;68;null;null;
2015-01-04;4,7;8,7;0;null;null;21,7;57,5;null;null;
2015-01-05;3,7;8,8;0;null;null;20,2;59,8;44;null;
2015-01-06;4,9;7,3;0;null;null;21;58;null;null;
2015-01-07;4,9;9,2;0;null;null;21,9;62,3;null;null;
2015-01-08;4,2;2,2;1,6;null;null;21,2;81,8;null;null;
2015-01-09;1,8;9,6;5;null;null;20,4;59,3;null;null;
2015-01-10;4,1;10,1;0;null;null;20,6;59,5;null;null;
2015-01-11;4,6;7,6;,1;null;null;22;63,8;null;null;
2015-01-12;5,3;9;0;null;null;22;58;null;null;
2015-01-13;5,1;8,6;0;null;null;21,2;52;null;null;
2015-01-14;4,1;9,9;0;null;null;20,6;52,5;null;null;
2015-01-15;6;10;0;null;null;21;53,5;null;null;
2015-01-16;5;8;0;null;null;21;50;null;null;
2015-01-17;4,8;10,1;0;null;null;20,7;58,3;null;null;
2015-01-18;4,2;9,6;0;null;null;21,7;57;null;null;
2015-01-19;5,7;7,6;0;null;null;22,1;63,3;null;null;
2015-01-20;5,1;9;0;null;null;21,5;64,3;null;null;
2015-01-21;4,2;6;0;null;null;21,5;52,3;null;0;
2015-01-22;4,8;7,8;0;null;null;21,4;55,3;null;null;
2015-01-23;7,2;7,9;0;null;null;22,6;53,8;null;null;
2015-01-24;6,8;8,3;0;null;null;22;63;null;0;
2015-01-25;4;4,1;0;null;null;21,3;77;null;null;
2015-01-26;3,8;8,3;13,7;null;null;21,6;55;null;null;
2015-01-27;3,5;7,1;0;null;null;20,7;64;null;null;
2015-01-28;4,5;null;0;null;null;20,8;59,3;null;null;
2015-01-29;6,2;9,4;0;null;null;23,4;52,3;null;null;
2015-01-30;2;5,8;1,3;null;null;22,1;59,5;null;null;
2015-01-31;4,7;5,6;0;null;null;19,7;57;null;null;
2015-02-01;5,5;7,9;0;null;null;18,5;55;37;null;
2015-02-02;5,4;8,9;0;null;null;21;58,5;32;null;
2015-02-03;4,3;6,1;0;null;null;21,9;59;40;null;
2015-02-04;4,9;7,7;0;null;null;19,7;76,8;56;null;
2015-02-05;3,1;3,7;1,2;null;null;22,2;68;62;null;
2015-02-06;3;8;9,4;null;null;22,2;49;42;null;
2015-02-07;4;9,7;0;null;null;23;51,5;41;null;
2015-02-08;5;5;0;null;null;22,2;50;44;null;
2015-02-09;6;9,3;0;null;null;21,9;55,8;33;null;
2015-02-10;4,3;null;0;null;null;21,6;57;34;null;
2015-02-11;4,7;9,7;0;null;null;21,7;58,3;40;null;
2015-02-12;6,3;7,4;0;null;null;19,3;50,3;29;null;
2015-02-13;6,4;9,6;0;null;null;22,5;50,5;31;null;
2015-02-14;6,5;6,5;0;null;null;21,7;53,5;38;null;
2015-02-15;,7;7,7;0;null;null;22,3;67,5;39;null;
2015-02-16;5,2;8,9;41;null;null;22,1;61,5;33;null;
2015-02-17;4,7;9,2;0;null;null;22,7;59,3;33;null;
2015-02-18;5,9;3,8;0;null;null;20,5;76;64;null;
2015-02-19;2;5,1;16,3;null;null;22;79,5;64;null;
2015-02-20;2,1;8;11;null;null;18,6;77,8;47;null;
2015-02-21;2,9;3,8;31,2;null;null;18,5;80;50;null;
2015-02-22;1,2;,5;4,2;null;null;20,8;93,5;88;null;
2015-02-23;,9;,5;40,7;null;null;20,2;93,5;81;null;
2015-02-24;,8;3,9;17,7;null;null;21,1;88,3;78;null;
2015-02-25;1,2;4,5;4,1;null;null;22;70,3;52;null;
2015-02-26;2;null;0;null;null;21,5;72,8;66;null;
2015-02-27;2,8;9,5;0;null;null;22;58,5;39;null;
2015-02-28;3,7;9,9;0;null;null;22,7;49,5;31;null;
2015-03-01;3,8;6,1;0;null;null;21,3;60,5;null;null;
2015-03-02;2,3;9,6;1,1;null;null;23;62;null;null;
2015-03-03;2,8;9,9;0;null;null;22,1;58;null;0;
2015-03-04;6,9;9,6;0;null;null;21;56,5;null;null;
2015-03-05;4,1;9,8;0;null;null;21,6;66;null;null;
2015-03-06;3,7;8,8;0;null;null;23;65,5;null;null;
2015-03-07;4,8;7,4;0;null;null;21,3;61;null;null;
2015-03-08;3,5;10;0;null;null;21,5;55;null;null;
2015-03-09;4,5;null;0;null;null;21,7;57,5;null;null;
2015-03-10;4,8;null;0;null;null;20,1;55;35;null;
2015-03-11;2,3;9,5;0;null;null;22,4;57,8;null;null;
2015-03-12;5,1;9,7;0;null;null;22,2;55,3;null;null;
2015-03-13;4,6;9,6;0;null;null;22,3;70;null;null;
2015-03-14;4,9;6;0;null;null;21,5;59;null;null;
2015-03-15;3,7;9,6;0;null;null;21,5;58,8;null;null;
2015-03-16;1,6;7,5;0;null;null;20,7;62;null;null;
2015-03-17;4,4;8,8;0;null;null;19,7;52;null;null;
2015-03-18;4,9;5,1;0;null;null;22,5;56,8;null;null;
2015-03-19;4;3,6;0;null;null;22,2;59,8;null;null;
2015-03-20;3,9;4,1;0;null;null;21,6;63,8;null;null;
2015-03-21;2,3;4,7;0;null;null;22,4;61,8;null;null;
2015-03-22;4,5;1,3;0;null;null;22,4;60,5;null;0;
2015-03-23;4,3;1,2;0;null;null;24;63;null;null;
2015-03-24;3,9;10,3;0;null;null;22;54,3;null;null;
2015-03-25;5,3;9;0;null;null;23,8;58,3;null;null;
2015-03-26;5,6;8,9;0;null;null;22,9;60,3;null;null;
2015-03-27;4,4;9,5;0;null;null;21,9;58,3;null;null;
2015-03-28;5;5,8;0;null;null;22;56,3;null;null;
2015-03-29;4,8;10,4;0;null;null;21;57,8;null;0;
2015-03-30;5,8;7,5;0;null;null;22,8;52,8;null;null;
2015-03-31;5,7;9,3;0;null;null;21,4;57,3;null;null;
2015-04-01;5,4;10,3;0;null;null;21;51,5;null;null;
2015-04-02;6;9,3;0;null;null;22;49,8;null;null;
2015-04-03;6;1,3;0;null;null;20,8;51,8;null;null;
2015-04-04;6;7,7;0;null;null;21,8;53;null;null;
2015-04-05;5;8,8;0;null;null;21,9;51,5;null;null;
2015-04-06;6;9,3;0;null;null;22;52,3;null;null;
2015-04-07;5,4;9,6;4,3;null;null;24;50;null;null;
2015-04-08;3,6;1,5;25;null;null;21,5;75,8;null;null;
2015-04-09;2,1;4,5;2,7;null;null;22;82,8;null;null;
2015-04-10;2;8,5;3,5;null;null;21,7;65;null;null;
2015-04-11;3;2,8;,2;null;null;22;84,3;null;null;
2015-04-12;2,3;4,7;0;null;null;21,5;69;null;null;
2015-04-13;2,4;4,4;5;null;null;20,1;74;null;null;
2015-04-14;2,2;3,2;1;null;null;22,6;82,5;null;null;
2015-04-15;1,9;6,1;,3;null;null;22;70;null;null;
2015-04-16;2,5;6,9;0;null;null;22;57,5;null;null;
2015-04-17;4;10,2;0;null;null;22;63,3;null;null;
2015-04-18;4,1;7,5;0;null;null;22,2;66,3;null;null;
2015-04-19;4;9,3;0;null;null;21,9;50,3;null;null;
2015-04-20;6;8,5;0;null;null;22,5;59,8;null;null;
2015-04-21;4,1;6,1;0;null;null;23;57,5;null;null;
2015-04-22;4,7;7,7;0;null;null;22,7;57;null;null;
2015-04-23;5,8;7;0;null;null;24,1;60,3;null;null;
2015-04-24;3;7,3;5;null;null;23;70,8;null;0;
2015-04-25;3,4;7,6;2;null;null;22,4;49,3;null;null;
2015-04-26;4,1;8,2;0;null;null;22,6;63,5;null;null;
2015-04-27;2,9;4,3;1,8;null;null;24,5;67,3;null;null;
2015-04-28;3;7,6;7;null;null;21,8;68,8;51;null;
2015-04-29;5,3;7,8;0;null;null;22,4;68;null;null;
2015-04-30;6,7;10,1;0;null;null;22,1;62,5;null;null;
2015-05-01;4,5;4,4;0;null;null;22,1;67,5;null;null;
2015-05-02;3,5;,9;0;null;null;21,9;75,3;null;null;
2015-05-03;2,2;1,5;0;null;null;21,9;88,5;null;null;
2015-05-04;1;8;9;null;null;21;68,3;null;null;
2015-05-05;2,4;6,3;0;null;null;21,8;71,8;null;null;
2015-05-06;2,4;8;0;null;null;21,6;64,5;null;null;
2015-05-07;3,5;6,8;0;null;null;21,6;61,5;null;null;
2015-05-08;3,3;8,7;0;null;null;21,7;66,8;null;null;
2015-05-09;4;6,7;0;null;null;21,6;62,3;null;null;
2015-05-10;2,7;5,3;0;null;null;21,9;69;null;null;
2015-05-11;4,1;9,9;0;null;null;23;64,8;null;null;
2015-05-12;4,3;8,9;0;null;null;22;62;null;null;
2015-05-13;4,7;6,1;0;null;null;22,6;69,5;51;null;
2015-05-14;4;5,7;0;null;null;22,4;80;null;null;
2015-05-15;2,4;1,5;7;null;null;21,6;90;null;null;
2015-05-16;,5;0;6;null;null;20;89,3;null;null;
2015-05-17;,5;4,3;4,1;null;null;21,3;79;null;null;
2015-05-18;,9;3,6;22,2;null;null;20,3;94,5;null;null;
2015-05-19;,6;2,5;8,8;null;null;20,1;91;null;null;
2015-05-20;1,6;3,8;,9;null;null;21,4;79;null;null;
2015-05-21;1;5,8;,5;null;null;21,6;85,5;null;null;
2015-05-22;1,4;1,3;9,4;null;null;20,6;91;null;null;
2015-05-23;,8;0;15,7;null;null;20,4;90;null;null;
2015-05-24;,5;2,3;11;null;null;20,2;86,5;null;null;
2015-05-25;,6;3,7;2,6;null;null;21;90,3;null;null;
2015-05-26;1;4,6;16,6;null;null;21,7;89,3;null;null;
2015-05-27;1,1;2,9;6,5;null;null;21,9;80,5;null;null;
2015-05-28;1,8;8,8;0;null;null;20,6;77,5;null;null;
2015-05-29;2,8;8,7;0;null;null;20,4;78,3;null;0;
2015-05-30;2,2;8,8;0;null;null;20,9;75;null;null;
2015-05-31;2,5;4,5;0;null;null;20,7;79,3;null;null;
2015-06-01;1,8;5,2;1;null;null;20,5;77,5;null;null;
2015-06-02;1,6;5,5;,5;null;null;20,7;85,8;null;null;
2015-06-03;1,7;4,1;3,9;null;null;20,3;84,3;null;null;
2015-06-04;,9;3,5;3,5;null;null;20,7;89;null;null;
2015-06-05;1,1;5,8;5,1;null;null;20,3;84,3;null;null;
2015-06-06;1;null;,5;null;null;20,7;86,5;null;null;
2015-06-07;1;3,1;5,8;null;null;21,4;83,8;null;null;
2015-06-08;1,2;1,8;1;null;null;20,4;83;null;null;
2015-06-09;1;4,6;2,8;null;null;21,6;76;null;null;
2015-06-10;2;8,4;0;null;null;20,2;74,8;null;null;
2015-06-11;2,1;2;2;null;null;21,2;82;null;0;
2015-06-12;1,7;1,8;,7;null;null;20,2;76,8;null;null;
2015-06-13;1,7;1,5;0;null;null;20,6;78;null;null;
2015-06-14;1,8;1,8;,1;null;null;21,1;82,3;null;0;
2015-06-15;1,1;3,1;2;null;null;20,8;79;null;null;
2015-06-16;1,4;10,2;0;null;null;20,7;80,5;null;null;
2015-06-17;2,6;9,2;0;null;null;21,2;86,5;null;null;
2015-06-18;2,2;3;0;null;null;18,5;84,5;null;null;
2015-06-19;1,7;3,9;,2;null;null;18,1;86,8;null;null;
2015-06-20;1,4;5;11,1;null;null;20,2;85,8;null;null;
2015-06-21;1,9;2,8;,1;null;null;18,5;86;null;null;
2015-06-22;1,1;1,9;2,2;null;null;18;85,5;null;0;
2015-06-23;1,8;0;1;null;null;17,8;90,8;null;null;
2015-06-24;1,2;1,1;11,2;null;null;17;86;null;null;
2015-06-25;,8;0;4,6;null;null;20;85,8;null;null;
2015-06-26;,2;2,8;3,2;null;null;18,7;88;null;null;
2015-06-27;,4;0;2,9;null;null;17,8;95,3;91;null;
2015-06-28;,5;0;2,8;null;null;18;84;null;null;
2015-06-29;,5;2,1;3,9;null;null;19,2;89;null;null;
2015-06-30;1,5;1,3;1,2;null;null;20,1;89,5;null;null;
2015-07-01;,8;1,9;15,6;null;null;19,9;87;null;null;
2015-07-02;1,1;3,8;0;null;null;18,2;87,8;null;null;
2015-07-03;1,4;,7;,1;null;null;19,9;92,3;null;null;
2015-07-04;1;4,9;0;null;null;21,3;86,5;null;null;
2015-07-05;1,2;3,6;,3;null;null;21,3;77,5;null;null;
2015-07-06;1,6;7,8;,4;null;null;19,9;79;null;null;
2015-07-07;2;7;,4;null;null;18;83;null;null;
2015-07-08;2;4,2;9;null;null;19,8;80,5;null;null;
2015-07-09;1,7;1;0;null;null;19,9;81;null;0;
2015-07-10;1;5,7;2,4;null;null;19,2;76,8;null;0;
2015-07-11;1,2;6,9;0;null;null;18,8;76,8;null;null;
2015-07-12;2,8;3,8;0;null;null;18,7;80,5;null;null;
2015-07-13;1,4;9;,8;null;null;18,8;71,3;null;null;
2015-07-14;1,3;9,5;0;null;null;19,1;72,5;null;null;
2015-07-15;2;6,4;,6;null;null;18;82,5;null;null;
2015-07-16;3,3;4,8;5;null;null;18,7;90,8;null;null;
2015-07-17;1,4;7,7;3,4;null;null;17,9;85,3;null;null;
2015-07-18;2,4;6,2;1;null;null;17,6;87,8;null;null;
2015-07-19;2,3;8,2;0;null;null;18,3;88,3;null;null;
2015-07-20;2,2;7,3;,3;null;null;19,4;91,5;null;null;
2015-07-21;1,5;7,5;1,3;null;null;18,6;87;null;null;
2015-07-22;2,6;9;0;null;null;18,5;83,8;null;null;
2015-07-23;2,3;1,1;,3;null;null;17,5;89,8;null;null;
2015-07-24;1;4,6;12,3;null;null;18,7;95;null;null;
2015-07-25;,9;8,6;9,5;null;null;20,1;87,5;null;null;
2015-07-26;1,7;1,9;,7;null;null;19,7;85;null;null;
2015-07-27;1,6;9,7;,8;null;null;18;72,3;null;0;
2015-07-28;2,8;6,2;0;null;null;18,4;70,3;56;0;
2015-07-29;1,9;8,6;0;null;null;18;74,3;null;null;
2015-07-30;3;5,2;2,1;null;null;18,6;81,3;null;0;
2015-07-31;1,3;5,3;,4;null;null;17,8;80,5;null;0;
2015-08-01;2,3;5,6;,5;null;null;16,4;75,3;null;null;
2015-08-02;1,7;6,5;,9;null;null;17,6;84,3;null;null;
2015-08-03;1,9;3,8;0;null;null;17,6;84,5;null;null;
2015-08-04;,7;10;0;null;null;17,6;84;null;null;
2015-08-05;4,1;9,3;0;null;null;18,8;79,5;46;null;
2015-08-06;,3;1,8;2,7;null;null;20,3;89;null;null;
2015-08-07;1,4;9,4;5,9;null;null;18,5;84,8;null;null;
2015-08-08;3;5,1;0;null;null;18,4;85,5;null;null;
2015-08-09;3,3;2,3;0;null;null;17,4;89;null;null;
2015-08-10;,3;,5;5,8;null;null;17,9;90,3;null;null;
2015-08-11;2,2;3,8;6,2;null;null;17,4;91;null;null;
2015-08-12;1;2,7;2,7;null;null;16;89,8;null;null;
2015-08-13;1,4;9,7;2,6;null;null;16,2;77,3;null;null;
2015-08-14;2,6;5,4;3;null;null;18;81,5;null;null;
2015-08-15;2;5,1;,9;null;null;19,2;73,8;null;null;
2015-08-16;1,8;8;,8;null;null;18,4;81,5;null;null;
2015-08-17;2;6,3;,8;null;null;16,8;87,5;null;null;
2015-08-18;2,1;8,6;0;null;null;19,2;87;null;null;
2015-08-19;2,2;1,8;4,3;null;null;19,3;92,3;null;null;
2015-08-20;,5;9,2;4,4;null;null;17,4;78;null;null;
2015-08-21;2,5;9,9;0;null;null;18,6;72;null;null;
2015-08-22;2,5;7,9;0;null;null;20,3;81,3;null;null;
2015-08-23;2,6;8,5;0;null;null;20;80;null;null;
2015-08-24;1,8;9;0;null;null;18,2;70,5;null;0;
2015-08-25;3,8;7,9;0;null;null;17,9;68,3;null;null;
2015-08-26;9,8;7,5;0;null;null;19,9;61,8;null;0;
2015-08-27;4,2;4,7;0;null;null;21;65,5;null;null;
2015-08-28;3,2;10;0;null;null;18,8;65,3;null;null;
2015-08-29;6,8;9,4;0;null;null;18;64;null;null;
2015-08-30;4,7;9,5;0;null;null;20,1;63;null;null;
2015-08-31;5,1;7,1;0;null;null;18,1;78,8;null;null;
2015-09-01;3,1;6,1;0;null;null;18,6;76,3;null;null;
2015-09-02;3,5;10;0;null;null;18,1;73,5;null;null;
2015-09-03;3,6;9,6;0;null;null;18,1;71,3;null;null;
2015-09-04;4,7;9,1;0;null;null;17,6;62,8;null;null;
2015-09-05;5,2;8,9;0;null;null;20,4;63,5;null;null;
2015-09-06;6,2;10,5;0;null;null;19,7;63,3;null;null;
2015-09-07;4,8;10,1;0;null;null;19,7;58,8;null;0;
2015-09-08;5,2;10,3;0;null;null;18,6;57,5;null;0;
2015-09-09;5;9,4;0;null;null;19,8;53,8;null;null;
2015-09-10;4,9;9,2;0;null;null;18,8;53;null;null;
2015-09-11;4,9;10,1;0;null;null;18,2;59,8;null;0;
2015-09-12;6,6;10,5;0;null;null;18,5;57,5;null;null;
2015-09-13;4,5;9,8;0;null;null;20,6;56,3;null;null;
2015-09-14;6,1;10,4;0;null;null;19,5;65,8;null;null;
2015-09-15;2,8;7,1;2;null;null;20,6;70,8;null;null;
2015-09-16;4;7,7;3,8;null;null;18,8;77;null;null;
2015-09-17;3,5;8,3;0;null;null;19,8;73,5;null;null;
2015-09-18;4,5;8,5;0;null;null;18,8;84,8;null;null;
2015-09-19;1,7;7,6;1,3;null;null;19,3;74,3;null;null;
2015-09-20;3,7;6;0;null;null;21,2;70,5;null;null;
2015-09-21;2,4;8,5;0;null;null;18,7;66,3;null;null;
2015-09-22;4,5;10,4;0;null;null;18,6;61,3;null;null;
2015-09-23;5,4;10,4;0;null;null;20,8;61,5;null;null;
2015-09-24;5,1;8,7;0;null;null;19,2;63,5;null;null;
2015-09-25;5;8,7;0;null;null;20,8;53,5;null;null;
2015-09-26;5,6;10,3;0;null;null;20,4;60,3;51;5,1;
2015-09-27;5,4;5,8;0;null;null;20,9;55,5;null;null;
2015-09-28;4,7;9,5;0;null;null;20,2;64,3;null;null;
2015-09-29;4,3;10,4;0;null;null;20,3;60,5;null;null;
2015-09-30;6,4;9,9;0;null;null;20,3;70;null;null;
2015-10-01;6;8,9;0;null;null;21,9;60,3;null;null;
2015-10-02;6,2;10;0;null;null;18,6;68,8;null;null;
2015-10-03;,2;9,3;0;null;null;20,3;62;null;null;
2015-10-04;5,7;10,5;0;null;null;20,5;59,8;null;null;
2015-10-05;5,6;9,8;0;null;null;20,6;41,8;null;null;
2015-10-06;6,6;6,4;0;null;null;22,2;55;null;0;
2015-10-07;5;7,1;0;null;null;25;58,5;44;null;
2015-10-08;5,1;1,4;1,5;null;null;20;71,5;null;null;
2015-10-09;2,1;1,2;2,8;null;null;19,9;81,5;null;null;
2015-10-10;2;9,5;1,6;null;null;20;62,8;null;null;
2015-10-11;5,6;9,7;0;null;null;18,8;68,8;null;null;
2015-10-12;5,2;7,8;0;null;null;19,3;72,8;null;null;
2015-10-13;5,1;9,5;0;null;null;19,9;69,8;null;null;
2015-10-14;5,4;4,5;0;null;null;21,3;69,8;null;null;
2015-10-15;4;6;0;null;null;20,7;68;null;null;
2015-10-16;4,8;8,5;0;null;null;20,9;66,5;null;null;
2015-10-17;4,9;9,9;0;null;null;19,9;64,3;null;null;
2015-10-18;4,2;10,4;0;null;null;19,3;58,8;null;null;
2015-10-19;7,6;8,6;0;null;null;21;61,5;null;null;
2015-10-20;4,1;8,7;0;null;null;20,7;61,3;null;null;
2015-10-21;5;10,5;0;null;null;20,4;52;null;null;
2015-10-22;5,9;9,7;0;null;null;19,8;48;null;null;
2015-10-23;5;10,1;0;null;null;22;47;null;null;
2015-10-24;5,6;8,9;0;null;null;21,6;44,3;null;null;
2015-10-25;5,1;9,9;0;null;null;22,7;51,8;null;null;
2015-10-26;4,5;10,4;0;null;null;20,7;68,5;null;null;
2015-10-27;4,8;10,2;0;null;null;20,3;56,3;null;null;
2015-10-28;5,7;null;0;null;null;20,7;57,8;null;null;
2015-10-29;6;10,7;0;null;null;20,7;51,3;null;null;
2015-10-30;6;5,2;0;null;null;22,1;56,5;null;null;
2015-10-31;5,6;5,7;0;null;null;21,3;66,5;null;null;
2015-11-01;4,2;7,5;0;null;null;20,6;62;null;null;
2015-11-02;5;10;0;null;null;21;56,5;null;null;
2015-11-03;5,4;10,4;0;null;null;21,8;54,3;null;null;
2015-11-04;5,3;9,7;0;null;null;20,1;50,5;null;0;
2015-11-05;5;10,5;0;null;null;20;50;null;null;
2015-11-06;7;10,8;0;null;null;20,6;44;null;null;
2015-11-07;6;10,3;0;null;null;20,8;46,3;null;0;
2015-11-08;6,1;8,8;0;null;null;20,9;49,8;null;null;
2015-11-09;6;10;0;null;null;19,7;60;null;null;
2015-11-10;3,9;7,1;0;null;null;21;57,5;null;null;
2015-11-11;7;10,1;0;null;null;19,2;53;null;null;
2015-11-12;4,3;10,7;0;null;null;20,3;50,3;null;null;
2015-11-13;5,3;10,8;0;null;null;20,7;49,3;null;null;
2015-11-14;3,1;10,1;0;null;null;22;42,5;null;null;
2015-11-15;6,4;9,7;0;null;null;22;41,5;null;null;
2015-11-16;7,2;8,6;0;null;null;22,3;47;null;null;
2015-11-17;6,1;10,3;0;null;null;21,9;45;null;null;
2015-11-18;7,5;11,2;0;null;null;21;54,5;null;null;
2015-11-19;7,4;8;0;null;null;23;55,5;null;null;
2015-11-20;5,8;9,6;0;null;null;22;50;null;null;
2015-11-21;1;9,1;0;null;null;20;57,8;null;null;
2015-11-22;3;10,2;0;null;null;23;54,8;null;null;
2015-11-23;7,8;9,6;0;null;null;18,6;48,5;null;null;
2015-11-24;5,2;7,1;0;null;null;21,7;49,3;null;null;
2015-11-25;6,5;10,5;0;null;null;20,5;47;null;null;
2015-11-26;8,5;10,2;0;null;null;23,7;42,8;null;null;
2015-11-27;5,2;5,6;0;null;null;24,3;52,8;null;null;
2015-11-28;6,2;9,2;0;null;null;23,5;51,8;null;null;
2015-11-29;6;11,1;0;null;null;22,2;53,3;34;null;
2015-11-30;7,6;10,6;0;null;null;20,1;54,8;39;null;
2015-12-01;7,9;9,9;0;null;null;21;57,5;null;null;
2015-12-02;6,3;9,4;0;null;null;21,2;59,8;null;null;
2015-12-03;5,6;11,2;0;null;null;21;57,3;null;null;
2015-12-04;8,1;9,8;0;null;null;23,9;53,5;null;null;
2015-12-05;8,5;10,2;0;null;null;25;60;null;null;
2015-12-06;7;8,6;1;null;null;23,4;56,5;null;null;
2015-12-07;6,4;9,4;0;null;null;22,4;54,3;null;null;
2015-12-08;6,6;11,2;0;null;null;21,3;51,3;null;null;
2015-12-09;8,6;9,2;0;null;null;22,3;55,8;null;null;
2015-12-10;6,9;10,2;0;null;null;22,2;55,5;null;null;
2015-12-11;4,6;11,6;0;null;null;21,6;56,8;null;null;
2015-12-12;5,4;10,3;0;null;null;21,6;60;null;null;
2015-12-13;6,7;10,5;0;null;null;21,7;56,5;null;null;
2015-12-14;6,7;10,5;0;null;null;21,8;69;null;null;
2015-12-15;4,3;10,2;0;null;null;20,6;65;null;null;
2015-12-16;6;11,2;0;null;null;20,9;59,8;null;null;
2015-12-17;6,7;8,3;0;null;null;22,1;54;null;null;
2015-12-18;7,3;10,6;0;null;null;21;57,5;null;null;
2015-12-19;6,7;6,4;0;null;null;22;74,3;null;null;
2015-12-20;7;2,8;0;null;null;21,6;68,8;null;null;
2015-12-21;5;,6;0;null;null;18,3;68,8;null;null;
2015-12-22;7,4;8;0;null;null;20,5;66,8;null;null;
2015-12-23;5,5;10,1;0;null;null;21,3;58,8;null;null;
2015-12-24;6,8;9,3;0;null;null;18,1;59,8;null;null;
2015-12-25;5,5;6,8;0;null;null;18,7;62,8;null;null;
2015-12-26;5,7;8,7;0;null;null;18,5;54,5;null;null;
2015-12-27;7,1;6,3;0;null;null;18,3;61,8;null;null;
2015-12-28;6;3,3;0;null;null;21,4;72,8;null;null;
2015-12-29;5;2,6;0;null;null;22,6;75,5;null;null;
2015-12-30;3;9;,4;null;null;22,5;63,5;50;null;
2015-12-31;5,6;8,6;0;null;null;22,6;60,3;44;null;
2016-01-01;null;9,2;0;null;null;22,2;60,8;null;null;
2016-01-02;7;11,1;0;null;null;21,9;56;null;0;
2016-01-03;7;10,4;0;null;null;24;53,3;null;null;
2016-01-04;4,2;5,4;0;null;null;19,3;75,8;null;null;
2016-01-05;6,5;7,2;33,9;null;null;18,1;72,8;null;null;
2016-01-06;2,9;0;31,7;null;null;18,3;79,8;null;null;
2016-01-07;1,2;3,4;2,4;null;null;21,5;64,3;null;null;
2016-01-08;3,5;,9;20;null;null;17,6;79;null;null;
2016-01-09;1,6;3,7;,3;null;null;20,5;73,8;null;null;
2016-01-10;2,7;7,8;,9;null;null;22,3;69;null;null;
2016-01-11;4,2;8,9;0;null;null;22,9;71,3;null;null;
2016-01-12;4;8,2;0;null;null;22,7;68,3;null;null;
2016-01-13;4;,7;0;null;null;21,5;63,8;null;null;
2016-01-14;3;4,4;0;null;null;19,7;72,3;null;null;
2016-01-15;2,9;5,7;18,3;null;null;22,1;58,5;null;null;
2016-01-16;3;5,2;0;null;null;20,5;65,3;null;null;
2016-01-17;2,9;0;,1;null;null;20,5;66,5;null;null;
2016-01-18;1,8;4,9;1,2;null;null;17,4;64,8;null;null;
2016-01-19;2,7;4,8;0;null;null;19,8;63,5;58;null;
2016-01-20;3,3;0;17,4;null;null;21,7;70,5;null;null;
2016-01-21;1;2,2;11,8;null;null;18,5;75,8;null;null;
2016-01-22;1,4;0;39,7;null;null;21,2;94,3;null;null;
2016-01-23;,7;4,7;33;null;null;20,5;70,3;null;null;
2016-01-24;2,7;1,4;,1;null;null;19,5;71,5;null;null;
2016-01-25;1,9;6,5;3,6;null;null;19,3;60,5;null;null;
2016-01-26;2,9;6,8;0;null;null;18,1;60,5;null;null;
2016-01-27;3,4;3,7;0;null;null;18,7;72,8;null;null;
2016-01-28;2;10,3;,1;null;null;18,3;65,3;null;null;
2016-01-29;4,1;9,9;0;null;null;18,6;69,3;null;null;
2016-01-30;5;10,2;0;null;null;20,8;79,5;null;null;
2016-01-31;2,6;8,5;,4;null;null;20,7;78,8;null;null;
2016-02-01;2,5;4,4;3,3;null;null;21,4;84,8;null;null;
2016-02-02;1,5;7,1;15,6;null;null;21,9;83,3;null;null;
2016-02-03;2,4;0;1;null;null;20,3;72,5;null;null;
2016-02-04;2,6;8,5;0;null;null;18,6;65,8;null;null;
2016-02-05;3,7;9,6;0;null;null;17,5;64,3;null;null;
2016-02-06;4,2;10,7;0;null;null;21,6;73,8;null;0;
2016-02-07;3,6;10,1;0;null;null;20,6;70,5;null;null;
2016-02-08;4,4;10,7;0;null;null;20,6;70,8;null;null;
2016-02-09;3,9;9,3;0;null;null;20,9;65,8;null;0;
2016-02-10;4;8,7;0;null;null;22,2;71;null;0;
2016-02-11;3,1;10,7;0;null;null;22,1;70,3;null;0;
2016-02-12;4;10,8;0;null;null;21,8;56,8;null;null;
2016-02-13;6,9;8;0;null;null;22,5;67,3;null;null;
2016-02-14;3,8;3;0;null;null;22,8;85,3;null;0;
2016-02-15;1,8;9,9;5;null;null;20,9;80;null;null;
2016-02-16;2,4;6,5;1,1;null;null;22,8;74,8;null;null;
2016-02-17;3,6;10;0;null;null;21,6;64,3;null;null;
2016-02-18;4;8,2;0;null;null;21,2;65,3;null;null;
2016-02-19;3,4;1,1;0;null;null;20,5;86,5;null;null;
2016-02-20;2;5,8;9,2;null;null;20,5;82;null;0;
2016-02-21;2,1;10,1;1;null;null;20,8;75,5;null;null;
2016-02-22;2,9;8,9;,5;null;null;21,8;75,3;null;null;
2016-02-23;3,7;8,2;0;null;null;21,7;71;null;null;
2016-02-24;1,3;9;0;null;null;21,9;74,8;null;null;
2016-02-25;5,4;6,1;0;null;null;22,4;72,8;null;null;
2016-02-26;4,8;6,1;0;null;null;22,1;62,5;null;null;
2016-02-27;4,7;9,1;0;null;null;22;66,8;null;null;
2016-02-28;4,1;2,8;0;null;null;21,8;78,5;69;0;
2016-02-29;,8;9,9;,2;null;null;21,9;64,8;45;null;
2016-03-01;6,7;10,5;0;null;null;21,6;65,5;null;null;
2016-03-02;4,9;8,4;0;null;null;21,6;73,3;null;null;
2016-03-03;2,9;7,5;0;null;null;18,1;58,3;null;null;
2016-03-04;4,6;6,1;0;null;null;18,5;60;null;null;
2016-03-05;4,1;7,7;0;null;null;20,3;57,8;null;null;
2016-03-06;3,5;9,7;0;null;null;18,5;64,8;null;null;
2016-03-07;4,6;9,2;0;null;null;21,6;56,8;null;null;
2016-03-08;5,1;7;0;null;null;17,7;63,8;null;null;
2016-03-09;4;8,4;0;null;null;19,5;56,3;null;null;
2016-03-10;2,7;8,6;0;null;null;18,3;56,5;null;null;
2016-03-11;4,6;9,8;0;null;null;17,1;53;null;null;
2016-03-12;4,8;10,3;0;null;null;18,5;57,5;null;null;
2016-03-13;4,8;9,8;0;null;null;18,3;58,5;null;null;
2016-03-14;5,7;8,3;0;null;null;22;61;null;null;
2016-03-15;4,5;8,8;0;null;null;21,8;63,8;null;null;
2016-03-16;null;null;0;null;null;21,9;63,3;null;null;
2016-03-17;7,8;7,3;0;null;null;22,6;73,3;null;null;
2016-03-18;3,9;2,7;0;null;null;21;72,3;null;null;
2016-03-19;4,1;7,1;0;null;null;21,9;70;null;null;
2016-03-20;4;5,3;0;null;null;22,6;64,5;null;0;
2016-03-21;3,5;9,6;0;null;null;17,7;57,5;null;null;
2016-03-22;4,2;8,6;0;null;null;18,6;57;null;null;
2016-03-23;4,8;8,4;0;null;null;20,2;56;null;null;
2016-03-24;5;9,4;0;null;null;18,1;56,8;null;null;
2016-03-25;5;7,4;0;null;null;22,5;68,3;null;null;
2016-03-26;5;9,4;0;null;null;18,1;58,5;null;null;
2016-03-27;5,7;6,3;0;null;null;19,9;58,8;null;null;
2016-03-28;4,3;7,4;0;null;null;21,9;66,8;null;null;
2016-03-29;5;7,3;0;null;null;22,1;69,5;null;null;
2016-03-30;4;4,2;1;null;null;22;74,5;62;null;
2016-03-31;2,7;7,7;0;null;null;22,4;68,3;51;null;
2016-04-01;3,9;4,1;0;null;null;21,9;71,3;null;null;
2016-04-02;2,5;6,3;0;null;null;21,3;67,5;null;null;
2016-04-03;3,9;6,5;0;null;null;22,3;67,8;null;null;
2016-04-04;4,3;9,1;0;null;null;18,1;63,5;null;null;
2016-04-05;4,5;6,1;0;null;null;19,7;66,3;null;null;
2016-04-06;3,9;9,4;0;null;null;17,5;61;null;null;
2016-04-07;4,1;8,5;0;null;null;17,7;62;null;null;
2016-04-08;6,9;8;0;null;null;18,1;57,3;null;null;
2016-04-09;3,4;9,1;0;null;null;18;61,5;null;null;
2016-04-10;5,4;9,5;0;null;null;17,1;59,5;null;null;
2016-04-11;4,1;7,7;0;null;null;22,4;66,3;null;null;
2016-04-12;6;9;0;null;null;22,9;62,5;null;null;
2016-04-13;5,7;6,2;0;null;null;21,2;69,8;null;null;
2016-04-14;4,3;2,3;3,1;null;null;22,2;78;null;null;
2016-04-15;3;6,3;4,8;null;null;21,9;73,5;null;null;
2016-04-16;4;7,7;0;null;null;22;68,5;null;null;
2016-04-17;4;9,8;0;null;null;20,5;68,8;null;null;
2016-04-18;4,3;7;,3;null;null;18,5;69;null;null;
2016-04-19;4;8,8;,7;null;null;20,9;66;null;null;
2016-04-20;4,4;9,3;0;null;null;19,3;67;null;null;
2016-04-21;4,8;8,8;0;null;null;21,4;65,8;null;null;
2016-04-22;4,9;8,6;0;null;null;17,7;63;null;null;
2016-04-23;4,2;9,8;0;null;null;18,6;60,3;null;null;
2016-04-24;4,6;9,2;0;null;null;21,3;62,3;null;null;
2016-04-25;5;9;0;null;null;20,9;66,5;null;null;
2016-04-26;5;9,9;0;null;null;20,8;65,8;null;0;
2016-04-27;5;10,1;0;null;null;21,6;63,3;null;null;
2016-04-28;4,4;9,4;0;null;null;22,9;63,5;null;null;
2016-04-29;4,8;6,8;0;null;null;22;61,8;47;null;
2016-04-30;4,2;8,9;0;null;null;22,9;63,3;47;null;
2016-05-01;4;10,2;0;null;null;20,1;63;null;null;
2016-05-02;4,4;8,7;0;null;null;21,7;63,3;null;null;
2016-05-03;5,3;,9;,9;null;null;17,1;85,5;null;null;
2016-05-04;1,9;8,4;3,7;null;null;17,2;80,5;null;null;
2016-05-05;4,1;8,5;0;null;null;19,7;65,3;null;null;
2016-05-06;4,9;null;0;null;null;21,3;63,5;null;null;
2016-05-07;2,7;7,8;0;null;null;21,3;64,5;null;null;
2016-05-08;6,3;9,4;0;null;null;20,6;62,5;null;null;
2016-05-09;4,6;8;0;null;null;17,8;70,8;null;null;
2016-05-10;3,4;1,4;0;null;null;20;77,5;null;0;
2016-05-11;3,4;5,6;0;null;null;22;74;null;null;
2016-05-12;2,9;8;0;null;null;21,8;76,5;null;null;
2016-05-13;3,1;8,6;0;null;null;20,1;69;null;null;
2016-05-14;4;9,9;0;null;null;19,7;67,5;null;null;
2016-05-15;3,2;4,3;,1;null;null;21,9;87,8;null;null;
2016-05-16;2,1;3,8;,3;null;null;20,3;79;null;null;
2016-05-17;1,9;7,8;0;null;null;21;62,3;null;null;
2016-05-18;3;9;0;null;null;20,7;59,8;null;null;
2016-05-19;5,2;8,4;0;null;null;20,9;63,5;null;null;
2016-05-20;5,3;9,8;0;null;null;18,6;65,8;null;null;
2016-05-21;4,7;9,3;0;null;null;20,7;61,3;null;null;
2016-05-22;4,4;9,6;0;null;null;20,7;64,8;null;null;
2016-05-23;7;1,5;0;null;null;21;82;null;null;
2016-05-24;4,6;0;3,8;null;null;20;92,8;null;null;
2016-05-25;,6;0;45,3;null;null;20;93,8;null;null;
2016-05-26;,6;0;10;null;null;19,8;98,8;null;null;
2016-05-27;,3;1,6;8,9;null;null;19,2;90;null;null;
2016-05-28;,5;7,3;0;null;null;20;83;null;null;
2016-05-29;2,4;1,2;,2;null;null;20,2;92;null;null;
2016-05-30;1,3;3,2;2,2;null;null;19,8;82,3;61;null;
2016-05-31;1,7;,7;0;null;null;20,7;87,8;75;null;
2016-06-01;1,7;7,6;,3;null;null;20,9;73,3;null;null;
2016-06-02;3,1;10,1;0;null;null;20,3;70;null;null;
2016-06-03;3,6;7,9;0;null;null;21,4;69,5;null;null;
2016-06-04;1,4;7,9;0;null;null;19,7;70,8;null;null;
2016-06-05;5,6;4,8;0;null;null;18,1;71,5;null;null;
2016-06-06;3,9;10;,4;null;null;20,6;68,3;null;null;
2016-06-07;3,9;9,2;0;null;null;21;70,8;null;null;
2016-06-08;4,8;10;0;null;null;21,1;71,5;null;0;
2016-06-09;3,6;9,3;0;null;null;21,8;69,8;null;null;
2016-06-10;3,9;9;0;null;null;21;74,8;null;0;
2016-06-11;3,8;10;0;null;null;20,6;73,8;null;null;
2016-06-12;3,3;8,5;0;null;null;19,7;71,8;null;0;
2016-06-13;3,3;9,9;0;null;null;19,3;68,8;null;null;
2016-06-14;3,7;7;,8;null;null;17,5;81;null;null;
2016-06-15;2,8;1,7;1,7;null;null;17,5;92,5;null;null;
2016-06-16;1;0;4,9;null;null;19,2;89,8;null;null;
2016-06-17;1,6;0;0;null;null;19,7;93;null;null;
2016-06-18;,5;1,5;4,1;null;null;18,7;89,3;null;null;
2016-06-19;1,2;1,1;0;null;null;18,7;90;null;null;
2016-06-20;2,1;3,8;11,8;null;null;17,8;87,3;null;null;
2016-06-21;2,2;1,4;0;null;null;18,3;92,3;null;null;
2016-06-22;1,8;0;3,1;null;null;18,8;94,8;null;0;
2016-06-23;1;3,3;5,4;null;null;18,6;88,5;null;0;
2016-06-24;2;1,5;0;null;null;18,7;86,5;null;null;
2016-06-25;1;,2;0;null;null;18,6;90,8;null;null;
2016-06-26;1,1;,5;,5;null;null;16,6;94,5;null;null;
2016-06-27;,9;5,7;4,1;null;null;16,7;77,8;null;null;
2016-06-28;2,1;9;,3;null;null;16,7;82,5;null;null;
2016-06-29;2,2;7,1;1,9;null;null;18,3;80,8;61;null;
2016-06-30;9;4,8;1,3;null;null;17,6;87;75;null;
2016-07-01;,7;6,2;5,6;null;null;17,5;84,3;null;null;
2016-07-02;1,7;5,9;4,9;null;null;19,3;82,5;null;null;
2016-07-03;2;6,3;0;null;null;17,6;84,3;null;null;
2016-07-04;1,8;7,6;1;null;null;19,1;84;null;null;
2016-07-05;2;3,4;0;null;null;18,6;89,3;null;null;
2016-07-06;1,1;6,2;1;null;null;19,1;82;null;null;
2016-07-07;2;4,2;0;null;null;19,6;83,3;null;null;
2016-07-08;2;6,5;0;null;null;19,9;79;null;0;
2016-07-09;2,6;8,9;0;null;null;19,6;74,3;null;null;
2016-07-10;2,4;,9;,2;null;null;19,5;90,8;null;null;
2016-07-11;1,3;4,8;,3;null;null;17,3;84;null;null;
2016-07-12;1,3;7,9;0;null;null;18,7;76,8;null;null;
2016-07-13;2,8;9,9;0;null;null;17,8;74,3;null;null;
2016-07-14;2,6;9,3;0;null;null;19,1;72,8;null;null;
2016-07-15;3,1;7,7;0;null;null;18,2;74;null;null;
2016-07-16;6,1;5,5;0;null;null;18,7;81,3;null;null;
2016-07-17;2,5;10,2;0;null;null;17,5;69,8;null;null;
2016-07-18;3,4;10,1;0;null;null;17,9;71;null;null;
2016-07-19;4;8,6;0;null;null;18,6;72;null;null;
2016-07-20;3,1;8,7;0;null;null;18,7;72,5;null;null;
2016-07-21;3,2;9,5;0;null;null;17,2;75,8;null;0;
2016-07-22;3;9,9;0;null;null;16,8;71,3;null;null;
2016-07-23;3,6;9,1;0;null;null;17,4;75,8;null;null;
2016-07-24;1,2;8,3;0;null;null;19,2;72,3;null;null;
2016-07-25;6;9;1;null;null;17,5;75,3;null;null;
2016-07-26;3,5;8,5;,2;null;null;17,5;70;null;null;
2016-07-27;4,2;8,4;0;null;null;18,5;71,8;null;null;
2016-07-28;4,1;6,2;0;null;null;17,5;83,3;null;null;
2016-07-29;2,4;8,1;5;null;null;17,6;76,3;57;null;
2016-07-30;2,8;5,8;,6;null;null;18,3;85,5;null;null;
2016-07-31;2,1;5,5;2,6;null;null;17,1;88,3;80;null;
2016-08-01;1,3;,4;3,4;null;null;16,8;91,3;null;0;
2016-08-02;1,8;5,5;,8;null;null;17,7;78,5;null;0;
2016-08-03;2,9;5,3;0;null;null;17,7;79,3;null;null;
2016-08-04;3,1;9,6;0;null;null;15,8;76;null;null;
2016-08-05;2,6;6,5;,6;null;null;17,9;80,3;null;null;
2016-08-06;2,6;9,6;0;null;null;18;74;null;null;
2016-08-07;3,8;9,2;0;null;null;17,6;74,5;null;null;
2016-08-08;4;9,9;0;null;null;16,7;70;null;null;
2016-08-09;,7;9,3;0;null;null;16,7;68,5;null;null;
2016-08-10;4,6;8,2;0;null;null;17,5;69,8;null;null;
2016-08-11;4,3;10,1;0;null;null;18,7;67,5;null;null;
2016-08-12;5,6;9,9;0;null;null;18,6;69,8;null;null;
2016-08-13;4,6;8,2;0;null;null;17;68;null;null;
2016-08-14;4,7;9,7;0;null;null;17,1;64,8;null;null;
2016-08-15;4,7;10,2;0;null;null;17,5;68,5;null;0;
2016-08-16;5;9,7;0;null;null;19,6;67,3;null;null;
2016-08-17;5;8,9;0;null;null;20,6;64,3;null;0;
2016-08-18;5;8,4;0;null;null;19,7;67;null;null;
2016-08-19;4,8;8,8;0;null;null;18,4;68,3;null;null;
2016-08-20;4,5;5,7;,8;null;null;19,8;76;null;null;
2016-08-21;4,8;9,9;0;null;null;18,5;66,5;null;null;
2016-08-22;3,4;10,3;0;null;null;19,6;57,8;null;null;
2016-08-23;6,1;9,5;0;null;null;18,3;62,5;null;null;
2016-08-24;4,6;3;,7;null;null;18,3;74,5;null;null;
2016-08-25;4,7;,1;1,3;null;null;19,5;93;null;null;
2016-08-26;,2;1,6;9,1;null;null;17,3;86,8;null;null;
2016-08-27;1,8;6,6;3,7;null;null;19,3;87,5;null;null;
2016-08-28;2,8;8,2;3,1;null;null;16,3;70,8;null;null;
2016-08-29;4,2;5,1;0;null;null;18;80,8;null;null;
2016-08-30;2;8,3;0;null;null;18,8;75,8;51;null;
2016-08-31;4;3,7;0;null;null;19,9;78,5;65;null;
2016-09-01;3;8,1;0;null;null;19,1;74;null;null;
2016-09-02;3,9;8,9;0;null;null;18,7;67,3;null;null;
2016-09-03;4,1;7,1;0;null;null;18,6;81,3;null;null;
2016-09-04;1,4;6,7;2;null;null;18,6;78;null;null;
2016-09-05;4,1;6;2;null;null;18,6;80,8;null;null;
2016-09-06;2,3;9,3;0;null;null;17,6;73;null;null;
2016-09-07;4,3;8,8;0;null;null;17,5;72,3;null;null;
2016-09-08;4,5;9,4;0;null;null;19,3;65,8;null;null;
2016-09-09;5;9,8;0;null;null;19,9;74,8;null;null;
2016-09-10;4;10,1;1,1;null;null;17,7;67;null;null;
2016-09-11;4,9;8,2;1;null;null;17,5;72,5;null;null;
2016-09-12;3,9;9,9;0;null;null;19,5;70;null;null;
2016-09-13;4,2;10;0;null;null;18,6;68,3;null;null;
2016-09-14;6,6;7,5;0;null;null;19,6;76,5;null;null;
2016-09-15;3,1;8,9;0;null;null;18,4;62,8;null;null;
2016-09-16;4,9;8,4;0;null;null;19,1;68,5;null;null;
2016-09-17;5;9,2;0;null;null;20,1;66,8;null;null;
2016-09-18;5;6,1;0;null;null;19,9;67;null;null;
2016-09-19;4,7;10,1;0;null;null;17,1;61,3;null;null;
2016-09-20;4,2;8,6;0;null;null;17;64;null;null;
2016-09-21;5;10,6;0;null;null;20,7;62,5;null;null;
2016-09-22;5,4;4;0;null;null;20,7;71,8;null;null;
2016-09-23;5,3;5,1;0;null;null;20,7;65,5;null;null;
2016-09-24;5,5;8,9;0;null;null;20,7;64,3;null;null;
2016-09-25;5,4;9,8;0;null;null;19,3;62,3;null;null;
2016-09-26;4,7;10,3;0;null;null;20;61;null;null;
2016-09-27;5;9;0;null;null;20,2;64;null;null;
2016-09-28;5,9;7,4;0;null;null;21,6;66,3;null;null;
2016-09-29;4,1;4,9;,1;null;null;20,6;73,8;55;null;
2016-09-30;4,1;8,8;0;null;null;19,7;58;48;null;
2016-10-01;6,8;5,6;0;null;null;23;60,5;null;null;
2016-10-02;5,2;9,2;0;null;null;19,9;57,5;null;null;
2016-10-03;6,3;10,4;0;null;null;20,5;62,5;null;null;
2016-10-04;7,3;9,7;0;null;null;20,7;59,5;null;null;
2016-10-05;6,4;10,5;0;null;null;20,3;58,8;null;null;
2016-10-06;6,2;9,4;0;null;null;21,3;71;null;null;
2016-10-07;5,7;3,2;,6;null;null;19,3;65,8;null;null;
2016-10-08;3,9;7,2;,7;null;null;17,7;66,5;null;null;
2016-10-09;4,6;9,8;0;null;null;20,7;65,3;null;null;
2016-10-10;5,5;10;0;null;null;20,4;60,8;null;null;
2016-10-11;5,2;9,1;0;null;null;20;67,5;null;null;
2016-10-12;5;8,3;,1;null;null;20,2;68,8;null;null;
2016-10-13;5,3;9;0;null;null;19,6;64,3;null;null;
2016-10-14;4,3;7,8;0;null;null;21;69,5;null;null;
2016-10-15;5,6;9,4;0;null;null;20,1;62,3;null;null;
2016-10-16;5,4;9,6;0;null;null;20,4;66;null;null;
2016-10-17;5,4;10;0;null;null;21,3;56,3;null;null;
2016-10-18;3,6;8,9;0;null;null;20,7;65;null;null;
2016-10-19;6,2;9,2;0;null;null;20,7;61,8;null;null;
2016-10-20;5,5;10,9;0;null;null;20,5;60,5;null;null;
2016-10-21;6,2;7,9;0;null;null;21,6;67;null;null;
2016-10-22;4,9;10,4;0;null;null;20,7;64;null;null;
2016-10-23;5,8;10,3;0;null;null;20,8;61,3;null;null;
2016-10-24;5;1,4;0;null;null;21;71,8;null;null;
2016-10-25;3,1;10,1;0;null;null;19,2;62,8;null;null;
2016-10-26;6;10,2;0;null;null;19,7;60;null;null;
2016-10-27;5;9,6;0;null;null;20,6;59,3;null;null;
2016-10-28;5,6;10,4;0;null;null;20;59,5;null;null;
2016-10-29;7,8;10,8;0;null;null;20,6;58,5;null;null;
2016-10-30;7,2;10,4;0;null;null;22,4;62,8;55;null;
2016-10-31;4,9;8,6;0;null;null;20,5;63;43;null;
2016-11-01;5,2;10,8;0;null;null;20,5;60;null;null;
2016-11-02;5,4;9,2;0;null;null;19,6;80,3;null;null;
2016-11-03;6;6,8;0;null;null;20,7;64;null;null;
2016-11-04;4,9;9,5;0;null;null;21,3;62,3;null;null;
2016-11-05;5,4;8,6;3,4;null;null;19,9;68;null;null;
2016-11-06;3,7;9,7;0;null;null;20,5;64,8;null;null;
2016-11-07;6;9,4;0;null;null;20,2;55,5;null;null;
2016-11-08;6,2;9,9;0;null;null;20,4;61,8;null;null;
2016-11-09;5,8;8,7;0;null;null;21,7;69;null;null;
2016-11-10;5;2,8;0;null;null;21,8;65,8;null;null;
2016-11-11;5,1;4,7;0;null;null;21,8;62,8;null;null;
2016-11-12;3,9;5;0;null;null;21,8;62;null;null;
2016-11-13;4,8;1,1;0;null;null;23;74,5;null;null;
2016-11-14;2,7;9,5;0;null;null;20,7;59,5;null;null;
2016-11-15;5;2,3;0;null;null;22,3;60,3;null;null;
2016-11-16;4;1,5;,3;null;null;20,8;72,8;null;null;
2016-11-17;3,5;6,8;0;null;null;19,8;66,3;null;null;
2016-11-18;4,3;8,5;0;null;null;19,7;57,8;null;null;
2016-11-19;5,3;6,7;0;null;null;17,1;65,5;null;null;
2016-11-20;2,9;4,5;1,9;null;null;19,7;74;null;null;
2016-11-21;2,8;9,4;0;null;null;21;64,5;null;null;
2016-11-22;3,5;9,7;0;null;null;20,5;65,3;null;null;
2016-11-23;5;11,2;0;null;null;20,8;62;null;null;
2016-11-24;7,1;11;0;null;null;21,6;55;null;null;
2016-11-25;4,1;10,4;0;null;null;20,2;57,5;null;null;
2016-11-26;6,9;10,1;0;null;null;20,7;60,3;null;null;
2016-11-27;6;10,3;0;null;null;20,4;58,5;null;0;
2016-11-28;5,8;9,7;0;null;null;20,5;56,3;null;null;
2016-11-29;5,5;11,8;0;null;null;19,6;55,3;38;null;
2016-11-30;7;10,8;0;null;null;20,5;58,5;41;null;
2016-12-01;5,9;9,4;0;null;null;21,9;62,8;null;null;
2016-12-02;6;10,1;0;null;null;22;63,8;null;null;
2016-12-03;5,6;10,4;0;null;null;21,9;55;null;null;
2016-12-04;6;10,7;0;null;null;21,7;59,8;null;null;
2016-12-05;5;11,1;0;null;null;22,5;53,3;null;null;
2016-12-06;7;10,2;0;null;null;22,6;56,8;null;0;
2016-12-07;6;10;0;null;null;22,2;58,3;null;null;
2016-12-08;6,9;9,2;0;null;null;22;56,3;null;0;
2016-12-09;6;10;0;null;null;22,6;58;null;null;
2016-12-10;4,4;10,9;0;null;null;21;56,3;null;null;
2016-12-11;7,5;10,3;0;null;null;27,2;58,5;null;null;
2016-12-12;6,1;9;0;null;null;22,8;59,3;null;null;
2016-12-13;6,4;8,1;0;null;null;22,8;61,5;null;null;
2016-12-14;5,9;10,7;0;null;null;21,9;59,5;null;null;
2016-12-15;7,9;8,4;0;null;null;21,8;61,5;null;null;
2016-12-16;3,1;1,1;,1;null;null;22,9;65,5;null;null;
2016-12-17;8,5;3,4;,6;null;null;21,3;84,8;null;null;
2016-12-18;2,2;4,3;3,5;null;null;20,5;68,8;null;null;
2016-12-19;5,7;2,3;0;null;null;20,9;66,8;null;null;
2016-12-20;5;2,5;1,2;null;null;21,6;79,3;null;null;
2016-12-21;3;6,8;2,9;null;null;20,9;81;null;null;
2016-12-22;4;7,6;0;null;null;20,6;67,3;null;null;
2016-12-23;5;4,9;0;null;null;20,2;77,3;null;null;
2016-12-24;2,9;10,6;,6;null;null;21;68,5;null;null;
2016-12-25;5,1;9,2;0;null;null;20,2;60,8;null;null;
2016-12-26;4,3;6,9;0;null;null;17,7;65,3;null;null;
2016-12-27;5,7;10,2;0;null;null;16;62;44;null;
2016-12-28;5,9;5,2;0;null;null;21,4;64,3;null;null;
2016-12-29;4,2;5,5;0;null;null;21,9;62,5;null;null;
2016-12-30;1,1;8,9;0;null;null;20,7;62,8;null;null;
2016-12-31;6,9;9,4;0;null;null;20,7;64,3;null;null;
2017-01-01;6;10,5;0;null;null;20,5;65,3;null;null;
2017-01-02;5,2;10,6;0;null;null;21;56,3;null;null;
2017-01-03;5,9;10,2;0;null;null;20;59,8;null;null;
2017-01-04;6,9;8,7;0;null;null;21,8;66;null;null;
2017-01-05;5,8;6,7;0;null;null;22;59;null;null;
2017-01-06;6,6;9,6;0;null;null;20,6;59,8;null;null;
2017-01-07;5,6;10,6;0;null;null;20,7;62,8;null;null;
2017-01-08;5;11;0;null;null;20,7;59;null;null;
2017-01-09;5,2;10,2;0;null;null;20,3;62,8;null;null;
2017-01-10;5,9;9,5;0;null;null;21,9;64,5;null;null;
2017-01-11;5,3;5,8;0;null;null;18,3;59,8;null;null;
2017-01-12;5;8,7;0;null;null;21,8;60,8;null;null;
2017-01-13;5;8,1;0;null;null;18,1;60,3;null;null;
2017-01-14;4,9;10,1;0;null;null;20,7;91;null;null;
2017-01-15;5,9;6,3;0;null;null;22;65,3;null;null;
2017-01-16;5,2;10;0;null;null;20,9;58,8;null;null;
2017-01-17;5;10,6;0;null;null;20,3;62,5;null;null;
2017-01-18;5;8,8;0;null;null;21,9;60,8;null;null;
2017-01-19;3,4;9,3;0;null;null;21,5;62,8;null;null;
2017-01-20;5,1;10,3;0;null;null;20,3;61,5;null;null;
2017-01-21;2,3;9,1;0;null;null;21,3;58;null;null;
2017-01-22;5,8;9,9;0;null;null;21,9;61;46;null;
2017-01-23;4,2;10,9;0;null;null;21,7;59,3;null;null;
2017-01-24;8,3;9,1;0;null;null;21,7;61,8;null;null;
2017-01-25;6,3;9,4;0;null;null;21,9;59,3;null;null;
2017-01-26;6;10,1;0;null;null;20,7;57,5;null;null;
2017-01-27;5,6;6,2;0;null;null;21,5;65;null;null;
2017-01-28;4,7;8,7;0;null;null;17,5;59;null;null;
2017-01-29;6,9;10,6;0;null;null;20,9;56,5;null;null;
2017-01-30;4,3;9,9;0;null;null;21;58,8;null;null;
2017-01-31;1,6;10,5;0;null;null;21;59;null;null;
2017-02-01;6,1;6,4;0;24;25,4;21,9;70,3;46;null;
2017-02-02;5,9;10;0;null;null;22,6;57,5;42;null;
2017-02-03;7;8,9;0;null;null;22,2;60,8;47;null;
2017-02-04;5,5;10,6;0;null;null;21,6;57,5;41;null;
2017-02-05;5,7;10,5;0;null;null;21,9;55,3;38;null;
2017-02-06;5,8;9,9;0;null;null;22,2;57,8;43;null;
2017-02-07;6;10,7;0;null;null;22,9;54;44;null;
2017-02-08;7;8,7;0;null;null;22;65,5;50;null;
2017-02-09;3,6;10,1;0;null;null;22;63,8;45;null;
2017-02-10;5,9;null;0;null;null;22,1;66,3;53;null;
2017-02-11;4,2;5,6;0;null;null;22;61,5;51;null;
2017-02-12;4,9;9,1;0;null;null;20,9;60,8;44;null;
2017-02-13;5;4,8;0;null;null;21,6;66;55;null;
2017-02-14;5;,4;0;null;null;22;73;62;null;
2017-02-15;3,8;4,2;0;null;null;21,7;65,8;55;null;
2017-02-16;3,8;5,7;,7;null;null;21,3;67,8;48;null;
2017-02-17;4,4;7,5;0;null;null;21;61;45;null;
2017-02-18;6;9,6;0;null;null;21;64;51;null;
2017-02-19;5,1;10;0;null;null;21,7;58,3;43;null;
2017-02-20;5,9;9,5;0;null;null;21,9;63,5;48;null;
2017-02-21;6;7,5;0;null;null;22,1;64,5;44;null;
2017-02-22;4,2;9,4;,8;null;null;22;64,8;51;null;
2017-02-23;4,8;9,5;0;null;null;21,9;60;50;null;
2017-02-24;6,7;8,9;0;null;null;22,6;61,5;53;null;
2017-02-25;3,5;9,8;0;null;null;22,4;60,5;49;null;
2017-02-26;6,8;5,4;0;null;null;21,9;57,5;52;0;
2017-02-27;4,9;9,8;0;null;null;21,8;63,5;45;null;
2017-02-28;5,2;7,5;0;null;null;24;54,3;43;null;
2017-03-01;6;3,1;0;null;null;22,7;62,8;49;null;
2017-03-02;6,4;8,8;0;null;null;22,7;60;41;null;
2017-03-03;5,9;8;0;null;null;20,9;61;41;null;
2017-03-04;6,4;9;0;null;null;21,6;57,5;35;null;
2017-03-05;5,8;8,6;0;null;null;18,1;54,5;37;null;
2017-03-06;6,8;7,4;0;null;null;20,7;55,3;37;null;
2017-03-07;5,9;3,3;0;null;null;21;62,5;44;null;
2017-03-08;6,1;5,3;0;null;null;23;64,8;43;null;
2017-03-09;4,9;2,8;,5;null;null;22,6;63;49;null;
2017-03-10;4,6;6,4;0;null;null;20,9;68;47;null;
2017-03-11;3,5;6,2;0;null;null;21,6;58,5;54;null;
2017-03-12;5,6;,5;0;null;null;21,9;66,5;51;null;
2017-03-13;5,3;6,8;0;null;null;22,7;69;51;null;
2017-03-14;3,3;7,3;0;null;null;18,1;63,3;41;null;
2017-03-15;4;5,7;0;null;null;19,9;60,8;44;null;
2017-03-16;5,2;6,5;0;null;null;22,5;65,3;48;null;
2017-03-17;4,8;2,2;,6;null;null;21,3;89,8;71;null;
2017-03-18;5,2;0;25,7;null;null;16,1;78,8;63;null;
2017-03-19;3,2;9,2;0;null;null;21,9;65,8;41;null;
2017-03-20;2,7;7,4;0;null;null;21,7;69;51;null;
2017-03-21;3;8,2;0;null;null;21,6;74,5;71;null;
2017-03-22;3;9,1;0;null;null;22;68;43;null;
2017-03-23;2,8;4,8;,4;null;null;21,9;74,5;56;null;
2017-03-24;3,3;6,4;0;null;null;21,9;68,8;53;null;
2017-03-25;3,7;7,7;0;null;null;24;65,5;48;null;
2017-03-26;4,4;8,8;0;null;null;22,4;59;46;null;
2017-03-27;5,3;9,6;0;null;null;22,2;58,5;43;null;
2017-03-28;5,7;9,3;0;null;null;22,6;54,8;38;null;
2017-03-29;4,1;6;0;null;null;20,9;71,3;39;null;
2017-03-30;3,7;6,4;14,7;null;null;16,7;80,5;53;null;
2017-03-31;1,5;8,2;,2;null;null;19,3;68,3;46;null;
2017-04-01;2,1;3,1;0;null;null;20,3;70;null;null;
2017-04-02;4,3;,1;0;null;null;18,1;85,5;null;null;
2017-04-03;1,6;3,3;24,6;null;null;21,4;83,8;null;null;
2017-04-04;2,3;6,1;0;null;null;21,6;76,8;null;null;
2017-04-05;3,2;6,8;0;null;null;21;75,8;null;null;
2017-04-06;3,1;7,2;0;null;null;22;73,5;null;null;
2017-04-07;3,4;5,6;0;null;null;21,7;67;null;null;
2017-04-08;4;7,3;0;null;null;21,6;67;null;null;
2017-04-09;3;6,9;0;null;null;22,1;62,5;null;null;
2017-04-10;4,5;8,7;0;null;null;20,5;69,3;null;null;
2017-04-11;3,9;6,5;0;null;null;18,5;65,5;null;null;
2017-04-12;3,3;7,6;0;null;null;19,8;62,8;null;null;
2017-04-13;4,8;3,3;0;null;null;18,7;72,5;null;null;
2017-04-14;2,9;3,4;4;null;null;22,4;78;null;null;
2017-04-15;3;3,3;4,4;null;null;17,1;82,8;null;null;
2017-04-16;2,1;2,1;4,3;null;null;19,7;82,8;null;null;
2017-04-17;1,2;1,9;1,2;null;null;21,6;90,8;null;null;
2017-04-18;2;9;0;null;null;21;68,5;null;null;
2017-04-19;4;7,6;0;null;null;21;66,3;49;null;
2017-04-20;4,9;4,2;0;null;null;21,9;71;null;null;
2017-04-21;3,1;,4;0;null;null;20,6;78;null;null;
2017-04-22;2;5,5;0;null;null;21,9;75;null;null;
2017-04-23;1,5;7,9;0;null;null;21;67,5;null;null;
2017-04-24;6,2;7,5;0;null;null;17,2;69,8;null;null;
2017-04-25;1,3;8,2;0;null;null;16,1;66,3;null;null;
2017-04-26;5;6,4;0;null;null;21,9;69;null;null;
2017-04-27;4,3;8;0;null;null;21,9;69,8;null;null;
2017-04-28;4;6,7;0;null;null;17,3;71,8;null;null;
2017-04-29;4;4,8;1,9;null;null;21,3;69,3;null;null;
2017-04-30;2,4;7;0;null;null;16,7;69,8;null;null;
2017-05-01;5;,6;,6;null;null;20,4;82,5;null;null;
2017-05-02;2,1;2,4;4,5;null;null;20,2;78,5;null;null;
2017-05-03;3;6,7;0;null;null;20,2;67,8;null;null;
2017-05-04;3;3,1;1,2;null;null;21;84,5;null;null;
2017-05-05;2,9;1,3;3;null;null;20,8;78,5;null;null;
2017-05-06;2,8;6,4;0;null;null;20,2;74,8;null;null;
2017-05-07;4;6,4;0;null;null;20,4;67,8;null;null;
2017-05-08;2,8;7,6;0;null;null;19,9;66,8;null;null;
2017-05-09;3,9;7,4;0;null;null;18,7;70,8;null;null;
2017-05-10;3,2;8;0;null;null;16,6;72,3;null;null;
2017-05-11;3,8;6,3;0;null;null;16,5;66,3;null;null;
2017-05-12;5,6;6,9;0;null;null;19,5;64;null;null;
2017-05-13;4,2;3,2;0;null;null;20,3;74,8;null;null;
2017-05-14;3,1;1,6;0;null;null;19,5;82,3;null;null;
2017-05-15;2,3;6;0;null;null;21;68,3;null;7,5;
2017-05-16;4,6;9,1;0;null;null;24,3;52,3;null;0;
2017-05-17;5,1;7,3;0;null;null;22,2;68;null;0;
2017-05-18;3,4;2,1;0;null;null;22,3;85,8;null;null;
2017-05-19;5,7;1;2,5;null;null;21,6;87,3;null;null;
2017-05-20;2,1;2,4;1,2;null;null;21;86,3;null;null;
2017-05-21;5,3;2,6;1,8;null;null;21,6;83,5;null;null;
2017-05-22;3,4;5,2;0;null;null;20;76,8;null;null;
2017-05-23;4;0;3,9;null;null;21;97,5;null;null;
2017-05-24;,9;4,4;4,8;null;null;20,6;88,8;null;null;
2017-05-25;3,2;5,1;1,1;null;null;20;81,8;null;null;
2017-05-26;2,9;7,4;0;null;null;19,7;75;null;null;
2017-05-27;4;,3;0;null;null;20,6;78;null;null;
2017-05-28;1,7;1;10,6;null;null;20,1;85;null;null;
2017-05-29;1,3;1;,1;null;null;17,8;87;null;null;
2017-05-30;2;7;0;null;null;17,9;82,3;67;null;
2017-05-31;2,6;,3;,1;null;null;20,9;90;null;null;
2017-06-01;1,2;1,4;0;null;null;20,6;76,8;null;null;
2017-06-02;2,2;6,6;,9;null;null;21;77,3;null;0;
2017-06-03;3;4,1;0;null;null;22;77,3;null;null;
2017-06-04;,7;,6;2;null;null;20,6;91,8;null;null;
2017-06-05;3;8,1;1,6;null;null;19,2;77,5;null;null;
2017-06-06;4,3;6;0;null;null;19,2;78,8;null;null;
2017-06-07;3;2,3;,9;null;null;20,4;76,8;null;null;
2017-06-08;3,5;2,7;0;null;null;20;83,3;null;null;
2017-06-09;2,5;5,9;0;null;null;19,2;68,5;null;null;
2017-06-10;2,1;6,1;0;null;null;20,2;67;null;null;
2017-06-11;2,9;6,9;0;null;null;21,6;68,8;null;null;
2017-06-12;3;4,2;0;null;null;20;70,5;null;null;
2017-06-13;3,2;,6;2,3;null;null;20,2;91,5;null;null;
2017-06-14;1;6,5;1,4;null;null;19,6;73,8;null;null;
2017-06-15;3;6,3;0;null;null;17,8;68,5;65;null;
2017-06-16;6,9;0;1;null;null;18,4;91;null;null;
2017-06-17;1;,6;,8;null;null;17,9;88,5;null;null;
2017-06-18;1;0;6,1;null;null;19,7;94,5;null;null;
2017-06-19;,3;1,9;7,8;null;null;18,8;80;null;null;
2017-06-20;1,2;0;0;null;null;18,6;95,3;null;null;
2017-06-21;,6;2,1;7,4;null;null;17,1;86,3;null;null;
2017-06-22;1,2;3,8;,9;null;null;18,4;82,8;null;null;
2017-06-23;,6;1,2;1,4;null;null;18,8;95,3;null;null;
2017-06-24;2,2;1,4;5,4;null;null;18,4;88,3;null;null;
2017-06-25;1,2;3,7;,4;null;null;18,8;88,8;null;null;
2017-06-26;1;2,8;1,9;null;null;18,4;85;null;null;
2017-06-27;1;4,2;0;null;null;17,8;89,3;null;null;
2017-06-28;2;4,8;,8;null;null;18,4;83,8;null;null;
2017-06-29;2,9;,4;0;null;null;17,9;89,3;null;null;
2017-06-30;1,7;0;2,5;null;null;18,1;95,8;null;null;
2017-07-01;,3;0;6,4;null;null;17,9;92,3;null;null;
2017-07-02;,4;,8;2,8;null;null;18,6;86;null;null;
2017-07-03;1,1;0;1;null;null;18;93,8;null;null;
2017-07-04;1,6;,3;5,3;null;null;16;85;null;null;
2017-07-05;1,9;1,6;,5;null;null;16,7;85;null;null;
2017-07-06;1,7;3,4;,7;null;null;17,9;85,8;null;null;
2017-07-07;1,5;,4;,8;null;null;16,5;85,3;null;null;
2017-07-08;1,9;0;,9;null;null;16,4;96,8;null;null;
2017-07-09;,8;3,3;2;null;null;15,8;83,5;null;null;
2017-07-10;null;6,4;0;null;null;16,6;86,5;null;null;
2017-07-11;3;2,6;5,4;null;null;19,1;84,8;null;null;
2017-07-12;null;6,8;0;null;null;16,4;83,3;null;null;
2017-07-13;2,9;4;4,9;null;null;18,4;84,3;null;null;
2017-07-14;3;3;1;null;null;15,8;81,8;62;null;
2017-07-15;5;4;,9;null;null;16,8;81,5;null;null;
2017-07-16;2;7,6;,6;null;null;16,8;78,3;null;null;
2017-07-17;1;5,6;0;null;null;17,4;80,3;null;null;
2017-07-18;3;1;,4;null;null;16,4;92,3;null;null;
2017-07-19;3,6;4,5;2,7;null;null;16,6;79,5;null;null;
2017-07-20;3,4;1,9;,4;null;null;17,8;86,8;null;null;
2017-07-21;1;4,9;1,5;null;null;16,5;80,5;null;null;
2017-07-22;2;,9;0;null;null;17,9;83,3;null;null;
2017-07-23;2;,2;0;null;null;17,9;83,3;null;null;
2017-07-24;2;,2;5,8;null;null;17,9;89,8;null;null;
2017-07-25;1,6;8,2;2,9;null;null;17,9;83,3;null;null;
2017-07-26;2,2;4,7;2,8;null;null;17,4;86,5;null;null;
2017-07-27;1,2;6,3;4,2;null;null;17,8;81,5;null;null;
2017-07-28;2,8;6,4;,2;null;null;19,1;84,3;null;null;
2017-07-29;1,6;7,3;3;null;null;17,5;83,5;null;null;
2017-07-30;2,4;2,9;6,8;null;null;16,8;92;null;null;
2017-07-31;,8;7,7;2,8;null;null;16,8;81,3;null;null;
2017-08-01;1,8;4,7;,6;null;null;17,5;87;null;null;
2017-08-02;1,4;4,1;1,2;null;null;18;83,8;null;null;
2017-08-03;1,5;6,1;0;null;null;18,7;81;null;null;
2017-08-04;1;9;0;null;null;17,5;76;null;null;
2017-08-05;3;7,8;0;null;null;17,4;76,5;null;null;
2017-08-06;3;3,5;0;null;null;19,6;78,3;null;null;
2017-08-07;2,8;3,6;,3;null;null;18,4;77,5;null;null;
2017-08-08;2,9;null;0;null;null;16,6;77,3;null;null;
2017-08-09;3,2;4,7;0;null;null;17,3;83,8;null;null;
2017-08-10;2;8,5;0;null;null;18,3;70,5;null;null;
2017-08-11;4,1;8,3;0;null;null;19,7;70;null;null;
2017-08-12;4,7;7;0;null;null;18,6;73,8;null;null;
2017-08-13;1,9;6,5;0;null;null;17,5;73,5;null;null;
2017-08-14;5,3;7,4;0;null;null;16,8;98,8;82;null;
2017-08-15;4;5,5;0;null;null;16,8;74,3;null;null;
2017-08-16;3,6;7;1;null;null;17;74,8;null;null;
2017-08-17;4;7,5;0;null;null;18;63,8;null;null;
2017-08-18;3,1;6,5;0;null;null;19,7;68,8;null;null;
2017-08-19;4,1;3;,2;null;null;19,4;75,8;null;null;
2017-08-20;2,8;,6;0;null;null;19,6;79,3;null;null;
2017-08-21;2;5,4;0;null;null;18,8;98,8;null;null;
2017-08-22;3,2;1,6;1,2;null;null;18,7;82,3;null;null;
2017-08-23;2,4;2,2;1,9;null;null;17,6;92,3;null;null;
2017-08-24;1,4;0;7,1;null;null;17,4;92;null;null;
2017-08-25;,7;5,7;1,4;null;null;16,7;73,3;null;null;
2017-08-26;3,3;5,3;,1;null;null;16,5;87,3;null;null;
2017-08-27;2;3,9;1,3;null;null;16,6;86,8;null;null;
2017-08-28;1,8;4,4;1,4;null;null;17,4;85;null;null;
2017-08-29;2,6;5,5;0;null;null;17,8;81,8;null;null;
2017-08-30;2,6;3,7;0;null;null;18,5;80,8;null;null;
2017-08-31;3,2;8,8;0;null;null;17,5;66,5;null;null;
2017-09-01;4,5;6,3;0;null;null;19,8;70,5;null;null;
2017-09-02;3,4;8,2;,5;null;null;17,8;63;null;null;
2017-09-03;4;,8;0;null;null;17,8;85,3;null;null;
2017-09-04;4,4;0;11,5;null;null;17;94;null;null;
2017-09-05;2,7;0;8,9;null;null;16,5;95,5;null;null;
2017-09-06;,3;,2;12,7;null;null;17,1;94,8;null;null;
2017-09-07;,3;1,8;9,9;null;null;17,1;87,3;null;null;
2017-09-08;1,4;5,7;0;null;null;17,3;82,5;null;null;
2017-09-09;2,6;7,6;0;null;null;17,1;77,3;null;null;
2017-09-10;,7;null;,1;null;null;17,4;90,5;null;null;
2017-09-11;1,8;7,6;4;null;null;18,4;83,5;null;null;
2017-09-12;3,1;,3;12;null;null;16,8;90,8;null;null;
2017-09-13;1,3;,1;1;null;null;18,4;86,3;null;null;
2017-09-14;1,8;3,7;2,3;null;null;17,8;88;null;null;
2017-09-15;2;7,3;1,3;null;null;17,8;84,8;null;null;
2017-09-16;2;6,2;2,9;null;null;17,7;79,5;null;null;
2017-09-17;2,1;2;5,8;null;null;17,8;90;null;null;
2017-09-18;1,7;2,5;3,5;null;null;17,5;90,3;null;null;
2017-09-19;1,2;5,3;2,3;null;null;17,2;86;70;null;
2017-09-20;1,8;6,9;1,5;null;null;19,7;79,5;null;null;
2017-09-21;2,6;,7;1,3;null;null;18,1;89,3;null;null;
2017-09-22;1;2,2;12,9;null;null;17;85,3;null;null;
2017-09-23;1,7;7,6;,4;null;null;16,6;79,5;null;null;
2017-09-24;2,6;3,4;0;null;null;17,2;91;null;null;
2017-09-25;2;5,6;2,2;null;null;17,8;85,3;null;null;
2017-09-26;1;4,8;1,8;null;null;17,7;84,3;null;null;
2017-09-27;2;5;,9;null;null;18,8;82,3;null;null;
2017-09-28;2;3,4;1,8;null;null;19,9;82;null;null;
2017-09-29;2,8;6,3;,5;null;null;19,1;81,8;null;null;
2017-09-30;1,2;7,2;0;null;null;18,8;71;null;null;
2017-10-01;3;8;0;null;null;18,4;64,8;null;null;
2017-10-02;3;4,4;0;null;null;18,3;78,8;null;null;
2017-10-03;3;4,1;0;null;null;17,5;79;null;null;
2017-10-04;3;6,7;0;null;null;17,6;79,3;null;null;
2017-10-05;3,5;7,2;0;null;null;18,1;74,3;null;null;
2017-10-06;3,6;3,9;0;null;null;19,6;82,8;null;null;
2017-10-07;2,3;7,5;2,5;null;null;17,5;77;null;null;
2017-10-08;3,5;3,1;0;null;null;17,5;81;null;null;
2017-10-09;2,1;8,2;,9;null;null;18,5;78,3;null;null;
2017-10-10;3,2;9,5;0;null;null;17,5;72,5;null;null;
2017-10-11;4,1;8,9;0;null;null;18,2;72,3;null;null;
2017-10-12;3,7;7,1;0;null;null;18,8;71;null;null;
2017-10-13;4;8,5;0;null;null;18,8;63,8;null;0;
2017-10-14;3,8;6,5;0;null;null;19,4;68,3;null;0;
2017-10-15;4,2;5,2;0;null;null;20,9;66;null;null;
2017-10-16;3,8;5,4;0;null;null;19,5;68,3;null;null;
2017-10-17;4,1;6,4;0;null;null;19,8;67,5;null;null;
2017-10-18;4,8;5;,9;null;null;19,5;79,8;null;null;
2017-10-19;2,4;4,5;1,1;null;null;19,5;79;null;null;
2017-10-20;3,6;6,5;0;null;null;17,9;73;null;null;
2017-10-21;2,9;9,3;0;null;null;20,5;76,3;null;null;
2017-10-22;5;8;0;null;null;19,7;68;null;null;
2017-10-23;4,1;8,8;,6;null;null;19,8;66,3;null;null;
2017-10-24;4,6;7,2;,9;null;null;20;72,8;null;null;
2017-10-25;3,2;9,2;0;null;null;17,8;62;null;null;
2017-10-26;4;3,9;0;null;null;20;70,8;null;null;
2017-10-27;3;3,8;0;null;null;21,5;69;null;null;
2017-10-28;5;8,6;0;null;null;20,5;62,3;null;null;
2017-10-29;5;8,3;0;null;null;21,6;65,5;null;null;
2017-10-30;5,7;9,3;0;null;null;21,2;62;43;null;
2017-10-31;3,3;7,6;0;null;null;21,8;64;44;null;
2017-11-01;5,8;7,2;0;null;null;18,1;64,3;null;null;
2017-11-02;3,9;8,4;0;null;null;18,7;68,3;null;null;
2017-11-03;4,8;0;2;null;null;21,7;93,3;null;null;
2017-11-04;1,1;8,5;4,5;null;null;20,7;74,3;null;null;
2017-11-05;3,3;8,7;0;null;null;20,5;62,3;null;null;
2017-11-06;5,9;9,3;0;null;null;20;60,3;null;null;
2017-11-07;4,6;2,8;0;null;null;21;67,8;null;0;
2017-11-08;1,4;2;0;null;null;21,4;80,3;null;null;
2017-11-09;6,8;7;0;null;null;21;67;null;null;
2017-11-10;5;7,3;0;null;null;20,2;63,8;null;0;
2017-11-11;5,6;9,4;0;null;null;21;57,8;null;null;
2017-11-12;5,2;9,4;0;null;null;21;52;null;0;
2017-11-13;3,2;5;0;null;null;22;68,8;null;null;
2017-11-14;5,8;,4;0;null;null;20,3;81,3;74;null;
2017-11-15;3;4,7;,6;null;null;19,9;71;null;null;
2017-11-16;4,1;2,8;,3;null;null;20,5;65,3;null;null;
2017-11-17;4,9;5,6;0;null;null;20,6;62,8;null;null;
2017-11-18;5,8;10,3;0;null;null;19,3;64,8;null;null;
2017-11-19;5,1;8,8;0;null;null;20,9;61;null;5,1;
2017-11-20;5,6;10,2;0;null;null;21,2;62;null;null;
2017-11-21;6;10,1;0;null;null;20,4;60,8;null;null;
2017-11-22;5,8;8,6;0;null;null;21;64,5;null;0;
2017-11-23;7,8;10,2;0;null;null;21,5;55,8;null;null;
2017-11-24;null;8,7;0;null;null;21;64,3;null;null;
2017-11-25;6;8,3;0;null;null;21,6;61;null;null;
2017-11-26;6,1;6,9;0;null;null;21;59,8;null;null;
2017-11-27;5,4;10,1;0;null;null;19,3;59,5;null;null;
2017-11-28;6,3;9,6;0;null;null;19,7;59,3;null;null;
2017-11-29;1,1;9,9;0;null;null;21,7;62,3;null;null;
2017-11-30;5,7;9,5;0;null;null;20,7;59,8;null;null;
2017-12-01;5,6;3,6;0;null;null;21,9;61,8;null;null;
2017-12-02;4,7;7,3;0;null;null;21,7;60;null;null;
2017-12-03;4;4,2;0;null;null;21,7;61,8;null;null;
2017-12-04;6,3;null;0;null;null;21,8;54,5;null;null;
2017-12-05;7;9;0;null;null;22;54,5;null;null;
2017-12-06;5,4;9,8;0;null;null;21;58,8;null;null;
2017-12-07;6,9;9,2;0;null;null;21,8;67;null;null;
2017-12-08;6,6;8,6;0;null;null;21,7;56,8;null;null;
2017-12-09;5,4;2;,8;null;null;18,5;73,8;null;null;
2017-12-10;3,6;,2;10,1;null;null;18,7;85,8;null;null;
2017-12-11;2,3;1,4;4,1;null;null;17,5;72,3;null;null;
2017-12-12;3,3;2,2;0;null;null;19,5;85;null;null;
2017-12-13;2;7,4;11,3;null;null;21,7;69,8;null;null;
2017-12-14;null;8,7;0;null;null;21,3;65;null;null;
2017-12-15;1,5;8,8;0;null;null;20,7;62,5;null;null;
2017-12-16;5,2;6,6;0;null;null;20,9;68,3;null;null;
2017-12-17;4,5;8,3;0;null;null;18,1;66,5;null;null;
2017-12-18;5;4,4;0;null;null;18,1;68;null;null;
2017-12-19;4,7;2,7;0;null;null;21;69,5;null;null;
2017-12-20;5,6;2;0;null;null;20,9;71;null;null;
2017-12-21;3,7;5,7;0;null;null;20,8;69;null;null;
2017-12-22;4;5,7;0;null;null;18,1;70,3;null;null;
2017-12-23;5,4;8,1;0;26,4;25,4;21,5;68,8;null;null;
2017-12-24;5,3;4,2;0;null;null;16,7;67;null;null;
2017-12-25;4,4;8,1;0;null;null;18,5;64,5;null;null;
2017-12-26;4,6;7,2;0;null;null;20,7;60,3;null;null;
2017-12-27;3,6;8,6;0;null;null;18,5;60,5;null;null;
2017-12-28;5,2;8,9;0;null;null;21,3;65;null;null;
2017-12-29;null;5,4;0;null;null;18,1;68,3;null;null;
2017-12-30;7,4;8,7;0;null;null;16,5;61,8;44;null;
2017-12-31;2;9,7;0;null;null;19,9;60,8;39;null;
2018-01-01;6;9,2;0;null;null;21,9;56,8;null;null;
2018-01-02;5;6,8;0;null;null;22;68,5;null;0;
2018-01-03;6;8,8;0;null;null;23,6;59;37;null;
2018-01-04;6,8;5,4;0;null;null;23,8;84,8;null;null;
2018-01-05;3,2;8,8;2,1;null;null;22,2;65,3;null;null;
2018-01-06;4,6;7,8;0;null;null;23;63,5;null;null;
2018-01-07;4,5;7,8;0;null;null;21,9;62;null;null;
2018-01-08;5,8;8,8;0;null;null;20,4;60,5;null;null;
2018-01-09;5,7;7,8;0;null;null;20,8;69,3;null;null;
2018-01-10;4,5;9,1;1;null;null;21,9;60,5;null;null;
2018-01-11;4;0;1,2;null;null;22,2;80,8;null;0;
2018-01-12;3;3,8;0;null;null;20,2;69,8;null;null;
2018-01-13;4;4,3;0;null;null;22;68,8;null;null;
2018-01-14;3,5;7,3;0;null;null;22,2;60;null;null;
2018-01-15;5,4;9;0;null;null;21,8;58,8;null;null;
2018-01-16;4;8,9;0;null;null;21;55,8;null;null;
2018-01-17;7;7,8;0;null;null;21;62;null;null;
2018-01-18;6;9,4;0;null;null;21,9;58,8;null;null;
2018-01-19;6;6,4;0;null;null;22,5;58,3;null;null;
2018-01-20;5,5;9,4;0;null;null;22;61,5;null;null;
2018-01-21;6,1;7,5;0;null;null;20,9;56,5;null;null;
2018-01-22;6,6;10,1;0;null;null;21;65,8;null;null;
2018-01-23;6;8,1;0;null;null;21,2;60,5;null;null;
2018-01-24;6;5;0;null;null;21;66,8;null;null;
2018-01-25;4;8,1;0;null;null;21,2;66,5;null;null;
2018-01-26;5;4,8;0;null;null;22;61,3;null;null;
2018-01-27;5;8,6;0;null;null;22,4;56;null;null;
2018-01-28;6;1,6;0;null;null;22,1;70,3;null;null;
2018-01-29;3;3,6;0;null;null;17,3;67,8;null;null;
2018-01-30;5,8;6,3;0;null;null;18,7;74,3;null;null;
2018-01-31;4,2;7,3;7;null;null;22;67;null;null;
2018-02-01;7,2;8,2;0;null;null;18,7;60,3;null;null;
2018-02-02;1,7;6,6;0;null;null;18,1;70,3;null;null;
2018-02-03;3,9;8,1;5;null;null;19,7;81,3;null;null;
2018-02-04;4,9;4;0;null;null;18,7;72,5;null;null;
2018-02-05;6,2;6,9;0;null;null;22,6;60;null;null;
2018-02-06;9;3,5;0;null;null;24;65,5;null;null;
2018-02-07;8,2;1,8;0;null;null;23,3;68,8;null;null;
2018-02-08;4;9;0;null;null;23;62;null;null;
2018-02-09;6,2;6,6;0;null;null;23,6;64,5;null;null;
2018-02-10;5,8;4;0;null;null;23;70,3;null;null;
2018-02-11;3,9;4,1;0;null;null;21,6;72,5;null;null;
2018-02-12;5,5;3,4;0;null;null;20,3;71,3;null;null;
2018-02-13;4,2;5,7;0;null;null;16,7;77,5;null;null;
2018-02-14;3,1;7,4;0;null;null;20,9;78;null;null;
2018-02-15;8,6;5,5;1,8;null;null;16,7;85,8;null;null;
2018-02-16;8,3;5,8;,2;null;null;18,1;80,3;null;null;
2018-02-17;5,7;4,5;,2;null;null;16,3;87;null;null;
2018-02-18;3,1;,3;,3;null;null;16,7;78;null;null;
2018-02-19;5;4,2;0;null;null;22;69,5;null;null;
2018-02-20;4,1;8,9;0;null;null;21,6;62,5;null;null;
2018-02-21;5,7;8,1;0;null;null;22,1;63,5;null;null;
2018-02-22;5,5;4,9;0;null;null;22,6;72,8;null;null;
2018-02-23;7;2,8;0;null;null;23,4;69,8;null;null;
2018-02-24;4,8;7,3;3;null;null;22,2;70,8;null;null;
2018-02-25;5,4;3,4;0;null;null;22,1;74,8;null;null;
2018-02-26;5,6;3,5;0;null;null;16,8;65,5;null;null;
2018-02-27;2;1,7;0;null;null;17,6;64,5;45;null;
2018-02-28;5,9;1,4;0;null;null;18,5;71,5;null;null;
2018-03-01;5,8;,9;0;null;null;18,5;70;null;null;
2018-03-02;6,8;5,3;0;null;null;22,1;74,3;null;null;
2018-03-03;5,5;5,7;0;null;null;19,9;63;null;null;
2018-03-04;5,7;6,4;0;null;null;19,9;61,8;null;null;
2018-03-05;4,7;8,5;0;null;null;22,2;63,5;null;null;
2018-03-06;6,6;9,1;0;null;null;22,1;63,3;null;null;
2018-03-07;8,4;8,5;0;null;null;24;62,3;null;null;
2018-03-08;2,1;3,1;17;null;null;22,6;75,8;null;null;
2018-03-09;3;1;3;null;null;22,2;79;null;null;
2018-03-10;2;3,4;1;null;null;23,9;77,5;null;null;
2018-03-11;2;5,6;11;null;null;24;74;null;null;
2018-03-12;3,7;1,2;1,3;null;null;20,5;72;null;null;
2018-03-13;3,1;,7;0;null;null;19,9;70,8;null;null;
2018-03-14;3,8;6,7;1,9;null;null;19,3;68,8;null;null;
2018-03-15;2;8,5;0;null;null;17,7;68;null;null;
2018-03-16;5,3;9,1;0;null;null;16,3;66,5;null;null;
2018-03-17;4,4;8,7;0;null;null;17,3;64;null;null;
2018-03-18;4,5;7,6;0;null;null;17,3;72;null;null;
2018-03-19;4,9;8,4;0;null;null;22;66,5;null;null;
2018-03-20;4,1;8,3;0;null;null;22,2;65,8;null;null;
2018-03-21;4,9;8,5;0;null;null;22,6;69;null;null;
2018-03-22;5;8,8;0;null;null;21,9;72;null;null;
2018-03-23;5;8,4;0;null;null;22,8;68,3;null;null;
2018-03-24;4,4;4,9;0;null;null;23,7;78,8;null;null;
2018-03-25;2,6;4,2;0;null;null;22,1;81,3;null;null;
2018-03-26;1,8;,8;0;null;null;16,5;82,5;null;null;
2018-03-27;1,9;2,7;2,1;null;null;17,1;88,3;null;null;
2018-03-28;2,2;null;0;null;null;17,5;83,3;null;null;
2018-03-29;2,7;8,7;0;null;null;16,3;72,3;null;null;
2018-03-30;4,1;9,2;0;null;null;16,1;72;51;null;
2018-03-31;4,6;9,5;0;null;null;16,5;74,3;53;null;
2018-04-01;5;9,3;0;null;null;16,5;73,8;null;null;
2018-04-02;1,5;6,8;0;null;null;21,6;68,3;null;0;
2018-04-03;6,8;6,6;0;null;null;21,8;75,3;null;0;
2018-04-04;4;8,6;0;null;null;22;67,5;null;null;
2018-04-05;5;9,6;0;null;null;22;66,5;null;null;
2018-04-06;4;6,3;0;null;null;22,6;65,5;null;null;
2018-04-07;5;5,3;0;null;null;19,6;65,8;null;0;
2018-04-08;5,1;4,1;0;null;null;23;69,5;null;0;
2018-04-09;5,5;8,2;0;null;null;18,1;67,3;null;null;
2018-04-10;4,7;3,9;0;null;null;17,7;68,3;null;null;
2018-04-11;4,4;3,3;0;null;null;16,5;75,5;null;null;
2018-04-12;3,6;1,3;2;null;null;16,7;85,5;null;null;
2018-04-13;1,1;1,7;1,7;null;null;16,7;80,8;null;null;
2018-04-14;4;5,5;0;null;null;17,8;75,3;null;null;
2018-04-15;9,3;7,8;,2;null;null;18,1;72;null;null;
2018-04-16;2,3;7,8;0;null;null;21;68;null;null;
2018-04-17;3;2,9;,8;null;null;21;81;null;null;
2018-04-18;1,4;9,1;2;null;null;21,2;63,8;null;null;
2018-04-19;5,3;7,3;0;null;null;21,6;74,8;null;null;
2018-04-20;2,2;2,5;1,4;null;null;22;87,3;null;null;
2018-04-21;1,6;0;18,2;null;null;20;93;null;null;
2018-04-22;,4;1,4;4,7;null;null;20;85;null;null;
2018-04-23;2,5;1,7;0;null;null;16,7;88,5;null;null;
2018-04-24;2,3;4,4;0;null;null;16,3;87,5;null;null;
2018-04-25;2;1,2;1,2;null;null;16,1;93;null;null;
2018-04-26;1;2,8;0;null;null;16,7;88,5;null;null;
2018-04-27;3,9;3,4;0;null;null;16,1;82,8;null;null;
2018-04-28;2;4,5;,2;null;null;16,8;81,5;null;null;
2018-04-29;3;null;0;null;null;16,7;78;56;null;
2018-04-30;3,7;4,9;,7;null;null;21;84,3;null;null;
2018-05-01;2;0;0;null;null;21;77,5;null;null;
2018-05-02;2,6;0;6;null;null;21,2;75,5;null;null;
2018-05-03;3,4;5;7;null;null;21;78,8;null;null;
2018-05-04;2;2,5;4,1;null;null;21,1;83;null;null;
2018-05-05;2,1;7,4;4,9;null;null;20,6;81;null;0;
2018-05-06;3;6,6;0;null;null;20,6;83,5;null;null;
2018-05-07;2,5;,4;8,4;null;null;16,1;97;null;null;
2018-05-08;,7;5;3;null;null;18,1;88,5;null;null;
2018-05-09;2;8,3;0;null;null;19,7;83,3;null;null;
2018-05-10;3,6;7,7;0;null;null;16,5;76,8;null;null;
2018-05-11;1,7;5;0;null;null;16,5;84,5;null;null;
2018-05-12;3,3;5,8;0;null;null;16,1;84,3;null;null;
2018-05-13;1,6;8,1;0;null;null;16,5;80,5;null;null;
2018-05-14;2,7;6,5;0;null;null;20,4;81,8;null;null;
2018-05-15;3,4;9,1;0;null;null;20,9;76,8;null;null;
2018-05-16;4;1,2;0;null;null;21;83,8;null;null;
2018-05-17;2,6;9,6;0;null;null;21;76,5;null;null;
2018-05-18;3,4;5,1;0;null;null;21;77,5;null;null;
2018-05-19;3,2;10,1;0;null;null;20,6;68;null;null;
2018-05-20;5,2;9,5;0;null;null;19,7;68,8;null;null;
2018-05-21;4,7;10,1;0;null;null;16,1;76,5;null;null;
2018-05-22;4;7,3;0;null;null;18,1;78;60;null;
2018-05-23;3,3;9,1;,2;null;null;21;74,3;null;null;
2018-05-24;4,7;4;0;null;null;16,1;83,8;null;null;
2018-05-25;2;8,8;0;null;null;16,1;76;null;null;
2018-05-26;4,6;5,5;1,5;null;null;15,8;88,3;null;null;
2018-05-27;2,1;7,2;,2;null;null;15,7;79,8;null;null;
2018-05-28;3;4,1;,9;null;null;20;90,8;null;null;
2018-05-29;1,8;,9;2,2;null;null;19,6;93;null;null;
2018-05-30;1;4,2;7,4;null;null;18,8;91,5;null;null;
2018-05-31;,2;5,8;1,8;null;null;19,1;87,5;null;null;
2018-06-01;2,3;4,5;0;null;null;19,7;81,5;null;null;
2018-06-02;2,9;5,5;0;null;null;20,9;83;73;0;
2018-06-03;2;2,5;,2;null;null;21,9;81,3;null;null;
2018-06-04;1,4;5,9;5,3;null;null;16,1;92;null;null;
2018-06-05;2,2;6,2;,5;null;null;16,1;89,5;null;null;
2018-06-06;1,7;5,6;1,1;null;null;15,7;82;null;null;
2018-06-07;2,5;4,7;0;null;null;15,8;87,8;null;null;
2018-06-08;6,1;4,2;0;null;null;16,6;87;null;null;
2018-06-09;1,3;8,1;0;null;null;17,8;72,3;null;null;
2018-06-10;4;5,9;,4;null;null;16,1;83,5;null;null;
2018-06-11;1;7,9;2,6;null;null;16,3;77,8;null;null;
2018-06-12;3,3;8,6;3;null;null;16,7;91,3;null;null;
2018-06-13;1,9;5,9;2;null;null;15,8;82,8;null;null;
2018-06-14;2;6,2;,8;null;null;15,1;86;null;null;
2018-06-15;3;1,2;,3;null;null;15,8;92,5;null;null;
2018-06-16;1;6,9;1,5;null;null;15,8;85;null;null;
2018-06-17;1,7;3;2;null;null;14,8;85,8;null;null;
2018-06-18;3,3;1,7;2;null;null;14,8;93;null;null;
2018-06-19;,4;2,3;5,4;null;null;19,3;97,3;null;null;
2018-06-20;1,3;7,8;2,8;null;null;16,5;83,8;null;null;
2018-06-21;3,8;10,5;,2;null;null;14,7;86,3;null;null;
2018-06-22;3,8;8,2;0;null;null;14,5;85,5;null;null;
2018-06-23;2,4;9,2;0;null;null;16,3;78;null;null;
2018-06-24;3,9;9,4;0;null;null;15,7;79,8;null;null;
2018-06-25;3,7;5,4;0;null;null;14,8;80,3;null;null;
2018-06-26;3;7,8;0;null;null;18,1;85,3;null;null;
2018-06-27;4;6,9;0;null;null;17,3;82,8;null;null;
2018-06-28;3,4;6,6;,9;null;null;16,1;78,3;null;null;
2018-06-29;3,6;2,3;0;null;null;15,6;89,3;null;null;
2018-06-30;1,6;8,8;6,7;null;null;18,4;84,8;null;null;
2018-07-01;2,9;8,7;0;null;null;18,2;76,8;null;null;
2018-07-02;3;2,7;,6;null;null;19,7;84,3;null;null;
2018-07-03;2;8;,7;null;null;19,9;78,5;56;null;
2018-07-04;3,1;7,8;0;null;null;18,6;77,3;null;null;
2018-07-05;4,1;6,1;,4;null;null;18,8;77,5;null;null;
2018-07-06;3,6;,8;0;null;null;18,7;71,5;null;null;
2018-07-07;2,5;7,8;,6;null;null;20;75;null;null;
2018-07-08;3,7;7,6;0;null;null;18,6;77,5;null;null;
2018-07-09;3,2;7,8;0;null;null;19,7;73,8;null;null;
2018-07-10;5,5;7,7;0;null;null;18,1;82,5;null;null;
2018-07-11;9,3;7,8;0;null;null;18,5;82,5;null;null;
2018-07-12;3,9;7,5;0;null;null;18,1;83,3;null;null;
2018-07-13;3,8;4,1;0;null;null;18,1;81;null;null;
2018-07-14;3,8;null;0;null;null;18,5;77;null;null;
2018-07-15;4,8;10;0;null;null;18,1;72;null;null;
2018-07-16;2,3;6;0;null;null;18,4;80,3;null;null;
2018-07-17;4;4,3;1,7;null;null;18,6;78,5;null;null;
2018-07-18;3,3;9,2;0;null;null;18,2;76,8;null;null;
2018-07-19;1,5;4,1;2,2;null;null;18,7;84,8;null;null;
2018-07-20;4,5;5,1;2,3;null;null;18,4;87,5;null;null;
2018-07-21;2;9,5;,8;null;null;18;78,3;null;null;
2018-07-22;3;7,9;,6;null;null;18;81;null;null;
2018-07-23;5,6;6,3;0;null;null;16,5;80,8;null;null;
2018-07-24;4,3;8,5;0;null;null;16,1;76,3;null;null;
2018-07-25;5,2;6,2;0;null;null;17,1;85,3;null;4,1;
2018-07-26;1,5;4,8;0;null;null;18,3;79,5;null;null;
2018-07-27;4,6;8,1;0;null;null;18,7;81,3;null;null;
2018-07-28;1,9;5,1;,1;null;null;15,6;86;null;null;
2018-07-29;2,7;5;,8;null;null;18,5;83,5;null;null;
2018-07-30;3;8,1;4;null;null;18,6;75,5;null;null;
2018-07-31;3;5,9;0;null;null;19,5;76,5;null;null;
2018-08-01;4;7,7;0;null;null;18,7;73,5;null;null;
2018-08-02;3,8;10;0;null;null;18,8;73,8;null;null;
2018-08-03;6;10;0;null;null;18,6;69;null;null;
2018-08-04;4,4;9,8;0;null;null;18,8;70,8;null;null;
2018-08-05;5,6;10,2;0;null;null;18,8;64,3;null;null;
2018-08-06;4,8;10;0;null;null;18,7;70,8;null;null;
2018-08-07;5,9;7,4;0;null;null;18,1;77;null;null;
2018-08-08;4,3;4,8;,1;null;null;17,5;79;null;null;
2018-08-09;3,5;9;0;null;null;17,8;77;null;null;
2018-08-10;2,8;null;0;null;null;18,1;71,3;null;null;
2018-08-11;5,9;10,2;0;null;null;19,3;67,5;null;null;
2018-08-12;2,4;10;0;null;null;18,8;65,8;null;null;
2018-08-13;4,2;3,1;0;null;null;19,8;73,8;null;null;
2018-08-14;5,2;8,4;0;null;null;19,9;66,5;null;null;
2018-08-15;5;9;0;null;null;18,8;63;null;null;
2018-08-16;5,9;9,4;0;null;null;18,6;63,5;null;null;
2018-08-17;5,6;8,2;0;null;null;20,6;67;null;null;
2018-08-18;4,4;2,1;0;null;null;19,7;78,3;null;null;
2018-08-19;3,1;5,5;,2;null;null;19,9;80,3;null;null;
2018-08-20;5,3;5,7;10,2;null;null;16,1;86;null;null;
2018-08-21;2,4;6,1;1,2;null;null;16,5;88;null;null;
2018-08-22;,9;3,8;,8;null;null;18,5;78,3;null;null;
2018-08-23;3,2;7,1;,8;null;null;18,2;77,8;null;null;
2018-08-24;4;6,4;,3;null;null;18,7;76;null;null;
2018-08-25;4,3;9;0;null;null;18,1;76,3;null;null;
2018-08-26;4,7;9,4;0;null;null;18,2;73,3;null;null;
2018-08-27;3,2;4,7;1,2;null;null;18,8;82;null;null;
2018-08-28;3;8,3;3,4;null;null;19,2;80,5;null;null;
2018-08-29;3,1;8,3;1,2;null;null;18,8;77,8;48;null;
2018-08-30;3,3;5,6;2;null;null;17,5;87,8;null;null;
2018-08-31;5,7;6,6;,8;null;null;17,6;77;72;null;
2018-09-01;2,9;8,2;0;null;null;19,8;70,8;null;null;
2018-09-02;2,9;5,3;0;null;null;19,2;73,5;null;null;
2018-09-03;3,6;9,6;0;null;null;18,5;73;null;null;
2018-09-04;4,4;10,3;0;null;null;18,8;70;null;null;
2018-09-05;4,7;10,3;0;null;null;19,7;66;null;null;
2018-09-06;4,5;4,1;0;null;null;19,7;79,8;null;null;
2018-09-07;2,8;4,4;0;null;null;19,7;88,8;null;null;
2018-09-08;2,6;4,4;6,4;null;null;16,5;84,5;null;null;
2018-09-09;2,7;9,3;1,7;null;null;18,1;83,5;null;null;
2018-09-10;3,1;8,9;0;null;null;17,8;71;null;null;
2018-09-11;5,5;9,9;0;null;null;17,9;71,8;null;0;
2018-09-12;4;10,4;0;null;null;18;63,5;null;null;
2018-09-13;3,1;9,3;0;null;null;19,6;67,5;null;null;
2018-09-14;5,5;10,5;0;null;null;18,5;64,3;null;null;
2018-09-15;4,6;10,4;0;null;null;18,6;69;null;null;
2018-09-16;5,6;10,2;0;null;null;19,8;57,8;null;null;
2018-09-17;5,7;9,9;0;null;null;18,1;69,5;null;null;
2018-09-18;10,9;8,6;0;null;null;15,6;75,5;null;null;
2018-09-19;4,6;9,1;0;null;null;21;64;null;null;
2018-09-20;4,2;9,2;0;null;null;20,7;71,8;null;null;
2018-09-21;6,1;8,5;0;null;null;16,1;70,3;null;null;
2018-09-22;5,2;10,3;0;null;null;18,5;69,5;null;null;
2018-09-23;5,3;8,3;0;null;null;19,3;74;null;null;
2018-09-24;5;9,3;0;null;null;21;65,5;null;null;
2018-09-25;1,5;9,8;0;null;null;21;69;null;null;
2018-09-26;5,1;8,2;0;null;null;21;70,8;null;null;
2018-09-27;4,8;9,8;0;null;null;20;67,5;null;null;
2018-09-28;5,4;7,8;0;null;null;20,9;67,5;null;null;
2018-09-29;4,8;7,9;0;null;null;20,4;61,3;44;null;
2018-09-30;5,8;8,8;0;null;null;21,8;57,3;46;null;
2018-10-01;5,9;8;0;null;null;18,1;65;null;null;
2018-10-02;9;7,8;0;null;null;19,7;69,8;null;null;
2018-10-03;1,7;7,2;0;null;null;16,6;68,3;null;null;
2018-10-04;3,2;9,3;0;null;null;18,1;70,5;null;null;
2018-10-05;2,6;9;0;null;null;16,1;70;null;null;
2018-10-06;6,5;9,8;0;null;null;16,1;71;null;null;
2018-10-07;4,4;8,8;0;null;null;16,5;73,3;null;null;
2018-10-08;4;8,1;0;null;null;21;65;null;null;
2018-10-09;5,5;9,5;0;null;null;18,6;64;null;null;
2018-10-10;4,5;10,1;0;null;null;19,9;55,3;null;null;
2018-10-11;6;8;0;null;null;20;65;null;null;
2018-10-12;6,4;9,2;0;null;null;20,4;64,3;null;null;
2018-10-13;4,6;9,7;0;null;null;21;66,5;null;null;
2018-10-14;6;8,9;0;null;null;21,8;62,3;null;null;
2018-10-15;4,8;10,7;0;null;null;18,1;67,3;null;null;
2018-10-16;8;8,2;0;null;null;18,1;76;null;null;
2018-10-17;4,1;5,1;8,8;null;null;18,1;76,3;null;null;
2018-10-18;4,1;3;0;null;null;21,5;68,5;null;null;
2018-10-19;4,7;9,5;0;null;null;21,3;63,5;null;null;
2018-10-20;5,5;9,7;0;null;null;19,3;60,8;null;null;
2018-10-21;5,9;5;0;null;null;18,5;81;null;null;
2018-10-22;2,8;0;0;null;null;18,7;78;null;null;
2018-10-23;2,2;4,5;2;null;null;21,1;76,3;null;null;
2018-10-24;2;3,1;,6;null;null;21,6;65,5;null;null;
2018-10-25;4;10,1;0;null;null;19,8;59;null;null;
2018-10-26;6;10,2;0;null;null;21,2;59,3;null;null;
2018-10-27;5;9,7;0;null;null;22;55,5;null;null;
2018-10-28;6,7;9,7;0;null;null;22,6;70,3;null;null;
2018-10-29;5,4;6,2;2;null;null;19,3;77,8;null;null;
2018-10-30;4,4;1;7,8;null;null;18,5;78,8;71;null;
2018-10-31;3,6;10,4;0;null;null;17,6;66,3;47;null;
2018-11-01;5,3;9,3;0;null;null;21,3;66;null;null;
2018-11-02;5,7;10,8;0;null;null;20,3;71;null;null;
2018-11-03;5,8;9;0;null;null;18,1;67;null;null;
2018-11-04;4;10,8;0;null;null;18,1;68;null;null;
2018-11-05;4,1;10,6;0;null;null;21;64;null;null;
2018-11-06;6,1;10,3;0;null;null;21,6;63,8;null;null;
2018-11-07;5,9;10,6;0;null;null;20,6;59,8;null;null;
2018-11-08;6;7,8;0;null;null;21;65;null;null;
2018-11-09;6;9;0;null;null;22,6;65,8;null;null;
2018-11-10;6;6,1;0;null;null;21,8;61,8;null;null;
2018-11-11;6;9,4;0;null;null;22,2;61;null;null;
2018-11-12;6,3;2,1;0;null;null;18,5;65;null;null;
2018-11-13;5,9;9,4;0;null;null;18,5;62,5;null;null;
2018-11-14;6;10,4;0;null;null;16,1;61;null;null;
2018-11-15;5,7;7,1;0;null;null;20,7;68;null;null;
2018-11-16;5,5;8,4;0;null;null;18,1;69,3;null;null;
2018-11-17;6;7,2;0;null;null;19,7;69,8;null;null;
2018-11-18;5,2;8,9;0;null;null;18,1;65,3;null;null;
2018-11-19;5,7;10,9;0;null;null;20,7;58,3;null;null;
2018-11-20;6;9,9;0;null;null;22,6;58,5;null;null;
2018-11-21;6;9,6;0;null;null;22;61,3;null;null;
2018-11-22;5,2;10,4;0;null;null;22;63,5;null;null;
2018-11-23;6,5;8,2;0;null;null;21,5;60,5;null;null;
2018-11-24;4,2;8,5;0;null;null;21,7;63,3;null;null;
2018-11-25;5,6;2,8;0;null;null;22,7;67,5;null;null;
2018-11-26;4,8;0;0;null;null;19,3;86,8;null;null;
2018-11-27;1,7;1,4;10,4;null;null;16,1;89,8;null;null;
2018-11-28;1,8;4,4;1,7;null;null;16,5;83,3;null;null;
2018-11-29;2,8;8,1;1,3;null;null;16,1;78,3;59;null;
2018-11-30;3,3;7,2;0;null;null;18,1;69;55;null;
2018-12-01;4,5;6,8;0;null;null;18,5;71,3;null;null;
2018-12-02;3,8;2,7;27,9;null;null;16,5;84,3;null;null;
2018-12-03;2,2;3,2;0;null;null;21,8;82,5;null;null;
2018-12-04;2,4;,8;38,3;null;null;21,7;89,5;null;null;
2018-12-05;1,2;,8;1,1;null;null;21,8;80,5;null;null;
2018-12-06;2,8;6,4;12,5;null;null;20,9;81,8;null;null;
2018-12-07;2,1;10,5;,5;null;null;22;72,5;null;null;
2018-12-08;4;11,1;0;null;null;21;70,5;null;null;
2018-12-09;5;1;8,7;null;null;23;89,8;null;null;
2018-12-10;1,9;3,8;0;null;null;18,5;84,8;null;null;
2018-12-11;1,4;10,4;2;null;null;17,7;77;null;null;
2018-12-12;5,9;9,5;0;null;null;16,1;73,8;null;null;
2018-12-13;4,3;5,2;1;null;null;16,5;85,8;null;null;
2018-12-14;2,8;8,5;0;null;null;16,5;78;null;null;
2018-12-15;4;9,7;0;null;null;21,9;72,3;null;null;
2018-12-16;5;7,4;0;null;null;16,3;74;null;null;
2018-12-17;3,5;8,5;0;null;null;21;84,8;null;null;
2018-12-18;2,9;6,2;,8;null;null;21,6;73,8;null;null;
2018-12-19;3,2;10,7;0;null;null;21,9;69,5;null;null;
2018-12-20;4,9;11;0;null;null;20;69,3;null;null;
2018-12-21;5;4;0;null;null;20;75;null;null;
2018-12-22;3,9;10,8;0;null;null;20,3;62,3;null;null;
2018-12-23;5,9;7,3;0;null;null;21,6;66,3;null;null;
2018-12-24;4,8;,6;0;null;null;19,3;79,5;null;null;
2018-12-25;8;8,8;0;null;null;18,1;68,8;null;null;
2018-12-26;,9;11;0;null;null;16,1;65,8;null;null;
2018-12-27;5,9;11,1;0;null;null;20,7;66,5;null;null;
2018-12-28;6,3;10,8;0;null;null;18,1;69,8;null;null;
2018-12-29;6,1;8,4;0;null;null;18,7;68;null;null;
2018-12-30;6;6,6;0;null;null;19,7;73;53;null;
2018-12-31;4;10,4;0;null;null;21,7;53;46;null;
2019-01-01;8,7;9;0;null;null;23,6;64;null;null;
2019-01-02;4;10,3;0;null;null;23;62,5;null;null;
2019-01-03;3,5;9,3;0;null;null;21,9;65,8;null;null;
2019-01-04;6;6,6;0;null;null;21,8;72,5;null;null;
2019-01-05;1,5;6,2;6,4;null;null;21;73,8;null;null;
2019-01-06;6,6;1,9;0;null;null;22,2;72,3;null;null;
2019-01-07;4;,5;0;null;null;22;77,3;null;null;
2019-01-08;4;1,7;0;null;null;21;70,3;null;null;
2019-01-09;4;7,9;0;null;null;20,7;72;null;null;
2019-01-10;4;7,5;0;null;null;21,9;63,5;null;null;
2019-01-11;6;9;0;null;null;22;63,5;null;null;
2019-01-12;6;9,6;0;null;null;22,1;68,3;null;null;
2019-01-13;5,6;10,1;0;null;null;20,6;65,8;null;null;
2019-01-14;5,2;null;0;null;null;19,3;64,8;null;null;
2019-01-15;3,2;9,9;0;null;null;17,7;63;null;null;
2019-01-16;5,7;4,7;0;null;null;16,5;66;null;null;
2019-01-17;5,2;7,2;0;null;null;18,5;69,3;null;null;
2019-01-18;4,8;10,3;0;null;null;19,3;61,5;null;null;
2019-01-19;3;10,4;0;null;null;18,1;70,5;null;null;
2019-01-20;5,8;9,8;0;null;null;19,3;62,5;null;null;
2019-01-21;6,2;8,5;0;null;null;23;64,3;null;null;
2019-01-22;6;10,9;0;null;null;22;59;null;null;
2019-01-23;9,9;10,4;0;null;null;22,2;60,5;null;null;
2019-01-24;9,1;8,7;0;null;null;22;63,3;null;null;
2019-01-25;6,5;8,4;0;null;null;23;64,8;null;null;
2019-01-26;6,7;8,7;0;null;null;21;59,8;null;null;
2019-01-27;5,7;10,4;0;null;null;22,1;52,5;null;null;
2019-01-28;7,5;4;0;null;null;16,5;81,5;null;null;
2019-01-29;2,6;7,5;21,8;null;null;16,5;75;null;null;
2019-01-30;2,7;10,4;,3;null;null;19,7;74,3;50;null;
2019-01-31;5,3;9,2;0;null;null;18,1;69,3;48;null;
2019-02-01;,7;9,1;0;null;null;18,5;66,8;null;null;
2019-02-02;6,8;5,2;0;null;null;18,5;72,8;null;null;
2019-02-03;3,6;8,3;0;null;null;16,7;66;null;null;
2019-02-04;6,7;10,7;0;null;null;22,2;61,8;null;null;
2019-02-05;7,5;7;0;null;null;25;61;null;null;
2019-02-06;6,6;5;0;null;null;25;74;null;null;
2019-02-07;4,7;4,5;1;null;null;23,6;71;null;null;
2019-02-08;4,9;10,5;0;null;null;23,2;67,5;null;null;
2019-02-09;7;9,5;0;null;null;22,6;61;null;null;
2019-02-10;7;9,5;0;null;null;22;56,3;null;null;
2019-02-11;9,5;9,5;0;null;null;19,3;65,5;null;null;
2019-02-12;7;7,6;0;null;null;18,5;71,3;null;null;
2019-02-13;2,3;6,6;0;null;null;18,5;65,3;null;null;
2019-02-14;7;3,4;0;null;null;22,7;67,8;null;null;
2019-02-15;5,3;4,9;0;null;null;20,9;71,8;null;null;
2019-02-16;4,7;4,2;2,5;null;null;21,3;84,5;null;null;
2019-02-17;3;7,1;17,6;null;null;18,1;72,3;null;null;
2019-02-18;4,9;10;1,7;null;null;23,9;70,3;null;null;
2019-02-19;4,2;8,1;0;null;null;23,4;63,8;null;null;
2019-02-20;5,4;10,8;0;null;null;21,9;62,5;null;null;
2019-02-21;5,3;9,4;0;null;null;22,6;63;null;null;
2019-02-22;5;10,5;0;null;null;22;66,5;null;null;
2019-02-23;5;4,7;0;null;null;22,6;62,3;null;null;
2019-02-24;6,9;3,3;0;null;null;23,9;63,8;null;null;
2019-02-25;5,4;9,4;0;null;null;20,3;67;null;null;
2019-02-26;6;8,2;0;null;null;19,9;68,8;null;null;
2019-02-27;5,5;7,2;23;null;null;18,1;77,8;67;null;
2019-02-28;2,5;10,3;0;null;null;18,5;65,8;47;null;
2019-03-01;7,5;9,4;0;null;null;23;70,8;null;null;
2019-03-02;6,4;9,7;0;null;null;23,5;64,8;null;null;
2019-03-03;5,4;9,6;0;null;null;22;65;null;null;
2019-03-04;5,9;5,9;0;null;null;22,4;79,5;null;null;
2019-03-05;3,6;8,4;9,4;null;null;22,1;74;null;null;
2019-03-06;4,8;9,3;0;null;null;22,1;76,3;null;null;
2019-03-07;4,4;8,7;1;null;null;22,6;66,8;null;null;
2019-03-08;6,8;9,7;0;null;null;23,1;63;null;null;
2019-03-09;7;9,9;0;null;null;22,4;58,3;null;null;
2019-03-10;5,6;10,2;0;null;null;22;61,8;null;null;
2019-03-11;7,4;10,7;0;null;null;18,1;60,8;null;null;
2019-03-12;6,3;10,4;0;null;null;18,5;67,3;null;null;
2019-03-13;5,9;9,5;0;null;null;18,7;69,8;null;null;
2019-03-14;6,5;null;0;null;null;20,5;84,8;null;null;
2019-03-15;3;9;,9;null;null;18,7;70;null;null;
2019-03-16;4,8;9,3;0;null;null;17,7;65,8;null;null;
2019-03-17;4,5;9,6;0;null;null;18,5;66,5;null;null;
2019-03-18;7,1;9,4;0;null;null;24;61;null;null;
2019-03-19;6,9;10,4;0;null;null;24,6;59;null;null;
2019-03-20;6;9,7;0;null;null;27,2;55,3;null;null;
2019-03-21;7,9;,9;19,2;null;null;22;80,5;null;null;
2019-03-22;2,4;8,4;4,2;null;null;22,8;80,3;null;null;
2019-03-23;3,6;1,9;6;null;null;22,1;84,5;null;null;
2019-03-24;3;6,6;0;null;null;23,1;75,3;null;null;
2019-03-25;6,2;4,3;24,9;null;null;18,1;89,8;null;null;
2019-03-26;1,4;9,8;,3;null;null;18,1;81,3;null;null;
2019-03-27;2,8;7,4;0;null;null;19,3;85,5;null;null;
2019-03-28;2,4;10;0;null;null;18,5;75;null;null;
2019-03-29;3,1;7,2;0;null;null;18,1;83,8;null;null;
2019-03-30;2,7;null;0;null;null;18,5;87,5;65;null;
2019-03-31;1,7;6,5;0;null;null;18,5;82;71;null;
2019-04-01;4;3,5;0;null;null;22;77,8;null;null;
2019-04-02;2,9;7,8;0;null;null;23;76,5;null;null;
2019-04-03;2,2;7,3;0;null;null;23,7;77;null;null;
2019-04-04;2,9;8;0;null;null;22,4;64;null;null;
2019-04-05;3;4,3;0;null;null;23,1;79,5;null;null;
2019-04-06;1,9;4,4;25,6;null;null;22,9;79;null;null;
2019-04-07;1,8;9,2;1,6;null;null;18,1;78,8;null;null;
2019-04-08;2,9;9,3;0;null;null;23;74;null;null;
2019-04-09;1,9;8,6;0;null;null;19,9;73,3;null;null;
2019-04-10;2,9;8,2;0;null;null;19,3;77,8;null;null;
2019-04-11;3;5,7;0;null;null;20,7;75;null;null;
2019-04-12;2,6;10,3;0;null;null;18,7;70,5;null;null;
2019-04-13;3,5;9;0;null;null;17,7;75,8;null;null;
2019-04-14;3,8;8,3;0;null;null;18,1;73,8;null;null;
2019-04-15;2,7;8,3;0;null;null;22,7;73,8;null;0;
2019-04-16;3,4;4,9;0;null;null;22,9;77,5;null;null;
2019-04-17;2;6,8;0;null;null;23;73,5;null;null;
2019-04-18;3;6,5;0;null;null;23;70,3;null;null;
2019-04-19;3,2;8;0;null;null;22,8;67;null;null;
2019-04-20;3,8;,2;0;null;null;22,6;71,8;null;null;
2019-04-21;3,1;4,1;0;null;null;23;74,3;null;null;
2019-04-22;3,7;8,4;0;null;null;18,5;70,5;null;null;
2019-04-23;5,7;4,9;0;null;null;19,7;77;null;null;
2019-04-24;2,9;8;0;null;null;17,7;73,8;null;null;
2019-04-25;4,8;8;0;null;null;16,1;73,8;null;null;
2019-04-26;4,8;9,4;0;null;null;18,1;72,5;null;null;
2019-04-27;4,7;7,5;0;null;null;18,1;75,5;null;null;
2019-04-28;8,6;6,4;0;null;null;18,1;68;null;null;
2019-04-29;7,5;10;0;null;null;22;63;55;null;
2019-04-30;9,2;,1;0;null;null;23,4;59,5;null;null;
2019-05-01;3,8;4,5;0;null;null;23;81,8;null;null;
2019-05-02;2,1;7,3;,2;null;null;22,6;74,5;null;null;
2019-05-03;3,5;8;0;null;null;22,4;66,5;null;null;
2019-05-04;4,6;8,8;0;null;null;21,6;67;null;null;
2019-05-05;4,3;10,1;0;null;null;21;67,3;null;null;
2019-05-06;5,4;8,9;0;null;null;16,5;75,8;null;null;
2019-05-07;4;9,7;0;null;null;16,7;74,3;null;null;
2019-05-08;2,4;2,3;0;null;null;19,7;79,3;null;null;
2019-05-09;8,6;5,7;0;null;null;18,5;71,5;null;null;
2019-05-10;4,7;7,8;0;null;null;18,1;80,8;null;null;
2019-05-11;2,9;7,1;,6;null;null;18,5;80;null;null;
2019-05-12;2,7;6,8;0;null;null;18,1;78;null;null;
2019-05-13;3,4;6,8;0;null;null;17,7;77,5;null;0;
2019-05-14;2,5;7,5;0;null;null;22,2;65,5;null;null;
2019-05-15;4,1;5,7;0;null;null;22,4;68;null;0;
2019-05-16;2,9;6,9;0;null;null;23;65,5;null;null;
2019-05-17;3;6,3;,2;null;null;22,6;74,5;null;null;
2019-05-18;3,3;5,2;0;null;null;22;71,3;null;null;
2019-05-19;3,7;8,4;0;null;null;21,9;73;null;null;
2019-05-20;5,2;null;0;null;null;19,3;75,5;null;null;
2019-05-21;3,2;8,9;0;null;null;18,1;72,3;null;null;
2019-05-22;3,4;2,4;,4;null;null;18,5;93,5;null;null;
2019-05-23;1,8;9,5;4,9;null;null;17,7;79,5;null;null;
2019-05-24;2,5;8,8;0;null;null;17,5;75;null;null;
2019-05-25;4;9,8;0;null;null;16,5;73;null;null;
2019-05-26;4,6;9,8;0;null;null;17,5;70;null;null;
2019-05-27;4;9,2;0;null;null;22;72,5;null;null;
2019-05-28;5;5,9;,4;null;null;21,9;75;null;null;
2019-05-29;2;6;0;null;null;21,4;69,5;null;null;
2019-05-30;3;6;0;null;null;21,7;74;64;null;
2019-05-31;4;9,5;0;null;null;21;70,5;59;null;
2019-06-01;5,2;8,5;0;null;null;21,6;75;null;null;
2019-06-02;4;3,1;0;null;null;21,6;77,8;null;null;
2019-06-03;3,2;10;0;null;null;16,5;77;null;null;
2019-06-04;4,8;8,8;0;null;null;18,1;69,5;null;null;
2019-06-05;4,3;9,9;0;null;null;15,7;66;null;null;
2019-06-06;2;0;1,8;null;null;20;94,5;null;null;
2019-06-07;,5;0;8,7;null;null;19,6;95,5;null;null;
2019-06-08;,3;6,4;17,3;null;null;16,5;88,8;null;null;
2019-06-09;2,8;4,3;0;null;null;16,1;95,3;null;null;
2019-06-10;,3;,9;5,6;null;null;20,2;95,3;null;null;
2019-06-11;1;1,3;4,7;null;null;20,1;91,5;null;null;
2019-06-12;1;1,2;2,7;null;null;18,8;93,3;null;null;
2019-06-13;1;null;10,6;null;null;19,9;92,5;null;null;
2019-06-14;1,1;6,6;13,6;null;null;20;82,3;null;null;
2019-06-15;2;7,2;,4;null;null;20,2;78,3;null;null;
2019-06-16;3;9,7;0;null;null;18,8;75,8;null;null;
2019-06-17;3,7;2,4;,4;null;null;18,7;86;null;null;
2019-06-18;2;,2;1,3;null;null;16,1;94,5;null;null;
2019-06-19;1,2;,8;2,3;null;null;15,7;94;null;null;
2019-06-20;,7;,1;7,3;null;null;16,1;96,3;null;null;
2019-06-21;2,9;9,1;4;null;null;16,3;87;null;null;
2019-06-22;2,5;2,8;1,3;null;null;16,1;89,5;null;null;
2019-06-23;2;2,9;2,9;null;null;16,1;92,8;null;null;
2019-06-24;1;1,2;2,4;null;null;20;87;null;null;
2019-06-25;2;3,7;0;null;null;18;86;null;null;
2019-06-26;2;3,3;0;null;null;19,9;84;null;null;
2019-06-27;1,8;,7;0;null;null;19,8;86,5;null;null;
2019-06-28;1,4;5,4;3;null;null;19,6;77;null;null;
2019-06-29;2,6;7,2;,8;null;null;20;82,8;67;null;
2019-06-30;2,7;2,5;0;null;null;16,1;90;87;null;
2019-07-01;1,8;6;1,9;null;null;15,7;84;null;null;
2019-07-02;2,1;4,6;2,3;null;null;15,1;85,3;null;null;
2019-07-03;2;10,2;0;null;null;15,7;80,3;null;null;
2019-07-04;3;8,6;0;null;null;15,8;67,8;null;null;
2019-07-05;3;7,2;0;null;null;18,1;78,3;null;null;
2019-07-06;2,7;8,1;0;null;null;18,1;77,5;null;null;
2019-07-07;4,7;6,4;0;null;null;17,7;84,3;null;null;
2019-07-08;2,2;0;14,6;null;null;19,2;96,8;null;null;
2019-07-09;,7;0;7,2;null;null;18,8;95,3;null;null;
2019-07-10;,4;0;5,2;null;null;17,9;92,3;null;null;
2019-07-11;,7;2,2;2,8;null;null;18;90,5;null;null;
2019-07-12;1,2;,5;0;null;null;18,4;88,3;null;null;
2019-07-13;1;10;4,4;null;null;19,8;91,3;null;null;
2019-07-14;1;4,7;3,1;null;null;19,2;84,5;null;null;
2019-07-15;1,4;3,6;0;null;null;20,6;90,3;null;null;
2019-07-16;4,9;10,1;0;null;null;18,6;80;null;null;
2019-07-17;1,1;10;0;null;null;17,8;75,5;null;null;
2019-07-18;3,6;1,5;0;null;null;17,8;81;null;null;
2019-07-19;,6;,3;4,4;null;null;18,1;92;null;null;
2019-07-20;1,4;8;3,8;null;null;16,8;85,8;null;null;
2019-07-21;2,1;5,6;0;null;null;18,1;91,5;null;null;
2019-07-22;1,8;4,6;3,1;null;null;18;89,5;null;null;
2019-07-23;,6;6,9;0;null;null;18,6;87,5;null;null;
2019-07-24;1,1;5,8;,8;null;null;18,3;81,8;null;null;
2019-07-25;2,8;7,6;,3;null;null;18,2;85;null;null;
2019-07-26;2,9;7,9;0;null;null;18;80,3;null;null;
2019-07-27;5;2,3;0;null;null;18;84,3;null;null;
2019-07-28;,2;3,8;1,9;null;null;18,4;93,5;null;null;
2019-07-29;1,1;9,2;8,4;null;null;17,8;86,5;null;null;
2019-07-30;2,4;,2;6,3;null;null;15,5;95;89;null;
2019-07-31;,2;8,5;1,6;null;null;17,6;90,5;74;null;
2019-08-01;2;7,4;0;null;null;17,5;87,3;null;null;
2019-08-02;2,1;8,2;,2;null;null;18,8;82,3;null;null;
2019-08-03;2,8;9,8;0;null;null;17,6;82,8;null;null;
2019-08-04;1,5;7,1;0;null;null;17,7;85,3;null;null;
2019-08-05;2,9;7;1,8;null;null;19,2;84,3;null;null;
2019-08-06;2;4,8;1,9;null;null;18,8;85,5;null;null;
2019-08-07;2;0;9,6;null;null;18,5;93,3;null;null;
2019-08-08;1;5,8;4,4;null;null;17,5;84,8;null;null;
2019-08-09;2,2;3,4;0;null;null;16,8;82;null;null;
2019-08-10;1;2,9;1;null;null;17,9;85;null;null;
2019-08-11;1,8;5;2,3;null;null;17,8;81,5;null;null;
2019-08-12;1,7;1,7;1,7;null;null;16,1;89,3;null;null;
2019-08-13;,8;6,2;5,4;null;null;17,7;92,3;null;null;
2019-08-14;1,5;4,6;,7;null;null;15,8;83,3;null;null;
2019-08-15;2,7;9,6;0;null;null;16,1;80;null;null;
2019-08-16;3,1;9,2;0;null;null;16,5;77,8;null;null;
2019-08-17;3,8;8,8;,1;null;null;15,7;81,5;null;null;
2019-08-18;4;7,2;0;null;null;19,7;83;null;null;
2019-08-19;2;8,1;0;null;null;19,7;76,3;null;null;
2019-08-20;4;9,8;0;null;null;18,8;74,3;null;null;
2019-08-21;3,6;10,1;0;null;null;18,4;68,3;null;null;
2019-08-22;3,4;9,7;0;null;null;18,6;69;null;null;
2019-08-23;4,4;9,2;0;null;null;17,6;73,5;null;null;
2019-08-24;3,3;5,9;0;null;null;19,2;72,8;null;null;
2019-08-25;4,1;6,5;0;null;null;18,6;78,3;null;null;
2019-08-26;3,6;3,2;0;null;null;17,7;79,8;null;null;
2019-08-27;3,2;1,5;0;null;null;18,7;89,8;null;null;
2019-08-28;2,8;8,5;0;null;null;18,4;76,3;null;null;
2019-08-29;4,1;4,4;2,3;null;null;18,7;92;null;null;
2019-08-30;1,7;4,5;3,3;null;null;18,5;83,5;66;null;
2019-08-31;3,3;7,6;0;null;null;18,5;79,3;60;null;
2019-09-01;3,7;9,1;0;null;null;18,5;76,3;null;null;
2019-09-02;3,4;9,5;0;null;null;20,2;68,8;null;null;
2019-09-03;4,4;5,6;0;null;null;21,2;73,3;null;null;
2019-09-04;3,7;7,5;0;null;null;19,8;70,5;null;null;
2019-09-05;4,6;7,8;0;null;null;19,6;75,3;null;null;
2019-09-06;4;8,9;1;null;null;19,9;73,3;null;null;
2019-09-07;4;8,2;0;null;null;17,8;76,3;null;null;
2019-09-08;4,9;9,2;0;null;null;19,8;70,8;null;null;
2019-09-09;4,1;4,1;1,7;null;null;16,5;84,8;null;null;
2019-09-10;2,1;6,7;,6;null;null;18,1;83,3;null;null;
2019-09-11;2,8;3,4;,7;null;null;19,9;90,3;null;null;
2019-09-12;1,5;8,2;2,3;null;null;16,8;88;null;null;
2019-09-13;3,5;10,5;0;null;null;18,7;71,3;null;5,7;
2019-09-14;4,5;9,7;0;null;null;16,5;69,5;null;null;
2019-09-15;1,7;6,4;0;null;null;18,7;78,3;null;null;
2019-09-16;3,5;6,5;6,6;null;null;19,9;85;null;null;
2019-09-17;3;7,4;0;null;null;18,4;75,8;null;null;
2019-09-18;3,3;9,5;0;null;null;20,4;69,3;null;null;
2019-09-19;3,2;9,4;0;null;null;20,1;70,3;null;null;
2019-09-20;6;10,2;0;null;null;18,6;65,3;null;null;
2019-09-21;4,8;10,4;0;null;null;20;68;null;null;
2019-09-22;4,6;10,5;0;null;null;18,8;60,5;null;null;
2019-09-23;4,3;7,3;0;null;null;20;73;null;null;
2019-09-24;3,4;9,5;0;null;null;16,5;67,5;null;null;
2019-09-25;2,3;8,7;0;null;null;18,7;74;null;null;
2019-09-26;2,3;9,7;0;null;null;20,4;69,3;null;null;
2019-09-27;5,2;10,3;0;null;null;16,7;58,5;null;null;
2019-09-28;4,9;8,7;0;null;null;17,5;71;null;null;
2019-09-29;3,3;5,9;0;null;null;17,6;72;53;null;
2019-09-30;4,9;9,8;0;null;null;20,6;68;52;null;
2019-10-01;5;6,4;0;null;null;21;63,3;null;null;
2019-10-02;4,1;1,8;1,2;null;null;21,1;84,8;null;null;
2019-10-03;1,9;5;4,1;null;null;20;74,3;null;null;
2019-10-04;3,4;7,3;0;null;null;21,5;65,3;null;null;
2019-10-05;4,6;9,3;0;null;null;20,6;69,3;null;null;
2019-10-06;4,2;8,6;0;null;null;19,7;71,5;null;null;
2019-10-07;4,8;9,9;0;null;null;20,7;65,8;null;null;
2019-10-08;5,7;8,4;0;null;null;17,7;67,3;null;null;
2019-10-09;5,2;10,1;0;null;null;20,1;66,3;null;null;
2019-10-10;6;9,3;0;null;null;19,7;74,3;null;null;
2019-10-11;4,7;8,4;,6;null;null;20,3;72,3;null;null;
2019-10-12;4;6,8;4;null;null;16,6;75,3;null;null;
2019-10-13;4,9;9,6;0;null;null;17,1;68;null;null;
2019-10-14;4,3;8,1;0;null;null;20,6;74,3;null;null;
2019-10-15;4,3;8,3;0;null;null;20,9;73,5;null;null;
2019-10-16;4,8;5,4;0;null;null;21;67,5;null;null;
2019-10-17;4,8;9,3;0;null;null;18,8;58;null;null;
2019-10-18;5,4;9,2;0;null;null;20,6;64,5;null;null;
2019-10-19;5,4;6,1;0;null;null;20,1;69,8;null;0;
2019-10-20;4,3;10,4;0;null;null;21;58,8;null;0;
2019-10-21;5,9;9,5;0;null;null;18,1;63;null;null;
2019-10-22;2;null;0;null;null;18,3;64;null;null;
2019-10-23;5,3;8,3;0;null;null;18,3;68,8;null;null;
2019-10-24;4,3;8,3;,2;null;null;19,7;66,3;null;null;
2019-10-25;5,1;10,7;0;null;null;20,7;68,5;null;null;
2019-10-26;2;9,3;0;null;null;20,3;64;null;null;
2019-10-27;6,7;7,6;0;null;null;19,9;66,8;null;null;
2019-10-28;6,2;9,5;0;null;null;21,9;60,5;null;null;
2019-10-29;6,6;10,1;0;null;null;20,6;67,5;null;null;
2019-10-30;5,9;10,7;0;null;null;19,8;63;43;null;
2019-10-31;6,1;5;0;null;null;22,8;61;41;null;
2019-11-01;7;8,8;0;null;null;21;58;null;null;
2019-11-02;7,1;10,2;0;null;null;20,7;57,3;null;null;
2019-11-03;8;9,6;0;null;null;20,4;55,3;null;null;
2019-11-04;5,9;7;0;null;null;19,7;63;null;null;
2019-11-05;5;10,7;0;null;null;18,5;61,3;null;null;
2019-11-06;7;10,7;0;null;null;21,5;62,3;null;null;
2019-11-07;7,6;9,4;0;null;null;18,5;63,3;null;null;
2019-11-08;5,7;10,1;0;null;null;17,5;68,8;null;null;
2019-11-09;4,6;10,7;0;null;null;16,5;64,5;null;null;
2019-11-10;6,4;8,7;0;null;null;18,5;69,3;null;null;
2019-11-11;5,4;6,3;0;null;null;22,2;60,5;null;null;
2019-11-12;7;7,2;0;null;null;21,6;63,5;null;null;
2019-11-13;5,9;9,8;0;null;null;20,8;64,5;null;0;
2019-11-14;6,7;9,7;0;null;null;21;58;null;null;
2019-11-15;6;10,8;0;null;null;21;58,3;null;null;
2019-11-16;6;10,7;0;null;null;21,6;59,5;null;null;
2019-11-17;5;9,5;0;null;null;23;64;null;null;
2019-11-18;5,9;6,5;0;null;null;22,8;68,3;null;null;
2019-11-19;4,5;11;0;null;null;21,6;63,5;null;null;
2019-11-20;1,3;11;0;null;null;17,7;66;null;null;
2019-11-21;10,9;10,2;0;null;null;21;63,8;null;null;
2019-11-22;8,8;9,1;0;null;null;18,3;67,8;null;null;
2019-11-23;8,8;8,5;0;null;null;18,5;61,8;null;null;
2019-11-24;9,7;10,6;0;null;null;18,5;47;null;null;
2019-11-25;9,4;7,2;56;null;null;20,8;76;null;null;
2019-11-26;3,5;2,5;0;null;null;22;78,3;null;null;
2019-11-27;1,5;4,1;68,4;null;null;22;83,8;null;null;
2019-11-28;9;6;0;null;null;22;77,8;null;null;
2019-11-29;9,7;11,2;0;null;null;20,8;64,3;48;null;
2019-11-30;5,1;11;0;null;null;20,9;57,5;38;0;
2019-12-01;7;11,1;0;null;null;21;52,8;null;null;
2019-12-02;5,5;11,2;0;null;null;18,5;56,5;null;null;
2019-12-03;6,5;10;0;null;null;20,3;65,5;null;null;
2019-12-04;6;10,1;0;null;null;18,5;68;null;0;
2019-12-05;5,9;9,5;0;null;null;21;64;null;null;
2019-12-06;5,7;11,2;0;null;null;18,1;59,3;null;null;
2019-12-07;5,4;9,9;0;null;null;20,7;61,5;null;null;
2019-12-08;7,2;10,2;0;null;null;20,7;67,5;null;null;
2019-12-09;5,7;10,9;0;null;null;22;59,8;null;0;
2019-12-10;6;10,2;0;null;null;21,9;57,8;null;null;
2019-12-11;5,6;10,3;0;null;null;21,2;71,8;null;null;
2019-12-12;4,4;10,7;0;null;null;21,9;63,8;null;null;
2019-12-13;5;11,3;0;null;null;20;65,3;null;null;
2019-12-14;5;8,8;0;null;null;21,9;63,8;null;null;
2019-12-15;4;9,2;3,5;null;null;21,6;69;null;null;
2019-12-16;4,7;9,8;0;null;null;16,5;65,5;null;null;
2019-12-17;4,9;10,1;0;null;null;19,3;72;null;null;
2019-12-18;4,6;9,3;0;null;null;18,5;63,8;null;null;
2019-12-19;5,4;11;0;null;null;18,3;68,3;null;null;
2019-12-20;6,5;9,5;0;null;null;18,3;65,3;null;null;
2019-12-21;5,6;8,6;0;null;null;19,3;67,3;null;null;
2019-12-22;5,5;10,6;0;null;null;18,5;68,3;null;null;
2019-12-23;6;10,6;0;null;null;21;66,3;null;0;
2019-12-24;4,6;10,2;0;null;null;22,5;64;null;null;
2019-12-25;5;9,2;0;null;null;22,4;63,3;null;null;
2019-12-26;6,1;8,8;0;null;null;22,2;63,8;null;null;
2019-12-27;4,4;8,5;0;null;null;22,1;66,5;null;0;
2019-12-28;5,2;6,1;0;null;null;22,4;64,3;null;null;
2019-12-29;4;5,1;0;null;null;22,4;67,8;51;null;
2019-12-30;4,8;8,1;0;null;null;18,5;73;null;null;
2019-12-31;4,1;2,6;14,3;null;null;17,9;81,5;73;null;
2020-01-01;1,5;1,5;0;null;null;19,3;80,3;null;null;
2020-01-02;2,2;3,1;,9;null;null;19,7;75,5;null;null;
2020-01-03;2,2;2,4;0;null;null;19,3;86,3;null;null;
2020-01-04;2,6;null;2;null;null;19,5;80,5;null;null;
2020-01-05;2,1;4,2;,9;null;null;18,5;75,8;null;null;
2020-01-06;3,1;10,4;0;null;null;19,7;65;null;null;
2020-01-07;4,8;8,9;null;null;null;19,3;70,3;null;null;
2020-01-08;4;11;0;null;null;18,7;74,8;null;null;
2020-01-09;2,3;11,1;0;null;null;17,7;74;null;null;
2020-01-10;4,8;null;0;null;null;17,6;66,8;null;null;
2020-01-11;5,9;9,9;0;null;null;18,7;63,3;null;null;
2020-01-12;3,7;10;0;null;null;18,5;63;null;null;
2020-01-13;4,6;10,9;0;null;null;18,3;63,5;null;null;
2020-01-14;5,7;10,7;0;null;null;19,5;61,3;null;null;
2020-01-15;5,9;10,7;0;null;null;16,5;76;null;null;
2020-01-16;7,3;8,7;0;null;null;21,6;57,5;null;null;
2020-01-17;5;null;0;null;null;21,7;60;null;null;
2020-01-18;5;10,7;0;null;null;21,9;58,5;null;null;
2020-01-19;5;8,8;0;null;null;22,6;64,8;null;null;
2020-01-20;5,3;9,8;0;null;null;21,4;60;null;null;
2020-01-21;5,2;10,7;0;null;null;22,2;64;null;null;
2020-01-22;5,5;,3;17;null;null;22,8;88,3;null;null;
2020-01-23;1,8;,2;11,2;null;null;21,9;81,5;null;null;
2020-01-24;1,5;,3;10,9;null;null;21,9;80,8;null;null;
2020-01-25;2,6;9;0;null;null;22;64,3;null;null;
2020-01-26;5;1,9;0;null;null;22,1;90,8;null;null;
2020-01-27;1;7;39,9;null;null;22,1;72,5;null;null;
2020-01-28;4,6;8,3;0;null;null;22,2;71,5;null;null;
2020-01-29;3;7,5;4;null;null;21,9;74,5;null;null;
2020-01-30;4;7,9;0;null;null;22,6;73;56;null;
2020-01-31;4,4;9,7;0;null;null;21,9;69,8;52;null;
2020-02-01;4,5;5,6;0;null;null;22,7;72,8;null;null;
2020-02-02;4;6,5;0;null;null;22,2;70,8;null;null;
2020-02-03;5,4;2,1;0;null;null;22,7;79,8;null;null;
2020-02-04;2;2,8;,5;null;null;22,7;84,3;null;null;
2020-02-05;3,6;7;8,3;null;null;22,1;77,3;null;null;
2020-02-06;1;3;2;null;null;22,6;82,3;null;null;
2020-02-07;1,6;5,4;3,5;null;null;21,2;79,5;null;null;
2020-02-08;3;3,4;10,6;null;null;20;80,5;null;null;
2020-02-09;3;7,2;,8;null;null;22;74,5;null;null;
2020-02-10;5,8;6,5;0;null;null;22,5;70;null;null;
2020-02-11;1,8;10,7;0;null;null;23;68;null;0;
2020-02-12;5,4;9,7;0;null;null;21,1;69,8;null;null;
2020-02-13;4,8;6,4;0;null;null;22,6;65,8;null;null;
2020-02-14;5,2;9;0;null;null;23,1;76;null;null;
2020-02-15;6,6;10;0;null;null;22,9;72,3;null;null;
2020-02-16;3,8;7,6;0;null;null;21,9;66,3;null;null;
2020-02-17;4,3;9,4;0;null;null;22;71,8;null;null;
2020-02-18;5;3,9;0;null;null;21,9;75,5;null;null;
2020-02-19;2;9;22;null;null;21,2;78;null;null;
2020-02-20;3;2,9;0;null;null;21,9;75,3;null;null;
2020-02-21;4,2;3,6;0;null;null;21,1;72,3;null;null;
2020-02-22;4;6,9;12;null;null;22;73;null;null;
2020-02-23;4;9,6;0;null;null;22,7;64,5;null;null;
2020-02-24;3,8;6,7;0;null;null;22,3;70;null;null;
2020-02-25;4;9,6;0;null;null;22;68,3;null;null;
2020-02-26;4;7,9;0;null;null;21,7;67;null;0;
2020-02-27;4,1;8,1;0;null;null;22,7;62,5;null;null;
2020-02-28;4,1;9,9;0;null;null;22,6;65;47;null;
2020-02-29;5,1;9,9;0;null;null;22,7;70,5;53;null;
2020-03-01;null;9;0;null;null;22,4;63,3;45;null;
2020-03-02;null;10,8;0;null;null;23;69,8;55;0;
2020-03-03;null;6,5;0;null;null;23;72,3;54;null;
2020-03-04;null;6,4;0;null;null;22,9;62,5;47;null;
2020-03-05;null;4,2;,5;null;null;23,6;75;49;null;
2020-03-06;null;,9;24;null;null;22,2;86,5;83;null;
2020-03-07;null;5;,4;null;null;21,7;79,5;59;null;
2020-03-08;null;10,3;0;null;null;22,7;77,8;63;null;
2020-03-09;null;7,8;0;null;null;23;61,8;44;null;
2020-03-10;null;6,6;0;null;null;24;73;60;null;
2020-03-11;null;10,5;0;null;null;22,6;70,3;51;null;
2020-03-12;null;9,6;0;null;null;22,9;61;43;null;
2020-03-13;null;4,6;1;null;null;22,6;78;66;null;
2020-03-14;null;6,4;0;null;null;22,3;70;49;null;
2020-03-15;null;2,1;1;null;null;22,1;78,5;72;null;
2020-03-16;null;3,6;,2;null;null;21,1;80,8;70;null;
2020-03-17;null;6,5;0;null;null;22;75,3;71;null;
2020-03-18;null;4,9;0;null;null;22,9;71,8;58;null;
2020-03-19;null;5,8;0;null;null;22,5;64,5;38;null;
2020-03-20;null;3,4;6;null;null;21,7;78;58;null;
2020-03-21;null;4,9;10,8;null;null;22,5;71,8;69;null;
2020-03-22;null;9,7;0;null;null;23,2;70,3;66;null;
2020-03-23;null;,1;28,8;null;null;21,7;86,8;65;null;
2020-03-24;null;null;null;null;null;null;null;92;null;
2020-03-25;null;null;null;null;null;null;null;null;null;
2020-03-26;null;null;null;null;null;null;null;null;null;
2020-03-27;null;null;null;null;null;null;null;null;null;
2020-03-28;null;null;null;null;null;null;null;null;null;
2020-03-29;null;null;null;null;null;null;null;null;null;
2020-03-30;null;null;null;null;null;null;null;null;null;
2020-03-31;null;null;null;null;null;null;null;null;null;
2020-04-01;null;null;null;null;null;null;null;null;null;
2020-04-02;null;null;null;null;null;null;null;null;null;
2020-04-03;null;null;null;null;null;null;null;null;null;
2020-04-04;null;null;null;null;null;null;null;null;null;
2020-04-05;null;null;null;null;null;null;null;null;null;
2020-04-06;null;null;null;null;null;null;null;null;null;
2020-04-07;null;null;null;null;null;null;null;null;null;
2020-04-08;null;null;null;null;null;null;null;null;null;
2020-04-09;null;null;null;null;null;null;null;null;null;
2020-04-10;null;null;null;null;null;null;null;null;null;
2020-04-11;null;null;null;null;null;null;null;null;null;
2020-04-12;null;null;null;null;null;null;null;null;null;
2020-04-13;null;null;null;null;null;null;null;null;null;
2020-04-14;null;null;null;null;null;null;null;null;null;
2020-04-15;null;null;null;null;null;null;null;null;null;
2020-04-16;null;null;null;null;null;null;null;null;null;
2020-04-17;null;null;null;null;null;null;null;null;null;
2020-04-18;null;null;null;null;null;null;null;null;null;
2020-04-19;null;null;null;null;null;null;null;null;null;
2020-04-20;null;null;null;null;null;null;null;null;null;
2020-04-21;null;null;null;null;null;null;null;null;null;
2020-04-22;null;null;null;null;null;null;null;null;null;
2020-04-23;null;null;null;null;null;null;null;null;null;
2020-04-24;null;null;null;null;null;null;null;null;null;
2020-04-25;null;null;null;null;null;null;null;null;null;
2020-04-26;null;null;null;null;null;null;null;null;null;
2020-04-27;null;null;null;null;null;null;null;null;null;
2020-04-28;null;null;null;null;null;null;null;null;null;
2020-04-29;null;null;null;null;null;null;null;null;null;
2020-04-30;null;null;null;null;null;null;null;null;null;

