Nome: ITUIUTABA
Codigo Estacao: 83521
Latitude: -18.952916
Longitude: -49.525072
Altitude: 540.09
Situacao: Desativada
Data Inicial: 2015-01-01
Data Final: 2015-10-25
Periodicidade da Medicao: Diaria

Data Medicao;EVAPORACAO DO PICHE, DIARIA(mm);INSOLACAO TOTAL, DIARIO(h);PRECIPITACAO TOTAL, DIARIO(mm);TEMPERATURA MAXIMA, DIARIA(°C);TEMPERATURA MEDIA COMPENSADA, DIARIA(°C);TEMPERATURA MINIMA, DIARIA(°C);UMIDADE RELATIVA DO AR, MEDIA DIARIA(%);UMIDADE RELATIVA DO AR, MINIMA DIARIA(%);VENTO, VELOCIDADE MEDIA DIARIA(m/s);
2015-01-01;8;9,6;null;null;null;null;null;null;null;
2015-01-02;8;9,6;0;null;null;21,6;null;45;,5;
2015-01-03;6;4,8;0;null;null;22,6;null;76;,5;
2015-01-04;null;null;null;null;null;null;null;null;null;
2015-01-05;6;6,7;52;null;null;20,4;null;55;,8;
2015-01-06;4,5;5,8;0;null;null;21,6;null;56;1;
2015-01-07;4;9,3;0;null;null;20,2;null;43;,5;
2015-01-08;5;1,2;0;null;null;22,4;null;60;,3;
2015-01-09;3;10,5;0;null;null;21,4;null;45;,5;
2015-01-10;6;10,2;0;null;null;20,4;null;58;0;
2015-01-11;null;null;null;null;null;null;null;null;null;
2015-01-12;7,5;9,9;0;null;null;22;null;37;1;
2015-01-13;8,5;6,2;0;null;null;21,6;null;42;2,3;
2015-01-14;6,5;6,5;0;null;null;20;null;46;,5;
2015-01-15;5;8,4;0;null;null;22,4;null;45;,8;
2015-01-16;5;9,4;4;null;null;19,6;null;63;,5;
2015-01-17;5;9,8;0;null;null;19,4;null;57;1;
2015-01-18;null;null;null;null;null;null;null;null;null;
2015-01-19;13;9,8;0;null;null;21,6;null;33;1;
2015-01-20;10;10;0;null;null;21;null;51;1;
2015-01-21;7;8;2;null;null;23;null;37;1;
2015-01-22;7;4,7;0;null;null;22;null;52;,5;
2015-01-23;4;7;27,6;null;null;20,4;null;50;,8;
2015-01-24;4;8,3;0;null;null;21,6;null;77;1;
2015-01-25;null;null;null;null;null;null;null;null;null;
2015-01-26;8;9,2;2;null;null;21;76,8;52;,8;
2015-01-27;3;6,6;22,4;null;null;21;null;55;,3;
2015-01-28;3,6;6,8;0;null;null;21,6;null;57;,8;
2015-01-29;4,5;4,1;5,2;null;null;21,4;null;58;,8;
2015-01-30;3,5;10,4;0;null;null;20,4;null;43;,5;
2015-01-31;6,5;7;0;null;null;22;null;66;1,5;
2015-02-01;null;null;null;null;null;null;null;null;null;
2015-02-02;9;8,9;2;null;null;21,4;null;45;,8;
2015-02-03;6,5;9,7;,6;null;null;20,4;null;45;,5;
2015-02-04;5,5;1,5;0;null;null;22,4;null;85;,5;
2015-02-05;1,5;3,3;1,6;null;null;21,4;null;65;1,3;
2015-02-06;3;3,3;85;null;null;20,4;null;72;,8;
2015-02-07;1,5;5,7;2;null;null;21,2;null;81;,5;
2015-02-08;null;null;null;null;null;null;null;null;null;
2015-02-09;5;1,6;1,2;null;null;21,4;null;71;,5;
2015-02-10;1,5;9,8;11;null;null;21,4;null;60;,8;
2015-02-11;4;3,6;,6;null;null;22;null;61;,8;
2015-02-12;2;8,7;0;null;null;21,6;null;54;1;
2015-02-13;4,5;8,4;0;null;null;22,4;null;54;,5;
2015-02-14;5;8,6;0;null;null;25,4;null;73;,5;
2015-02-15;null;null;null;null;null;null;null;null;null;
2015-02-16;8;5;11;null;null;20,6;null;61;,8;
2015-02-17;null;null;null;null;null;null;null;null;null;
2015-02-18;5;2,3;67;null;null;20,6;null;69;1;
2015-02-19;2;2,4;3;null;null;21,4;null;81;1,3;
2015-02-20;1,5;3,3;18;null;null;21;null;71;,8;
2015-02-21;1,5;7,3;5,6;null;null;21;null;89;,5;
2015-02-22;null;null;null;null;null;null;null;null;null;
2015-02-23;7;9,8;0;null;null;20,4;null;54;1;
2015-02-24;3;9,9;5;null;null;20;null;52;1;
2015-02-25;4;9,7;0;null;null;22,2;null;51;,5;
2015-02-26;4,5;6,3;3,4;null;null;22,4;null;67;1,3;
2015-02-27;3;8;0;null;null;20,4;null;59;1;
2015-02-28;3;6,8;2;null;null;24;null;81;,5;
2015-03-01;null;null;null;null;null;null;null;null;null;
2015-03-02;null;null;3,4;null;null;22,2;null;77;1;
2015-03-03;null;null;0;null;null;22,4;null;61;,8;
2015-03-04;null;null;28;null;null;20,4;null;65;,5;
2015-03-05;null;null;4;null;null;20,4;null;62;,5;
2015-03-06;null;null;0;null;null;21;null;56;,5;
2015-03-07;null;null;0;null;null;22;null;79;1;
2015-03-08;null;null;null;null;null;null;null;null;null;
2015-03-09;null;null;10;null;null;21,4;null;55;,8;
2015-03-10;null;null;8,4;null;null;21,4;null;75;,5;
2015-03-11;null;null;5,6;null;null;19,4;null;54;1;
2015-03-12;null;null;0;null;null;21,6;null;57;1,5;
2015-03-13;null;null;0;null;null;22,2;null;88;1;
2015-03-14;null;null;6;null;null;22;null;97;,5;
2015-03-15;null;null;null;null;null;null;null;null;null;
2015-03-16;null;null;1;null;null;19,4;null;50;,5;
2015-03-17;null;null;0;null;null;19,6;null;63;,8;
2015-03-18;null;null;13,6;null;null;18,4;null;75;,8;
2015-03-19;null;null;0;null;null;19,4;null;70;,5;
2015-03-20;null;null;1;null;null;20,4;null;88;,5;
2015-03-21;null;null;8;null;null;20;null;94;,5;
2015-03-22;null;null;null;null;null;null;null;null;null;
2015-03-23;null;null;34;null;null;19,4;null;55;,5;
2015-03-24;null;null;0;null;null;20,4;null;45;,8;
2015-03-25;null;null;0;null;null;20,4;null;48;1;
2015-03-26;null;null;0;null;null;21,6;null;56;,8;
2015-03-27;null;null;0;null;null;23;null;64;1;
2015-03-28;null;null;0;null;null;21;null;69;,5;
2015-03-29;null;null;null;null;null;null;null;null;null;
2015-03-30;null;null;0;null;null;21,6;null;65;,5;
2015-03-31;null;null;48,6;null;null;20,6;null;60;,5;
2015-04-01;null;null;0;null;null;22;null;50;,8;
2015-04-02;null;null;0;null;null;20,6;null;50;,5;
2015-04-03;null;null;null;null;null;null;null;null;null;
2015-04-04;null;null;24,4;null;null;21,4;null;82;,5;
2015-04-05;null;null;null;null;null;null;null;null;null;
2015-04-06;null;null;76,4;null;null;19,6;null;68;,5;
2015-04-07;null;null;0;null;null;22,2;null;50;,8;
2015-04-08;null;null;0;null;null;18,4;null;48;,8;
2015-04-09;null;null;0;null;null;20;null;60;,5;
2015-04-10;null;null;0;null;null;20;null;69;,5;
2015-04-11;null;null;null;null;null;null;null;null;null;
2015-04-12;null;null;null;null;null;null;null;null;null;
2015-04-13;null;null;0;null;null;20;null;56;,5;
2015-04-14;null;null;0;null;null;20,6;null;63;,5;
2015-04-15;null;null;18;null;null;21,4;null;65;,8;
2015-04-16;null;null;,6;null;null;20,6;null;60;,8;
2015-04-17;null;null;0;null;null;19,4;null;46;,5;
2015-04-18;null;null;0;null;null;20,6;null;77;,5;
2015-04-19;null;null;null;null;null;null;null;null;null;
2015-04-20;null;null;0;null;null;21,2;null;51;,5;
2015-04-21;null;null;null;null;null;null;null;null;null;
2015-04-22;null;null;0;null;null;21,2;null;54;1,3;
2015-04-23;null;null;0;null;null;20,4;null;62;1;
2015-04-24;null;null;1,6;null;null;20,4;null;70;,8;
2015-04-25;null;null;0;null;null;21;null;77;,5;
2015-04-26;null;null;null;null;null;null;null;null;null;
2015-04-27;null;null;0;null;null;15,6;null;48;,8;
2015-04-28;null;null;0;null;null;17,6;null;58;,5;
2015-04-29;null;null;0;null;null;17,8;null;57;,8;
2015-04-30;null;null;0;null;null;16,4;null;45;,5;
2015-05-01;null;null;null;null;null;null;null;null;null;
2015-05-02;null;null;0;null;null;16;null;74;,5;
2015-05-03;null;null;null;null;null;null;null;null;null;
2015-05-04;null;null;5;null;null;21,4;null;79;,8;
2015-05-05;null;null;31;null;null;20,4;null;64;,5;
2015-05-06;null;null;10;null;null;20,6;null;65;,8;
2015-05-07;null;null;0;null;null;18;null;45;1,3;
2015-05-08;null;null;0;null;null;15;null;47;,5;
2015-05-09;null;null;0;null;null;18,2;null;67;1;
2015-05-10;null;null;null;null;null;null;null;null;null;
2015-05-11;null;null;44,6;null;null;17;null;78;,5;
2015-05-12;null;null;0;null;null;16,8;null;50;,5;
2015-05-13;null;null;0;null;null;14,6;null;68;,5;
2015-05-14;null;null;0;null;null;15;null;56;,8;
2015-05-15;null;null;0;null;null;18,6;null;64;1;
2015-05-16;null;null;0;null;null;18;null;73;,5;
2015-05-17;null;null;null;null;null;null;null;null;null;
2015-05-18;null;null;0;null;null;16,8;null;57;1;
2015-05-19;null;null;0;null;null;17,4;null;56;,8;
2015-05-20;null;null;,6;null;null;19;null;71;,8;
2015-05-21;null;null;0;null;null;18,2;null;73;,5;
2015-05-22;null;null;0;null;null;16;null;55;1,5;
2015-05-23;null;null;0;null;null;16,6;null;79;1;
2015-05-24;null;null;null;null;null;null;null;null;null;
2015-05-25;null;null;0;null;null;16;null;53;,5;
2015-05-26;null;null;0;null;null;17;null;46;,5;
2015-05-27;null;null;0;null;null;15,8;null;48;,5;
2015-05-28;null;null;,6;null;null;17,6;null;75;1,5;
2015-05-29;null;null;1,8;null;null;15;null;59;,5;
2015-05-30;null;null;0;null;null;17;null;82;,5;
2015-05-31;null;null;null;null;null;null;null;null;null;
2015-06-01;null;null;0;null;null;18,6;null;51;,5;
2015-06-02;null;null;0;null;null;18;null;83;1;
2015-06-03;null;null;0;null;null;15,6;null;58;,5;
2015-06-04;null;null;null;null;null;null;null;null;null;
2015-06-05;null;null;0;null;null;15,2;null;45;1,3;
2015-06-06;null;null;0;null;null;15,2;null;74;,5;
2015-06-07;null;null;null;null;null;null;null;null;null;
2015-06-08;null;null;0;null;null;15,6;null;48;,8;
2015-06-09;null;null;0;null;null;14,8;null;39;,5;
2015-06-10;null;null;0;null;null;14,4;null;38;,5;
2015-06-11;null;null;0;null;null;14;null;39;,5;
2015-06-12;null;null;0;null;null;13,8;null;37;,5;
2015-06-13;null;null;0;null;null;13,6;null;79;,5;
2015-06-14;null;null;null;null;null;null;null;null;null;
2015-06-15;null;null;0;null;null;16,8;null;46;1;
2015-06-16;null;null;0;null;null;15,4;null;51;,3;
2015-06-17;null;null;0;null;null;17;null;48;,8;
2015-06-18;null;null;0;null;null;17;null;46;,5;
2015-06-19;null;null;0;null;null;18,4;null;56;1,5;
2015-06-20;null;null;0;null;null;15,6;null;74;1,5;
2015-06-21;null;null;null;null;null;null;null;null;null;
2015-06-22;null;null;0;null;null;13,4;null;45;,5;
2015-06-23;null;null;0;null;null;15;null;48;,5;
2015-06-24;null;null;0;null;null;16,2;null;43;1;
2015-06-25;null;null;0;null;null;17,4;null;46;1,5;
2015-06-26;null;null;0;null;null;16;null;47;1,3;
2015-06-27;null;null;0;null;null;13,4;null;68;3,1;
2015-06-28;null;null;null;null;null;null;null;null;null;
2015-06-29;null;null;0;null;null;12;null;35;1;
2015-06-30;null;null;0;null;null;14;null;52;1,3;
2015-07-01;null;null;0;null;null;14,4;null;52;,5;
2015-07-02;null;null;0;null;null;16;null;88;0;
2015-07-03;null;null;null;null;null;null;null;null;null;
2015-07-04;null;null;null;null;null;null;null;null;null;
2015-07-05;null;null;null;null;null;null;null;null;null;
2015-07-06;null;null;null;null;null;null;null;null;null;
2015-07-07;null;null;null;null;null;null;null;null;null;
2015-07-08;null;null;null;null;null;null;null;null;null;
2015-07-09;null;null;null;null;null;null;null;null;null;
2015-07-10;null;null;null;null;null;null;null;null;null;
2015-07-11;null;null;null;null;null;null;null;null;null;
2015-07-12;null;null;null;null;null;null;null;null;null;
2015-07-13;null;null;null;null;null;null;null;null;null;
2015-07-14;null;null;null;null;null;null;null;null;null;
2015-07-15;null;null;null;null;null;null;null;null;null;
2015-07-16;null;null;null;null;null;null;null;null;null;
2015-07-17;null;null;null;null;null;null;null;null;null;
2015-07-18;null;null;null;null;null;null;null;null;null;
2015-07-19;null;null;null;null;null;null;null;null;null;
2015-07-20;null;null;null;null;null;null;null;null;null;
2015-07-21;null;null;null;null;null;null;null;null;null;
2015-07-22;null;null;null;null;null;null;null;null;null;
2015-07-23;null;null;null;null;null;null;null;null;null;
2015-07-24;null;null;null;null;null;null;null;null;null;
2015-07-25;null;null;null;null;null;null;null;null;null;
2015-07-26;null;null;null;null;null;null;null;null;null;
2015-07-27;null;null;null;null;null;null;null;null;null;
2015-07-28;null;null;null;null;null;null;null;null;null;
2015-07-29;null;null;null;null;null;null;null;null;null;
2015-07-30;null;null;null;null;null;null;null;null;null;
2015-07-31;null;null;null;null;null;null;null;null;null;
2015-08-01;null;null;null;null;null;null;null;null;null;
2015-08-02;null;null;null;null;null;null;null;null;null;
2015-08-03;null;null;null;null;null;null;null;null;null;
2015-08-04;null;null;null;null;null;null;null;null;null;
2015-08-05;null;null;null;null;null;null;null;null;null;
2015-08-06;null;null;null;null;null;null;null;null;null;
2015-08-07;null;null;null;null;null;null;null;null;null;
2015-08-08;null;null;null;null;null;null;null;null;null;
2015-08-09;null;null;null;null;null;null;null;null;null;
2015-08-10;null;null;null;null;null;null;null;null;null;
2015-08-11;null;null;null;null;null;null;null;null;null;
2015-08-12;null;null;null;null;null;null;null;null;null;
2015-08-13;null;null;null;null;null;null;null;null;null;
2015-08-14;null;null;null;null;null;null;null;null;null;
2015-08-15;null;null;null;null;null;null;null;null;null;
2015-08-16;null;null;null;null;null;null;null;null;null;
2015-08-17;null;null;null;null;null;null;null;null;null;
2015-08-18;null;null;null;null;null;null;null;null;null;
2015-08-19;null;null;null;null;null;null;null;null;null;
2015-08-20;null;null;null;null;null;null;null;null;null;
2015-08-21;null;null;null;null;null;null;null;null;null;
2015-08-22;null;null;null;null;null;null;null;null;null;
2015-08-23;null;null;null;null;null;null;null;null;null;
2015-08-24;null;null;null;null;null;null;null;null;null;
2015-08-25;null;null;null;null;null;null;null;null;null;
2015-08-26;null;null;null;null;null;null;null;null;null;
2015-08-27;null;null;null;null;null;null;null;null;null;
2015-08-28;null;null;null;null;null;null;null;null;null;
2015-08-29;null;null;null;null;null;null;null;null;null;
2015-08-30;null;null;null;null;null;null;null;null;null;
2015-08-31;null;null;null;null;null;null;null;null;null;
2015-09-01;null;null;null;null;null;null;null;null;null;
2015-09-02;null;null;null;null;null;null;null;null;null;
2015-09-03;null;null;null;null;null;null;null;null;null;
2015-09-04;null;null;null;null;null;null;null;null;null;
2015-09-05;null;null;null;null;null;null;null;null;null;
2015-09-06;null;null;null;null;null;null;null;null;null;
2015-09-07;null;null;null;null;null;null;null;null;null;
2015-09-08;null;null;null;null;null;null;null;null;null;
2015-09-09;null;null;null;null;null;null;null;null;null;
2015-09-10;null;null;null;null;null;null;null;null;null;
2015-09-11;null;null;null;null;null;null;null;null;null;
2015-09-12;null;null;null;null;null;null;null;null;null;
2015-09-13;null;null;null;null;null;null;null;null;null;
2015-09-14;null;null;null;null;null;null;null;null;null;
2015-09-15;null;null;null;null;null;null;null;null;null;
2015-09-16;null;null;null;null;null;null;null;null;null;
2015-09-17;null;null;null;null;null;null;null;null;null;
2015-09-18;null;null;null;null;null;null;null;null;null;
2015-09-19;null;null;null;null;null;null;null;null;null;
2015-09-20;null;null;null;null;null;null;null;null;null;
2015-09-21;null;null;null;null;null;null;null;null;null;
2015-09-22;null;null;null;null;null;null;null;null;null;
2015-09-23;null;null;null;null;null;null;null;null;null;
2015-09-24;null;null;null;null;null;null;null;null;null;
2015-09-25;null;null;null;null;null;null;null;null;null;
2015-09-26;null;null;null;null;null;null;null;null;null;
2015-09-27;null;null;null;null;null;null;null;null;null;
2015-09-28;null;null;null;null;null;null;null;null;null;
2015-09-29;null;null;null;null;null;null;null;null;null;
2015-09-30;null;null;null;null;null;null;null;null;null;
2015-10-01;null;null;null;null;null;null;null;null;null;
2015-10-02;null;null;null;null;null;null;null;null;null;
2015-10-03;null;null;null;null;null;null;null;null;null;
2015-10-04;null;null;null;null;null;null;null;null;null;
2015-10-05;null;null;null;null;null;null;null;null;null;
2015-10-06;null;null;null;null;null;null;null;null;null;
2015-10-07;null;null;null;null;null;null;null;null;null;
2015-10-08;null;null;null;null;null;null;null;null;null;
2015-10-09;null;null;null;null;null;null;null;null;null;
2015-10-10;null;null;null;null;null;null;null;null;null;
2015-10-11;null;null;null;null;null;null;null;null;null;
2015-10-12;null;null;null;null;null;null;null;null;null;
2015-10-13;null;null;null;null;null;null;null;null;null;
2015-10-14;null;null;null;null;null;null;null;null;null;
2015-10-15;null;null;null;null;null;null;null;null;null;
2015-10-16;null;null;null;null;null;null;null;null;null;
2015-10-17;null;null;null;null;null;null;null;null;null;
2015-10-18;null;null;null;null;null;null;null;null;null;
2015-10-19;null;null;null;null;null;null;null;null;null;
2015-10-20;null;null;null;null;null;null;null;null;null;
2015-10-21;null;null;null;null;null;null;null;null;null;
2015-10-22;null;null;null;null;null;null;null;null;null;
2015-10-23;null;null;null;null;null;null;null;null;null;
2015-10-24;null;null;null;null;null;null;null;null;null;
2015-10-25;null;null;null;null;null;null;null;null;null;

