Nome: CAMPOS DO JORDAO
Codigo Estacao: 83714
Latitude: -22.75027777
Longitude: -45.60388888
Altitude: 1662.56
Situacao: Desativada
Data Inicial: 2015-01-01
Data Final: 2019-03-19
Periodicidade da Medicao: Diaria

Data Medicao;EVAPORACAO DO PICHE, DIARIA(mm);INSOLACAO TOTAL, DIARIO(h);PRECIPITACAO TOTAL, DIARIO(mm);TEMPERATURA MAXIMA, DIARIA(°C);TEMPERATURA MEDIA COMPENSADA, DIARIA(°C);TEMPERATURA MINIMA, DIARIA(°C);UMIDADE RELATIVA DO AR, MEDIA DIARIA(%);UMIDADE RELATIVA DO AR, MINIMA DIARIA(%);VENTO, VELOCIDADE MEDIA DIARIA(m/s);
2015-01-01;2,5;null;1,4;25,1;null;14,2;null;71;null;
2015-01-02;2,5;null;0;26,9;null;15,6;null;62;null;
2015-01-03;2,5;null;7,4;25,5;null;14,4;null;77;null;
2015-01-04;1,9;null;0;24,2;null;15;null;60;null;
2015-01-05;1,8;null;0;22,2;null;14,6;null;74;null;
2015-01-06;1,3;null;,9;23,8;null;14;null;67;null;
2015-01-07;1,3;null;1,1;24,3;null;14,4;null;62;null;
2015-01-08;1,2;null;19,4;27,1;null;12,4;null;63;null;
2015-01-09;2,7;null;0;26,3;null;14;null;68;null;
2015-01-10;3;null;0;28,3;null;14,8;null;59;null;
2015-01-11;2,3;null;11;27,7;null;15,4;null;56;null;
2015-01-12;2,8;null;0;28,7;null;15;null;53;null;
2015-01-13;3,5;null;,7;26,3;null;14,2;null;56;null;
2015-01-14;3,2;null;0;25,5;null;15;null;58;null;
2015-01-15;1,8;null;3;26,1;null;13,8;null;61;null;
2015-01-16;2,6;null;0;25,5;null;13,2;null;50;null;
2015-01-17;4,1;null;0;26,1;null;14,4;null;64;null;
2015-01-18;4,5;null;0;27,5;null;14,6;null;55;null;
2015-01-19;4,9;null;0;27,7;null;14;null;43;null;
2015-01-20;5,7;null;0;28,7;null;14;null;53;null;
2015-01-21;3,4;null;0;27,3;null;15,8;null;72;null;
2015-01-22;2,5;null;7,2;22;null;15,4;null;77;null;
2015-01-23;1;null;4,6;20,2;null;13,6;null;76;null;
2015-01-24;1;null;0;22,8;null;12,6;null;64;null;
2015-01-25;1,2;null;14,5;22,6;null;11,6;null;68;null;
2015-01-26;1,5;null;31,6;22;null;13,6;null;93;null;
2015-01-27;,8;null;1,2;24,3;null;13,4;null;65;null;
2015-01-28;1,7;null;2,9;23,2;null;14,4;null;67;null;
2015-01-29;2;null;0;23;null;16,6;null;71;null;
2015-01-30;2,2;null;0;24;null;14;null;79;null;
2015-01-31;1,8;null;0;23,6;null;16,6;null;74;null;
2015-02-01;1,3;null;0;24,3;null;14,4;null;62;null;
2015-02-02;1,7;null;0;22;null;15;null;93;null;
2015-02-03;,7;null;10,8;21,6;null;10,6;null;79;null;
2015-02-04;1,2;null;2,8;20;null;13,2;null;87;null;
2015-02-05;,4;null;8,2;16,2;null;13,8;null;96;null;
2015-02-06;,8;null;17,8;19,8;null;13;null;89;null;
2015-02-07;,6;null;28,4;19,8;null;13,6;null;77;null;
2015-02-08;1;null;,6;24,9;null;12,4;null;59;null;
2015-02-09;2,2;null;0;23,8;null;15,4;null;79;null;
2015-02-10;1;null;29;22,2;null;15,6;null;80;null;
2015-02-11;,5;null;2,6;24;null;15;null;76;null;
2015-02-12;1,5;null;0;25,5;null;16,8;null;67;null;
2015-02-13;2,2;null;0;23,2;null;15,8;null;81;null;
2015-02-14;,7;null;31,9;22,4;null;14,2;null;74;null;
2015-02-15;null;null;null;22,4;null;null;null;null;null;
2015-02-16;null;null;9,4;18,6;null;14;null;87;null;
2015-02-17;,7;null;7,4;20,8;null;14,8;null;78;null;
2015-02-18;,7;null;6,7;17;null;14,8;null;96;null;
2015-02-19;,3;null;10,1;18,6;null;14,6;null;95;null;
2015-02-20;,6;null;,6;22,8;null;15;null;72;null;
2015-02-21;1,2;null;0;24,3;null;13,6;null;43;null;
2015-02-22;3,3;null;0;24,2;null;12,4;null;65;null;
2015-02-23;1,9;null;0;24;null;12,4;null;72;null;
2015-02-24;1,5;null;4;24;null;11,6;null;89;null;
2015-02-25;1,8;null;8,6;22,6;null;13,8;null;74;null;
2015-02-26;1,5;null;0;23,2;null;14,2;null;78;null;
2015-02-27;1,5;null;0;23,6;null;12,4;null;73;null;
2015-02-28;1,7;null;6;20,8;null;14,4;null;80;null;
2015-03-01;1,2;null;22,6;20,6;null;13,4;null;74;null;
2015-03-02;1,7;null;0;23,4;null;8,2;null;64;null;
2015-03-03;2,1;null;0;23,6;null;11,2;null;68;null;
2015-03-04;1,8;null;0;23;null;12;null;81;null;
2015-03-05;1,8;null;0;24;null;14;null;59;null;
2015-03-06;2,1;null;0;24;null;13,8;null;66;null;
2015-03-07;1,5;null;7,7;20,8;null;14,4;null;86;null;
2015-03-08;,7;null;24,6;20,4;null;14,4;null;89;null;
2015-03-09;,4;null;9,8;18,2;null;14,8;null;91;null;
2015-03-10;,5;null;9,3;18,8;null;14,6;null;89;null;
2015-03-11;,9;null;4,8;22,2;null;15;null;70;null;
2015-03-12;1,8;null;0;20;null;14,4;null;85;null;
2015-03-13;,5;null;13,5;19,6;null;13,4;null;84;null;
2015-03-14;,6;null;0;20;null;15;null;88;null;
2015-03-15;,9;null;13;22;null;14,6;null;83;null;
2015-03-16;,9;null;0;22,2;null;13,6;null;79;null;
2015-03-17;,9;null;14,9;20;null;13;null;83;null;
2015-03-18;,4;null;5,4;18;null;13;null;89;null;
2015-03-19;,3;null;2,8;18,6;null;12,6;null;85;null;
2015-03-20;,3;null;,3;19,6;null;12,2;null;82;null;
2015-03-21;1,1;null;1,6;18;null;13,2;null;89;null;
2015-03-22;,5;null;9,9;19;null;13,4;null;94;null;
2015-03-23;,5;null;37,5;18,4;null;11,2;null;89;null;
2015-03-24;,3;null;,8;19,6;null;10,4;null;82;null;
2015-03-25;,9;null;0;21,6;null;12,6;null;69;null;
2015-03-26;1,2;null;0;23;null;10,4;null;70;null;
2015-03-27;1,4;null;0;22,6;null;10,8;null;65;null;
2015-03-28;,8;null;0;22,6;null;13,6;null;82;null;
2015-03-29;1;null;0;22;null;13,6;null;95;null;
2015-03-30;,6;null;31;19,8;null;14,4;null;96;null;
2015-03-31;,6;null;4,8;20,2;null;14,8;null;91;null;
2015-04-01;1,7;null;4,6;21,6;null;12,2;null;80;null;
2015-04-02;1,5;null;0;20,8;null;13,4;null;68;null;
2015-04-03;1,6;null;0;21;null;10,4;null;66;null;
2015-04-04;1,7;null;0;20,4;null;9,8;null;74;null;
2015-04-05;1,5;null;0;19,2;null;14,4;null;93;null;
2015-04-06;,5;null;22,8;20,2;null;14,8;null;78;null;
2015-04-07;1;null;7,8;15;null;10,8;null;92;null;
2015-04-08;,4;null;,4;18,2;null;9;null;82;null;
2015-04-09;1,1;null;0;19,8;null;12,4;null;75;null;
2015-04-10;,8;null;0;20;null;10,8;null;68;null;
2015-04-11;1,5;null;0;20,2;null;10,8;null;64;null;
2015-04-12;1,2;null;0;20,4;null;10,2;null;67;null;
2015-04-13;1,4;null;0;20,4;null;10,4;null;62;null;
2015-04-14;1,2;null;0;21,2;null;12,6;null;74;null;
2015-04-15;1,3;null;0;20,6;null;13,6;null;75;null;
2015-04-16;1,1;null;4,4;20,6;null;14,8;null;87;null;
2015-04-17;,8;null;9;20,4;null;10,8;null;82;null;
2015-04-18;,8;null;0;20,6;null;12,8;null;75;null;
2015-04-19;1;null;0;22;null;13,2;null;93;null;
2015-04-20;,6;null;1,6;22;null;13,2;null;74;null;
2015-04-21;1,1;null;0;22,6;null;14,4;null;81;null;
2015-04-22;,7;null;4,2;18,4;null;15;null;95;null;
2015-04-23;,2;null;2,5;20,6;null;12,2;null;84;null;
2015-04-24;,7;null;1,5;20;null;14;null;80;null;
2015-04-25;,6;null;,5;16,8;null;11,6;null;82;null;
2015-04-26;,5;null;,6;17,8;null;10,4;null;77;null;
2015-04-27;1,3;null;0;18,4;null;7,4;null;70;null;
2015-04-28;1,3;null;0;17,8;null;9,8;null;71;null;
2015-04-29;1,1;null;0;18;null;9,8;null;74;null;
2015-04-30;1,3;null;0;16;null;9,4;null;80;null;
2015-05-01;,7;null;0;16,6;null;8,4;null;73;null;
2015-05-02;,8;null;0;17,2;null;8,8;null;84;null;
2015-05-03;,9;null;0;19,4;null;10,6;null;73;null;
2015-05-04;1,2;null;0;16,8;null;13,4;null;92;null;
2015-05-05;,8;null;5,8;17,4;null;12,6;null;88;null;
2015-05-06;,6;null;0;16,6;null;10,6;null;88;null;
2015-05-07;,5;null;0;15,4;null;8,6;null;75;null;
2015-05-08;,9;null;2,8;15,2;null;9;null;86;null;
2015-05-09;1,4;null;0;17;null;6,4;null;91;null;
2015-05-10;,2;null;0;17,6;null;8;null;79;null;
2015-05-11;,4;null;25,3;14,4;null;11,6;null;92;null;
2015-05-12;,2;null;1,9;14,8;null;5,8;null;76;null;
2015-05-13;,8;null;2;14,8;null;8,8;null;82;null;
2015-05-14;,6;null;0;15,8;null;8,6;null;80;null;
2015-05-15;,8;null;0;15,4;null;5,6;null;80;null;
2015-05-16;,6;null;,2;15,6;null;4,4;null;61;null;
2015-05-17;1,2;null;0;16;null;7,8;null;80;null;
2015-05-18;,4;null;0;16,4;null;8,6;null;83;null;
2015-05-19;,7;null;5,6;16,2;null;10,4;null;95;null;
2015-05-20;,5;null;3,4;16,4;null;8;null;90;null;
2015-05-21;,2;null;3,2;16,6;null;7,6;null;82;null;
2015-05-22;,3;null;0;16,4;null;7,6;null;76;null;
2015-05-23;,7;null;0;16;null;7,6;null;82;null;
2015-05-24;,3;null;0;19,2;null;8,4;null;76;null;
2015-05-25;1;null;0;21,4;null;8,4;null;63;null;
2015-05-26;1,4;null;0;19,6;null;11,6;null;91;null;
2015-05-27;,6;null;0;18,2;null;12,8;null;75;null;
2015-05-28;1,2;null;0;17,6;null;12,6;null;85;null;
2015-05-29;1,2;null;9,4;14;null;8,4;null;82;null;
2015-05-30;,7;null;0;16,4;null;7,8;null;44;null;
2015-05-31;2,3;null;30,6;13;null;8,2;null;98;null;
2015-06-01;,2;null;24,1;15,4;null;10,8;null;94;null;
2015-06-02;,2;null;0;15,6;null;10,8;null;97;null;
2015-06-03;,3;null;0;16;null;10,6;null;82;null;
2015-06-04;,4;null;0;16,8;null;7,2;null;88;null;
2015-06-05;,5;null;0;16,4;null;5,4;null;59;null;
2015-06-06;1,2;null;0;16,8;null;9;null;76;null;
2015-06-07;,8;null;0;17,4;null;10,6;null;95;null;
2015-06-08;1;null;0;17,6;null;7,2;null;71;null;
2015-06-09;1,1;null;0;17,2;null;6,6;null;66;null;
2015-06-10;1,3;null;0;16,2;null;7,6;null;66;null;
2015-06-11;1,1;null;0;17,8;null;6,4;null;56;null;
2015-06-12;2;null;0;17;null;9;null;87;null;
2015-06-13;,5;null;0;17,8;null;10,8;null;67;null;
2015-06-14;1,5;null;0;18,8;null;11,2;null;66;null;
2015-06-15;2,9;null;0;16,4;null;14,2;null;83;null;
2015-06-16;,4;null;11,8;16,4;null;6,8;null;90;null;
2015-06-17;,4;null;0;19;null;10;null;77;null;
2015-06-18;,9;null;0;18,2;null;10,4;null;75;null;
2015-06-19;,6;null;17,6;11,9;null;9,6;null;94;null;
2015-06-20;,3;null;3;15,2;null;7,4;null;86;null;
2015-06-21;,5;null;0;16;null;6,4;null;86;null;
2015-06-22;1;null;0;16,8;null;7;null;83;null;
2015-06-23;,7;null;0;16,6;null;8;null;66;null;
2015-06-24;1,1;null;7;12,6;null;10,4;null;96;null;
2015-06-25;,2;null;11;14,2;null;6,8;null;80;null;
2015-06-26;1,3;null;0;13,8;null;4,6;null;87;null;
2015-06-27;,2;null;0;13,8;null;,4;null;75;null;
2015-06-28;,8;null;0;13,4;null;2,8;null;69;null;
2015-06-29;1;null;0;14,6;null;6;null;71;null;
2015-06-30;1;null;0;15,4;null;8,4;null;76;null;
2015-07-01;1,6;null;0;15,4;null;11,2;null;80;null;
2015-07-02;,9;null;0;16,6;null;9;null;80;null;
2015-07-03;,7;null;0;16,2;null;11,8;null;91;null;
2015-07-04;1;null;,8;16,6;null;10,8;null;78;null;
2015-07-05;,5;null;9,4;12,4;null;5,4;null;95;null;
2015-07-06;,3;null;1,3;15,6;null;8,2;null;90;null;
2015-07-07;,3;null;0;15,2;null;9,6;null;92;null;
2015-07-08;,4;null;0;13,8;null;11,8;null;92;null;
2015-07-09;,7;null;5,4;13,8;null;9,2;null;91;null;
2015-07-10;,9;null;0;16,8;null;7,2;null;70;null;
2015-07-11;,9;null;0;18,2;null;10;null;80;null;
2015-07-12;1,4;null;,5;18,6;null;9,8;null;67;null;
2015-07-13;2,1;null;0;19;null;11,6;null;62;null;
2015-07-14;2,4;null;0;20,2;null;9,4;null;44;null;
2015-07-15;2,2;null;0;19,8;null;8,2;null;62;null;
2015-07-16;1,9;null;0;19;null;9,8;null;77;null;
2015-07-17;1;null;0;16,2;null;9,2;null;78;null;
2015-07-18;,5;null;0;17;null;7;null;72;null;
2015-07-19;2;null;0;16,2;null;5,8;null;64;null;
2015-07-20;1,6;null;0;17;null;8,6;null;69;null;
2015-07-21;1,6;null;0;17,6;null;10,8;null;73;null;
2015-07-22;,7;null;0;16,2;null;8;null;85;null;
2015-07-23;,8;null;0;16,2;null;8,6;null;79;null;
2015-07-24;,7;null;0;16,8;null;9,6;null;71;null;
2015-07-25;1,1;null;18,6;13,2;null;10,2;null;95;null;
2015-07-26;,4;null;2,9;16,2;null;10,2;null;78;null;
2015-07-27;1,1;null;0;17;null;6,6;null;59;null;
2015-07-28;3,3;null;0;18,4;null;7,2;null;49;null;
2015-07-29;3;null;0;18,8;null;5,4;null;55;null;
2015-07-30;2,1;null;0;19,2;null;4,8;null;51;null;
2015-07-31;2;null;0;17,8;null;5,8;null;67;null;
2015-08-01;1,3;null;0;17,6;null;6;null;61;null;
2015-08-02;1,5;null;0;17,6;null;6,4;null;66;null;
2015-08-03;1,7;null;0;19;null;5,8;null;58;null;
2015-08-04;1,4;null;0;18,4;null;6;null;47;null;
2015-08-05;3,1;null;0;18;null;5,6;null;54;null;
2015-08-06;2;null;0;18,4;null;5,2;null;53;null;
2015-08-07;2,3;null;0;19,2;null;5,8;null;55;null;
2015-08-08;2,2;null;0;18,6;null;6,8;null;54;null;
2015-08-09;2,2;null;0;18;null;7;null;75;null;
2015-08-10;1;null;0;18,8;null;6,6;null;57;null;
2015-08-11;1,8;null;0;19;null;6;null;69;null;
2015-08-12;2;null;0;18,4;null;5,2;null;61;null;
2015-08-13;1,5;null;0;19,2;null;5,2;null;64;null;
2015-08-14;1,5;null;0;18;null;5,4;null;57;null;
2015-08-15;1,8;null;0;17,6;null;8,4;null;64;null;
2015-08-16;1,9;null;0;18,8;null;6,4;null;53;null;
2015-08-17;2,2;null;0;18,6;null;7;null;54;null;
2015-08-18;2,5;null;0;18,4;null;7,4;null;57;null;
2015-08-19;2,6;null;0;20;null;11,6;null;60;null;
2015-08-20;2,7;null;0;14;null;6,6;null;68;null;
2015-08-21;1,7;null;,4;18,2;null;6;null;70;null;
2015-08-22;1;null;0;19,6;null;6,2;null;61;null;
2015-08-23;1,5;null;0;21,2;null;6,2;null;50;null;
2015-08-24;3,1;null;0;18;null;10,2;null;69;null;
2015-08-25;1;null;6,8;14;null;10;null;95;null;
2015-08-26;,5;null;12,4;20;null;6,8;null;72;null;
2015-08-27;1,4;null;0;17,8;null;9,6;null;83;null;
2015-08-28;,9;null;4,9;16,6;null;8,8;null;53;null;
2015-08-29;2,1;null;0;21,8;null;3,8;null;53;null;
2015-08-30;2,6;null;0;24;null;7,4;null;53;null;
2015-08-31;2,4;null;0;25,3;null;8,2;null;42;null;
2015-09-01;3,8;null;0;22,4;null;9,2;null;40;null;
2015-09-02;3,2;null;0;20,8;null;9,2;null;65;null;
2015-09-03;1,1;null;0;21,8;null;10;null;73;null;
2015-09-04;2,2;null;0;19,6;null;8;null;75;null;
2015-09-05;,6;null;3,8;17,8;null;9,8;null;90;null;
2015-09-06;,6;null;,6;17,8;null;11,4;null;77;null;
2015-09-07;1,5;null;2,8;18,4;null;12,8;null;72;null;
2015-09-08;1,5;null;18,5;15,4;null;12;null;95;null;
2015-09-09;,3;null;48,2;15,8;null;11,2;null;90;null;
2015-09-10;,7;null;0;16,4;null;11,2;null;88;null;
2015-09-11;,8;null;18,5;16,2;null;12,4;null;86;null;
2015-09-12;,7;null;20,5;15,2;null;11,4;null;94;null;
2015-09-13;,3;null;4,6;15,2;null;8,2;null;94;null;
2015-09-14;,3;null;0;18,4;null;6,2;null;78;null;
2015-09-15;,8;null;0;20,2;null;10;null;81;null;
2015-09-16;,7;null;0;23,2;null;12,2;null;60;null;
2015-09-17;2,7;null;0;25,7;null;12,2;null;43;null;
2015-09-18;3,7;null;0;26,5;null;11,2;null;43;null;
2015-09-19;4,3;null;0;27,1;null;12,8;null;38;9,3;
2015-09-20;5;null;0;25,7;null;11,4;null;36;null;
2015-09-21;5,5;null;0;24,7;null;10,2;null;32;null;
2015-09-22;6,5;null;0;24,5;null;9,2;null;44;null;
2015-09-23;4,4;null;0;26,7;null;9,4;null;39;null;
2015-09-24;4,7;null;0;26,7;null;11,2;null;30;null;
2015-09-25;5,5;null;0;27,5;null;11,4;null;52;null;
2015-09-26;3,5;null;6;20;null;13,6;null;94;null;
2015-09-27;,5;null;1,9;23,4;null;12,8;null;69;null;
2015-09-28;1,6;null;18,1;18,8;null;13,4;null;81;null;
2015-09-29;1,1;null;0;21,8;null;13,4;null;67;null;
2015-09-30;1,9;null;3,4;19,4;null;13,2;null;72;null;
2015-10-01;,8;null;,9;23,2;null;12;null;61;null;
2015-10-02;2;null;0;25,1;null;13,8;null;54;null;
2015-10-03;2,9;null;2,5;21,4;null;14,6;null;71;null;
2015-10-04;1,4;null;0;19,4;null;14,2;null;85;null;
2015-10-05;,3;null;0;19,6;null;10,4;null;72;null;
2015-10-06;1,3;null;0;22;null;8,6;null;68;null;
2015-10-07;1,9;null;0;24,9;null;9,4;null;55;null;
2015-10-08;2,5;null;0;26,1;null;10,4;null;53;null;
2015-10-09;3,5;null;0;26,7;null;10,8;null;46;null;
2015-10-10;3,4;null;0;26,7;null;13,8;null;67;null;
2015-10-11;2,5;null;0;25,3;null;12,6;null;52;null;
2015-10-12;3,1;null;0;25,7;null;13;null;46;null;
2015-10-13;3,1;null;0;24,9;null;12,8;null;52;null;
2015-10-14;2,4;null;18;26,1;null;13;null;57;null;
2015-10-15;4;null;0;27,3;null;13,6;null;37;null;
2015-10-16;6;null;0;28,5;null;12,8;null;34;null;
2015-10-17;5,3;null;0;27,3;null;13;null;52;null;
2015-10-18;2,5;null;0;22;null;11,6;null;76;null;
2015-10-19;1,2;null;0;25,7;null;11,6;null;61;null;
2015-10-20;2,6;null;0;28,1;null;13,4;null;41;null;
2015-10-21;4;null;14,6;24,3;null;14;null;55;null;
2015-10-22;2,6;null;0;23,4;null;14,2;null;74;null;
2015-10-23;,3;null;30,1;22,2;null;11,8;null;77;null;
2015-10-24;1,7;null;0;23;null;11,2;null;82;null;
2015-10-25;1;null;0;23,8;null;11,6;null;70;null;
2015-10-26;1,4;null;0;21,8;null;13,2;null;70;null;
2015-10-27;1,4;null;13,4;22,2;null;14;null;72;null;
2015-10-28;,8;null;5,9;20,8;null;13,4;null;91;null;
2015-10-29;,5;null;11,2;20,8;null;12,6;null;66;null;
2015-10-30;2,4;null;0;23,8;null;9,6;null;57;null;
2015-10-31;2,7;null;0;23,6;null;10,8;null;65;null;
2015-11-01;2,7;null;0;21,2;null;14,8;null;84;null;
2015-11-02;,8;null;16,5;20,8;null;14;null;84;null;
2015-11-03;,8;null;19;19,2;null;14,8;null;91;null;
2015-11-04;1;null;,4;22;null;15;null;83;null;
2015-11-05;1;null;24,4;21,6;null;15;null;77;null;
2015-11-06;1,3;null;0;21,2;null;14,4;null;84;null;
2015-11-07;,7;null;5,3;20,6;null;12,6;null;85;null;
2015-11-08;,4;null;1,1;20,2;null;13,4;null;80;null;
2015-11-09;1,2;null;0;23,4;null;14,8;null;85;null;
2015-11-10;1,6;null;1,2;25,1;null;12,2;null;66;null;
2015-11-11;1,2;null;1,5;26,3;null;13,8;null;76;null;
2015-11-12;2,2;null;0;26,1;null;15,6;null;59;null;
2015-11-13;2,3;null;0;26,5;null;13,6;null;65;null;
2015-11-14;1,6;null;6,7;25,3;null;13;null;74;null;
2015-11-15;1,7;null;13,7;23,2;null;13,6;null;72;null;
2015-11-16;1,3;null;2,8;21,4;null;15,6;null;88;null;
2015-11-17;,6;null;7,4;22,4;null;14,4;null;76;null;
2015-11-18;1,1;null;29,7;23,2;null;13,6;null;77;null;
2015-11-19;2,1;null;1,9;24,2;null;15,4;null;79;null;
2015-11-20;1,1;null;19,2;20,8;null;14;null;69;null;
2015-11-21;1,4;null;18,8;21,2;null;14,2;null;92;null;
2015-11-22;3,1;null;0;23,2;null;11,6;null;85;null;
2015-11-23;1,2;null;1,3;20,2;null;15,4;null;95;null;
2015-11-24;,7;null;15;17;null;13,2;null;87;null;
2015-11-25;,4;null;1;18,8;null;13;null;95;null;
2015-11-26;,6;null;,8;22,2;null;13,2;null;78;null;
2015-11-27;1,6;null;0;23,4;null;11,2;null;64;null;
2015-11-28;1,8;null;0;23,6;null;14,8;null;69;null;
2015-11-29;1,2;null;1,6;22;null;14,4;null;72;null;
2015-11-30;,9;null;39;20,2;null;15;null;93;null;
2015-12-01;,6;null;0;22,4;null;14;null;85;null;
2015-12-02;,8;null;0;22,8;null;15,6;null;85;null;
2015-12-03;,8;null;3;22;null;14,4;null;88;null;
2015-12-04;,9;null;4,1;22,2;null;14,2;null;81;null;
2015-12-05;,7;null;18,9;22,6;null;12,6;null;91;null;
2015-12-06;,8;null;4,6;21,6;null;14,4;null;80;null;
2015-12-07;1,1;null;18;19;null;14,6;null;95;null;
2015-12-08;,4;null;3,8;23,6;null;13,6;null;76;null;
2015-12-09;,9;null;0;21,8;null;15,4;null;80;null;
2015-12-10;1,2;null;1,6;19;null;16,6;null;91;null;
2015-12-11;,7;null;7,9;22,8;null;14;null;77;null;
2015-12-12;1,4;null;0;24,5;null;13,4;null;73;null;
2015-12-13;1,3;null;19,2;24,5;null;12,2;null;73;null;
2015-12-14;,8;null;8,1;25,3;null;14,2;null;66;null;
2015-12-15;1,7;null;1;24,3;null;15,6;null;59;null;
2015-12-16;1,8;null;14,2;21,4;null;14,4;null;87;null;
2015-12-17;,9;null;8;23,6;null;14;null;72;null;
2015-12-18;1,3;null;2,4;25,7;null;13,8;null;59;null;
2015-12-19;2;null;0;25,1;null;14,4;null;83;null;
2015-12-20;1;null;31,2;22,2;null;13;null;80;null;
2015-12-21;1;null;17,9;22,8;null;13,4;null;78;null;
2015-12-22;1,3;null;0;24,3;null;14,6;null;72;null;
2015-12-23;1,7;null;0;24,7;null;14,6;null;72;null;
2015-12-24;null;null;5,3;null;null;null;null;73;null;
2015-12-25;null;null;0;23,6;null;14,2;null;93;null;
2015-12-26;,8;null;13,3;24,5;null;13,6;null;72;null;
2015-12-27;1,6;null;18,6;19,6;null;14,4;null;93;null;
2015-12-28;,3;null;3,1;19,2;null;14,6;null;87;null;
2015-12-29;,4;null;12;18;null;14,2;null;95;null;
2015-12-30;,4;null;11,5;18,4;null;13,2;null;85;null;
2015-12-31;1,3;null;3,2;21,8;null;13,4;null;69;null;
2016-01-01;1,3;null;6,1;22,6;null;14,4;null;86;null;
2016-01-02;,8;null;5;22,8;null;14,6;null;95;null;
2016-01-03;null;null;null;null;null;null;null;null;null;
2016-01-04;null;null;48,9;21,6;null;null;null;82;null;
2016-01-05;1,3;null;0;22,2;null;10,8;null;73;null;
2016-01-06;1,7;null;0;25,1;null;10,6;null;65;null;
2016-01-07;1,9;null;0;25,7;null;12,2;null;56;null;
2016-01-08;3,5;null;0;24,5;null;13,2;null;71;null;
2016-01-09;2,1;null;3,5;24,3;null;16;null;80;null;
2016-01-10;null;null;null;null;null;null;null;null;null;
2016-01-11;null;null;35,5;17,6;null;null;null;95;null;
2016-01-12;,5;null;25,5;19,2;null;15,4;null;96;null;
2016-01-13;,2;null;7,9;22,4;null;16;null;90;null;
2016-01-14;,6;null;32,5;21,4;null;16;null;92;null;
2016-01-15;,4;null;17,8;20,4;null;16,4;null;96;null;
2016-01-16;,5;null;54,6;18,6;null;13;null;90;null;
2016-01-17;null;null;null;null;null;null;null;null;null;
2016-01-18;null;null;,7;22,2;null;null;null;86;null;
2016-01-19;,8;null;,9;19;null;12,8;null;89;null;
2016-01-20;,9;null;,9;20,6;null;13;null;81;null;
2016-01-21;null;null;null;null;null;null;null;null;null;
2016-01-22;null;null;2,2;20,2;null;null;null;76;null;
2016-01-23;1,6;null;,3;22,6;null;10,8;null;68;null;
2016-01-24;1,7;null;0;22,2;null;12,2;null;74;null;
2016-01-25;1,4;null;1;24,2;null;14,4;null;73;null;
2016-01-26;1,9;null;0;24,5;null;14;null;74;null;
2016-01-27;1,5;null;5,9;23,8;null;14;null;69;null;
2016-01-28;1,1;null;24,8;22;null;14,4;null;80;null;
2016-01-29;,8;null;17,2;19,4;null;14,2;null;91;null;
2016-01-30;,4;null;1,3;21,8;null;14,6;null;70;null;
2016-01-31;null;null;null;null;null;null;null;null;null;
2016-02-01;null;null;0;25,1;null;null;null;62;null;
2016-02-02;3,2;null;0;26,1;null;11,6;null;58;null;
2016-02-03;2,9;null;0;24,9;null;12,6;null;64;null;
2016-02-04;1,7;null;7,6;24,5;null;12,4;null;75;null;
2016-02-05;1,7;null;,3;24,2;null;13,4;null;73;null;
2016-02-06;1,7;null;0;23,6;null;14,2;null;74;null;
2016-02-07;null;null;null;null;null;null;null;null;null;
2016-02-08;null;null;12,3;23,4;null;null;null;83;null;
2016-02-09;1;null;9,3;24;null;15,2;null;69;null;
2016-02-10;1,6;null;0;26,9;null;12,6;null;57;null;
2016-02-11;2,3;null;1,6;21,4;null;15;null;93;null;
2016-02-12;,4;null;31,9;23,4;null;13,2;null;79;null;
2016-02-13;1,4;null;0;24,2;null;12,8;null;65;null;
2016-02-14;null;null;null;null;null;null;null;null;null;
2016-02-15;null;null;0;24,5;null;null;null;71;null;
2016-02-16;1,2;null;8,7;21,4;null;13,8;null;86;null;
2016-02-17;,9;null;17,8;23;null;14,4;null;80;null;
2016-02-18;1,3;null;2,9;23,4;null;14,8;null;76;null;
2016-02-19;1,2;null;4,7;22,6;null;15;null;75;null;
2016-02-20;1,1;null;12,7;23,6;null;15,4;null;73;null;
2016-02-21;null;null;null;null;null;null;null;null;null;
2016-02-22;null;null;38,4;19,2;null;null;null;93;null;
2016-02-23;,2;null;29,9;19;null;12,8;null;92;null;
2016-02-24;,3;null;10;23;null;13,4;null;77;null;
2016-02-25;1;null;7,5;22;null;14;null;80;null;
2016-02-26;1,1;null;,4;23,2;null;14,2;null;75;null;
2016-02-27;1,6;null;0;21;null;15,6;null;85;null;
2016-02-28;null;null;null;null;null;null;null;null;null;
2016-02-29;null;null;14,4;17,8;null;null;null;95;null;
2016-03-01;,4;null;4,4;16,8;null;11,4;null;96;null;
2016-03-02;,3;null;22,5;17,6;null;13,8;null;96;null;
2016-03-03;,2;null;2,3;16,4;null;14;null;95;null;
2016-03-04;,3;null;23,3;19,6;null;12,6;null;84;null;
2016-03-05;,7;null;15,3;21;null;12,4;null;76;null;
2016-03-06;null;null;null;null;null;null;null;null;null;
2016-03-07;null;null;,3;24;null;null;null;85;null;
2016-03-08;1,2;null;0;24,3;null;12,4;null;82;null;
2016-03-09;1,1;null;25,1;22;null;14,2;null;74;null;
2016-03-10;1,6;null;0;19,4;null;14,4;null;85;null;
2016-03-11;null;null;null;null;null;null;null;null;null;
2016-03-12;null;null;null;null;null;null;null;null;null;
2016-03-13;null;null;null;null;null;null;null;null;null;
2016-03-14;null;null;null;null;null;null;null;null;null;
2016-03-15;null;null;null;null;null;null;null;null;null;
2016-03-16;null;null;null;null;null;null;null;null;null;
2016-03-17;null;null;null;null;null;null;null;null;null;
2016-03-18;null;null;null;null;null;null;null;null;null;
2016-03-19;null;null;null;null;null;null;null;null;null;
2016-03-20;null;null;null;null;null;null;null;null;null;
2016-03-21;null;null;null;null;null;null;null;null;null;
2016-03-22;null;null;null;null;null;null;null;null;null;
2016-03-23;null;null;null;null;null;null;null;null;null;
2016-03-24;null;null;null;null;null;null;null;null;null;
2016-03-25;null;null;null;null;null;null;null;null;null;
2016-03-26;null;null;null;null;null;null;null;null;null;
2016-03-27;null;null;null;null;null;null;null;null;null;
2016-03-28;null;null;null;null;null;null;null;null;null;
2016-03-29;null;null;null;null;null;null;null;null;null;
2016-03-30;null;null;null;null;null;null;null;null;null;
2016-03-31;null;null;null;21,4;null;null;null;84;null;
2016-04-01;,9;null;0;21,2;null;12;null;86;null;
2016-04-02;1,1;null;16;22,4;null;10;null;69;null;
2016-04-03;null;null;null;null;null;null;null;null;null;
2016-04-04;null;null;0;22,6;null;null;null;63;null;
2016-04-05;2,4;null;0;21,6;null;10,8;null;66;null;
2016-04-06;1,8;null;0;21,2;null;9,2;null;75;null;
2016-04-07;1,3;null;0;22,2;null;9;null;57;null;
2016-04-08;2,5;null;0;23,4;null;8,6;null;56;null;
2016-04-09;2,6;null;0;23,6;null;10,2;null;60;null;
2016-04-10;null;null;null;null;null;null;null;null;null;
2016-04-11;null;null;0;22,8;null;null;null;79;null;
2016-04-12;1,1;null;0;22;null;12,4;null;66;null;
2016-04-13;1,3;null;0;21,4;null;10,8;null;71;null;
2016-04-14;1,5;null;0;23,2;null;12,4;null;65;null;
2016-04-15;1,8;null;0;22;null;11,8;null;62;null;
2016-04-16;1,7;null;0;22,6;null;9,6;null;66;null;
2016-04-17;null;null;null;null;null;null;null;null;null;
2016-04-18;null;null;0;23;null;null;null;87;null;
2016-04-19;1,3;null;0;21,4;null;10,4;null;66;null;
2016-04-20;1,5;null;0;20,8;null;10,2;null;68;null;
2016-04-21;1,3;null;0;21,8;null;10,8;null;61;null;
2016-04-22;2;null;0;21,2;null;9,6;null;53;null;
2016-04-23;2,5;null;0;22;null;9,6;null;59;null;
2016-04-24;null;null;null;null;null;null;null;null;null;
2016-04-25;null;null;0;21,4;null;null;null;63;null;
2016-04-26;2,4;null;0;19,8;null;14,2;null;76;null;
2016-04-27;2,4;null;0;15,8;null;14;null;86;null;
2016-04-28;,3;null;3;16,2;null;8,6;null;88;null;
2016-04-29;,5;null;0;16,4;null;8,6;null;95;null;
2016-04-30;,8;null;18,3;15,8;null;8,8;null;95;null;
2016-05-01;null;null;null;null;null;null;null;null;null;
2016-05-02;null;null;0;16,4;null;null;null;64;null;
2016-05-03;1,5;null;0;18;null;1,6;null;54;null;
2016-05-04;1,6;null;0;17,8;null;5,2;null;77;null;
2016-05-05;1;null;0;17,2;null;5,4;null;77;null;
2016-05-06;,8;null;0;17,6;null;7,2;null;80;null;
2016-05-07;,6;null;0;18,4;null;9,6;null;77;null;
2016-05-08;null;null;null;null;null;null;null;null;null;
2016-05-09;null;null;1,3;19,6;null;null;null;77;null;
2016-05-10;1;null;0;18,2;null;14,2;null;74;null;
2016-05-11;1,4;null;,9;18,8;null;10,4;null;78;null;
2016-05-12;1;null;0;16;null;10,2;null;76;null;
2016-05-13;,6;null;,3;16,4;null;9;null;76;null;
2016-05-14;1;null;0;16;null;8,4;null;84;null;
2016-05-15;null;null;null;null;null;null;null;null;null;
2016-05-16;null;null;,6;17,8;null;null;null;86;null;
2016-05-17;1;null;2,6;16,6;null;14,4;null;93;null;
2016-05-18;,4;null;4;16;null;8,8;null;91;null;
2016-05-19;,3;null;17,5;15,6;null;12,6;null;95;null;
2016-05-20;,4;null;2,8;17;null;10,4;null;89;null;
2016-05-21;,2;null;23,7;15,2;null;11,8;null;94;null;
2016-05-22;null;null;null;null;null;null;null;null;null;
2016-05-23;null;null;18,6;14,8;null;null;null;87;null;
2016-05-24;1;null;0;11,7;null;4,6;null;77;null;
2016-05-25;1,1;null;0;16,2;null;4,6;null;68;null;
2016-05-26;,9;null;0;16,2;null;9;null;73;null;
2016-05-27;,6;null;0;17,4;null;7;null;81;null;
2016-05-28;1;null;0;17,6;null;8,8;null;62;null;
2016-05-29;null;null;null;null;null;null;null;null;null;
2016-05-30;null;null;0;17,4;null;null;null;89;null;
2016-05-31;1,3;null;11,8;15,8;null;10,4;null;88;null;
2016-06-01;,8;null;,4;18;null;11,4;null;77;null;
2016-06-02;1,1;null;30,7;15,4;null;11,6;null;90;null;
2016-06-03;null;null;null;null;null;null;null;null;null;
2016-06-04;null;null;37,2;15,8;null;null;null;98;null;
2016-06-05;null;null;58,7;17,4;null;12,8;null;98;null;
2016-06-06;,5;null;13,8;17,8;null;14,2;null;89;null;
2016-06-07;,7;null;29,1;14,8;null;10,6;null;97;null;
2016-06-08;,2;null;2,8;12,4;null;5,2;null;84;null;
2016-06-09;,7;null;0;12,8;null;1,8;null;62;null;
2016-06-10;1,1;null;0;14,2;null;,6;null;57;null;
2016-06-11;2,6;null;0;11,1;null;-,2;null;68;null;
2016-06-12;null;null;null;null;null;null;null;null;null;
2016-06-13;3;null;0;13,4;null;null;null;28;null;
2016-06-14;3,8;null;0;15;null;-1,8;null;60;null;
2016-06-15;1,4;null;0;15;null;3;null;72;null;
2016-06-16;1;null;0;17,4;null;4,6;null;62;null;
2016-06-17;1,4;null;0;17,8;null;6,4;null;54;null;
2016-06-18;1,3;null;0;17,6;null;5,2;null;54;null;
2016-06-19;1,7;null;0;17,4;null;5,6;null;47;null;
2016-06-20;null;null;null;null;null;null;null;null;null;
2016-06-21;null;null;0;13,4;null;null;null;89;null;
2016-06-22;,5;null;0;14,2;null;7;null;84;null;
2016-06-23;,9;null;0;16,8;null;9,8;null;70;null;
2016-06-24;1;null;0;16,2;null;7,4;null;51;null;
2016-06-25;1,6;null;0;15,8;null;4,8;null;78;null;
2016-06-26;null;null;null;null;null;null;null;null;null;
2016-06-27;null;null;,3;14,2;null;null;null;67;null;
2016-06-28;,8;null;0;15,6;null;5,4;null;68;null;
2016-06-29;1,6;null;0;15,6;null;7,8;null;70;null;
2016-06-30;,3;null;0;16,6;null;5,6;null;75;null;
2016-07-01;,9;null;0;16,4;null;7;null;76;null;
2016-07-02;,8;null;0;16,4;null;7,6;null;69;null;
2016-07-03;null;null;null;null;null;null;null;null;null;
2016-07-04;null;null;0;16,8;null;null;null;58;null;
2016-07-05;1,5;null;0;17;null;4,8;null;61;null;
2016-07-06;1,3;null;0;17,4;null;8,6;null;67;null;
2016-07-07;2,7;null;0;18,6;null;12;null;34;null;
2016-07-08;3,7;null;0;16,2;null;2,2;null;47;null;
2016-07-09;2,4;null;0;18;null;1,8;null;47;null;
2016-07-10;null;null;null;null;null;null;null;null;null;
2016-07-11;null;null;0;19,6;null;null;null;56;null;
2016-07-12;2,6;null;0;20,8;null;12,4;null;50;null;
2016-07-13;3,1;null;0;20,4;null;7,2;null;64;null;
2016-07-14;2,3;null;0;19,4;null;7,6;null;48;null;
2016-07-15;4;null;0;20,6;null;10,8;null;49;null;
2016-07-16;4,7;null;0;20,2;null;12,6;null;49;null;
2016-07-17;null;null;null;null;null;null;null;null;null;
2016-07-18;null;null;0;15,4;null;null;null;47;null;
2016-07-19;2,6;null;0;15,8;null;,6;null;76;null;
2016-07-20;2,9;null;0;16,6;null;4,4;null;58;null;
2016-07-21;1,8;null;0;14,6;null;5,2;null;74;null;
2016-07-22;1;null;0;15,2;null;2;null;74;null;
2016-07-23;1,1;null;0;17,4;null;4,6;null;64;null;
2016-07-24;null;null;null;null;null;null;null;null;null;
2016-07-25;null;null;0;18;null;null;null;72;null;
2016-07-26;1,3;null;0;18,2;null;7,6;null;47;null;
2016-07-27;2,8;null;0;20,2;null;8,8;null;51;null;
2016-07-28;2,8;null;0;17,2;null;6,8;null;70;null;
2016-07-29;1,6;null;0;17,4;null;8;null;67;null;
2016-07-30;1,6;null;0;17;null;5,6;null;63;null;
2016-07-31;null;null;null;null;null;null;null;null;null;
2016-08-01;null;null;0;18;null;null;null;null;null;
2016-08-02;2,4;null;0;18;null;7,2;null;null;null;
2016-08-03;1,6;null;0;17,4;null;7;null;null;null;
2016-08-04;1,1;null;0;15,6;null;6,2;null;null;null;
2016-08-05;1,1;null;0;17,4;null;5,8;null;null;null;
2016-08-06;1,2;null;0;20;null;6,8;null;null;null;
2016-08-07;null;null;null;null;null;null;null;null;null;
2016-08-08;null;null;0;21,6;null;null;null;null;null;
2016-08-09;3,1;null;0;21,4;null;11,4;null;null;null;
2016-08-10;2,7;null;,2;13,4;null;10;null;null;null;
2016-08-11;,3;null;0;8,9;null;1,4;null;84;null;
2016-08-12;1,4;null;0;15,4;null;2;null;null;null;
2016-08-13;,6;null;0;18,6;null;1,6;null;null;null;
2016-08-14;null;null;null;null;null;null;null;null;null;
2016-08-15;null;null;0;21,8;null;null;null;null;null;
2016-08-16;3,2;null;8,6;17,8;null;8,4;null;null;null;
2016-08-17;1,6;null;0;21,4;null;8,6;null;null;null;
2016-08-18;2,7;null;0;22,4;null;10,2;null;null;null;
2016-08-19;1,7;null;0;21,4;null;9,6;null;null;null;
2016-08-20;2,6;null;0;14,8;null;13,8;null;null;null;
2016-08-21;null;null;null;null;null;null;null;null;null;
2016-08-22;1,3;null;36,2;9,5;null;null;null;null;null;
2016-08-23;,7;null;0;15,8;null;2;null;null;null;
2016-08-24;,8;null;0;17,8;null;2,4;null;null;null;
2016-08-25;1,2;null;0;20;null;4,6;null;null;null;
2016-08-26;2,2;null;0;19,6;null;3,2;null;null;null;
2016-08-27;1,8;null;0;20;null;5;null;null;null;
2016-08-28;null;null;null;null;null;null;null;null;null;
2016-08-29;null;null;0;21,4;null;null;null;null;null;
2016-08-30;2,5;null;0;22,4;null;9;null;null;null;
2016-08-31;3,1;null;0;15,6;null;12,6;null;null;null;
2016-09-01;,6;null;5,7;19;null;11,2;null;70;null;
2016-09-02;1;null;0;21,2;null;8;null;53;null;
2016-09-03;1,6;null;0;20,2;null;11,8;null;74;null;
2016-09-04;null;null;null;null;null;11,8;null;null;null;
2016-09-05;null;null;2,3;20,6;null;null;null;62;null;
2016-09-06;2,2;null;0;15,2;null;12,6;null;78;null;
2016-09-07;,8;null;3,7;19,8;null;10;null;66;null;
2016-09-08;2,5;null;0;20,8;null;7,8;null;58;null;
2016-09-09;2,3;null;0;20,2;null;7,6;null;66;null;
2016-09-10;1,5;null;0;21,4;null;7,8;null;59;null;
2016-09-11;null;null;0;null;null;null;null;null;null;
2016-09-12;null;null;0;22,8;null;null;null;48;null;
2016-09-13;3,5;null;0;23,6;null;11,4;null;42;null;
2016-09-14;7;null;0;24,2;null;null;null;42;null;
2016-09-15;4,9;null;1,6;22,2;null;10,2;null;44;null;
2016-09-16;3,1;null;0;23;null;7;null;69;null;
2016-09-17;1,6;null;12,1;22,4;null;12,2;null;66;null;
2016-09-18;null;null;0;null;null;null;null;null;null;
2016-09-19;null;null;38,6;22,8;null;null;null;69;null;
2016-09-20;1,2;null;1,5;16,6;null;11,6;null;94;null;
2016-09-21;,7;null;0;13,4;null;3,6;null;67;null;
2016-09-22;1,8;null;0;20,4;null;6,2;null;50;null;
2016-09-23;2,3;null;0;23;null;4,8;null;45;null;
2016-09-24;2,8;null;0;22,2;null;8,8;null;67;null;
2016-09-25;null;null;null;null;null;null;null;null;null;
2016-09-26;null;null;0;18,8;null;null;null;70;null;
2016-09-27;1,5;null;0;19,4;null;5;null;61;null;
2016-09-28;2;null;0;20,8;null;5,8;null;56;null;
2016-09-29;2,1;null;0;22,4;null;8,4;null;53;null;
2016-09-30;2,3;null;0;20;null;8,2;null;71;null;
2016-10-01;1,3;null;0;18,6;null;8,6;null;75;null;
2016-10-02;1,1;null;0;19,8;null;8,8;null;55;null;
2016-10-03;null;null;null;null;null;null;null;null;null;
2016-10-04;null;null;39;15,2;null;null;null;95;null;
2016-10-05;,3;null;2,3;16,6;null;9,4;null;73;null;
2016-10-06;1,1;null;0;18,2;null;9,6;null;58;null;
2016-10-07;1,7;null;,7;16,2;null;7,8;null;70;null;
2016-10-08;1,4;null;0;20,6;null;5,2;null;62;null;
2016-10-09;null;null;null;null;null;null;null;null;null;
2016-10-10;null;null;0;20,4;null;null;null;77;null;
2016-10-11;,9;null;0;23;null;11,2;null;63;null;
2016-10-12;1,5;null;18,7;23,2;null;10,6;null;54;null;
2016-10-13;1,9;null;7,1;23;null;12,6;null;58;null;
2016-10-14;1,9;null;26,4;19,6;null;13,6;null;86;null;
2016-10-15;,7;null;7,4;21,2;null;14;null;82;null;
2016-10-16;,8;null;0;24,3;null;13,2;null;70;null;
2016-10-17;null;null;null;null;null;null;null;null;null;
2016-10-18;null;null;1,5;26,5;null;null;null;54;null;
2016-10-19;3;null;0;28,1;null;13,6;null;59;null;
2016-10-20;3;null;0;25,1;null;15,6;null;62;null;
2016-10-21;2,2;null;3,8;22,4;null;13,6;null;75;null;
2016-10-22;,9;null;2;19,6;null;12,8;null;87;null;
2016-10-23;null;null;null;null;null;null;null;null;null;
2016-10-24;null;null;2,5;23,2;null;null;null;74;null;
2016-10-25;1,2;null;2,2;18,2;null;14,8;null;93;null;
2016-10-26;1,7;null;3,3;23;null;11,8;null;67;null;
2016-10-27;1,3;null;5,6;20;null;14,6;null;76;null;
2016-10-28;1,5;null;3,1;20,8;null;8;null;56;null;
2016-10-29;2;null;0;19;null;4,2;null;61;null;
2016-10-30;null;null;null;null;null;null;null;null;null;
2016-10-31;null;null;0;23,2;null;null;null;67;null;
2016-11-01;1,7;null;0;22,6;null;10,4;null;67;null;
2016-11-02;2,2;null;0;23,2;null;12,8;null;66;null;
2016-11-03;1,9;null;1,9;23;null;13,4;null;78;null;
2016-11-04;1;null;4,5;16,2;null;12,8;null;94;null;
2016-11-05;,5;null;2,2;20,4;null;11,8;null;78;null;
2016-11-06;null;null;27,6;null;null;null;null;null;null;
2016-11-07;null;null;16,7;19,6;null;null;null;83;null;
2016-11-08;,9;null;9,4;21,6;null;8,8;null;61;null;
2016-11-09;1,8;null;0;23;null;10,8;null;68;null;
2016-11-10;1,7;null;39,3;23,6;null;10;null;65;null;
2016-11-11;1,8;null;,3;25,5;null;12,2;null;60;null;
2016-11-12;,8;null;48,6;19,6;null;11,8;null;79;null;
2016-11-13;null;null;null;null;null;null;null;null;null;
2016-11-14;null;null;39,5;15,8;null;null;null;89;null;
2016-11-15;1,3;null;6,2;18,4;null;12;null;93;null;
2016-11-16;1,5;null;,4;22;null;10,8;null;67;null;
2016-11-17;1,4;null;1,6;23,6;null;13,8;null;57;null;
2016-11-18;,7;null;1,7;15,2;null;13,4;null;94;null;
2016-11-19;,6;null;4;14,4;null;4,8;null;63;null;
2016-11-20;null;null;null;null;null;null;null;null;null;
2016-11-21;null;null;0;22;null;null;null;60;null;
2016-11-22;2,7;null;0;20,8;null;10,8;null;74;null;
2016-11-23;1,1;null;0;19,2;null;13,8;null;85;null;
2016-11-24;,7;null;6,6;23,4;null;11,6;null;66;null;
2016-11-25;2,1;null;0;24,2;null;9,8;null;63;null;
2016-11-26;2,3;null;0;24,9;null;10,6;null;60;null;
2016-11-27;null;null;null;null;null;null;null;null;null;
2016-11-28;null;null;0;24;null;null;null;78;null;
2016-11-29;1,3;null;2,6;23,2;null;14,8;null;91;null;
2016-11-30;,8;null;13,4;19,8;null;9,2;null;94;null;
2016-12-01;,2;null;,7;21,2;null;8,4;null;74;null;
2016-12-02;,6;null;0;23,2;null;12;null;74;null;
2016-12-03;1,4;null;0;23,8;null;12,4;null;71;null;
2016-12-04;null;null;null;null;null;null;null;null;null;
2016-12-05;null;null;20,3;20,6;null;null;null;62;null;
2016-12-06;2,6;null;0;24,5;null;11,4;null;49;null;
2016-12-07;3,6;null;0;25,9;null;8,4;null;60;null;
2016-12-08;3,5;null;0;26,9;null;12,8;null;55;null;
2016-12-09;2;null;8,9;23,4;null;14,2;null;75;null;
2016-12-10;null;null;null;null;null;null;null;null;null;
2016-12-11;null;null;2,4;19,2;null;null;null;84;null;
2016-12-12;,3;null;4,2;20;null;14,4;null;95;null;
2016-12-13;,8;null;11,7;21,8;null;14,6;null;81;null;
2016-12-14;,6;null;0;23;null;15,8;null;76;null;
2016-12-15;1,1;null;2,2;16;null;10,8;null;94;null;
2016-12-16;1;null;,4;19,2;null;8;null;78;null;
2016-12-17;,9;null;0;21,4;null;8,4;null;70;null;
2016-12-18;null;null;null;null;null;null;null;null;null;
2016-12-19;null;null;6,1;22;null;null;null;75;null;
2016-12-20;1,6;null;15,9;23,4;null;9,8;null;63;null;
2016-12-21;1,4;null;0;23,6;null;10,4;null;56;null;
2016-12-22;2,5;null;0;24,7;null;13,4;null;67;null;
2016-12-23;2;null;0;25,1;null;11,6;null;60;null;
2016-12-24;2,2;null;37,5;24,2;null;11,8;null;78;null;
2016-12-25;null;null;null;null;null;null;null;null;null;
2016-12-26;null;null;23,8;25,3;null;null;null;57;null;
2016-12-27;1,9;null;0;24,7;null;13,2;null;75;null;
2016-12-28;1,3;null;12,1;25,5;null;13,2;null;59;null;
2016-12-29;2,5;null;0;25,7;null;12,6;null;56;null;
2016-12-30;3;null;0;24,3;null;13,6;null;66;null;
2016-12-31;2,7;null;0;25,7;null;13,4;null;66;null;
2017-01-01;null;null;null;null;null;null;null;null;null;
2017-01-02;null;null;,6;25,1;null;null;null;63;null;
2017-01-03;1,8;null;12,3;23,8;null;12,2;null;85;null;
2017-01-04;1,1;null;3,3;23;null;13,2;null;75;null;
2017-01-05;1,6;null;0;23,2;null;14,6;null;85;null;
2017-01-06;1,3;null;2,4;25,3;null;11,6;null;71;null;
2017-01-07;1,7;null;0;25,1;null;12,2;null;77;null;
2017-01-08;null;null;null;null;null;null;null;null;null;
2017-01-09;null;null;,8;23;null;null;null;78;null;
2017-01-10;1,1;null;2,6;24;null;13,6;null;78;null;
2017-01-11;1,1;null;7,2;22,4;null;14,4;null;92;null;
2017-01-12;,6;null;19,1;20,6;null;14,4;null;91;null;
2017-01-13;,5;null;13;19,6;null;14;null;87;null;
2017-01-14;,4;null;33,3;22,2;null;11,6;null;81;null;
2017-01-15;null;null;null;null;null;null;null;null;null;
2017-01-16;null;null;16,9;20,4;null;null;null;84;null;
2017-01-17;,4;null;27,8;17,8;null;13,8;null;93;null;
2017-01-18;,7;null;21,3;19,6;null;12,8;null;85;null;
2017-01-19;,5;null;3,4;19,2;null;13,6;null;89;null;
2017-01-20;,6;null;2,6;17,8;null;13,4;null;89;null;
2017-01-21;,3;null;12,5;18,2;null;13;null;93;null;
2017-01-22;null;null;null;null;null;null;null;null;null;
2017-01-23;null;null;19;19,6;null;null;null;95;null;
2017-01-24;,4;null;4,8;21,4;null;13,4;null;93;null;
2017-01-25;,6;null;20,8;21;null;13,8;null;91;null;
2017-01-26;1;null;2;20,8;null;15;null;87;null;
2017-01-27;1,1;null;16,2;22,6;null;12,4;null;78;null;
2017-01-28;1;null;4;23,8;null;13,8;null;77;null;
2017-01-29;null;null;null;null;null;null;null;null;null;
2017-01-30;null;null;13,8;22;null;null;null;75;null;
2017-01-31;1,2;null;1,5;22,8;null;11,2;null;82;null;
2017-02-01;,9;null;2,2;20,4;null;12,2;null;83;null;
2017-02-02;,8;null;3,2;19,6;null;12,6;null;93;null;
2017-02-03;,5;null;3,5;21,2;null;13,8;null;75;null;
2017-02-04;1,1;null;9,3;22,4;null;12,8;null;68;null;
2017-02-05;null;null;null;null;null;null;null;null;null;
2017-02-06;null;null;18,8;22,6;null;null;null;79;null;
2017-02-07;1;null;16,7;23;null;11,2;null;67;null;
2017-02-08;1,4;null;3,5;22,2;null;13,2;null;66;null;
2017-02-09;2,1;null;0;23,2;null;10,2;null;66;null;
2017-02-10;1,8;null;0;22,4;null;10,6;null;76;null;
2017-02-11;1;null;17,8;21,8;null;10,6;null;66;null;
2017-02-12;null;null;null;null;null;null;null;null;null;
2017-02-13;null;null;0;22,4;null;null;null;66;null;
2017-02-14;1,9;null;0;23,2;null;13,2;null;62;null;
2017-02-15;2,5;null;0;23,4;null;11,2;null;78;null;
2017-02-16;1,9;null;0;24,3;null;11,6;null;62;null;
2017-02-17;2,5;null;0;24,3;null;11,2;null;65;null;
2017-02-18;2,5;null;,2;25,9;null;13,8;null;60;null;
2017-02-19;null;null;null;null;null;null;null;null;null;
2017-02-20;null;null;8,3;25,1;null;null;null;47;null;
2017-02-21;3,4;null;0;23,2;null;11,8;null;74;null;
2017-02-22;1,9;null;0;23,4;null;10,4;null;65;null;
2017-02-23;1,9;null;0;22;null;10,2;null;69;null;
2017-02-24;1,7;null;0;23,8;null;10,6;null;76;null;
2017-02-25;1,2;null;5,7;17,8;null;11,8;null;87;null;
2017-02-26;null;null;null;null;null;null;null;null;null;
2017-02-27;null;null;17,5;21,6;null;null;null;72;null;
2017-02-28;1;null;0;22,2;null;13,4;null;67;null;
2017-03-01;1,4;null;2,3;20,8;null;13;null;79;null;
2017-03-02;null;null;null;null;null;null;null;null;null;
2017-03-03;null;null;null;null;null;null;null;null;null;
2017-03-04;null;null;null;null;null;null;null;null;null;
2017-03-05;null;null;null;null;null;null;null;null;null;
2017-03-06;null;null;null;null;null;null;null;null;null;
2017-03-07;null;null;null;null;null;null;null;null;null;
2017-03-08;null;null;null;null;null;null;null;null;null;
2017-03-09;null;null;null;null;null;null;null;null;null;
2017-03-10;null;null;null;null;null;null;null;null;null;
2017-03-11;null;null;null;null;null;null;null;null;null;
2017-03-12;null;null;null;null;null;null;null;null;null;
2017-03-13;null;null;null;null;null;null;null;null;null;
2017-03-14;null;null;null;null;null;null;null;null;null;
2017-03-15;null;null;null;null;null;null;null;null;null;
2017-03-16;null;null;null;null;null;null;null;null;null;
2017-03-17;null;null;null;null;null;null;null;null;null;
2017-03-18;null;null;null;null;null;null;null;null;null;
2017-03-19;null;null;null;null;null;null;null;null;null;
2017-03-20;null;null;null;null;null;null;null;null;null;
2017-03-21;null;null;null;null;null;null;null;null;null;
2017-03-22;null;null;null;19,8;null;null;null;71;null;
2017-03-23;null;null;0;19,6;null;7,8;null;68;null;
2017-03-24;1,3;null;0;20,6;null;8;null;68;null;
2017-03-25;1,2;null;0;20,8;null;9,8;null;78;null;
2017-03-26;null;null;null;null;null;null;null;null;null;
2017-03-27;6,4;null;8,7;18,4;null;null;null;80;null;
2017-03-28;1;null;1,5;19;null;11,4;null;74;null;
2017-03-29;1,2;null;1,8;16,4;null;8;null;63;null;
2017-03-30;1,8;null;,9;18,4;null;7,2;null;80;null;
2017-03-31;1,2;null;0;17,2;null;8;null;71;null;
2017-04-01;1,3;null;0;16,4;null;7,6;null;67;null;
2017-04-02;null;null;null;null;null;null;null;null;null;
2017-04-03;null;null;1;20,2;null;null;null;63;null;
2017-04-04;1,4;null;0;21;null;8,2;null;58;null;
2017-04-05;1,9;null;0;20,8;null;8,6;null;62;null;
2017-04-06;2,1;null;0;17,2;null;11,6;null;83;null;
2017-04-07;,5;null;12,1;20,4;null;13,4;null;86;null;
2017-04-08;,2;null;7,7;21,2;null;14;null;80;null;
2017-04-09;null;null;null;null;null;null;null;null;null;
2017-04-10;null;null;43,7;20,6;null;null;null;86;null;
2017-04-11;1,1;null;0;20,6;null;10,8;null;78;null;
2017-04-12;1,1;null;0;17,4;null;13,2;null;96;null;
2017-04-13;,3;null;5;17,8;null;10,8;null;89;null;
2017-04-14;,6;null;0;20,4;null;9,6;null;78;null;
2017-04-15;,7;null;0;20,6;null;9,4;null;76;null;
2017-04-16;null;null;null;null;null;null;null;null;null;
2017-04-17;null;null;0;18;null;null;null;91;null;
2017-04-18;,4;null;7,1;16,2;null;8,2;null;94;null;
2017-04-19;,5;null;0;17,2;null;7;null;86;null;
2017-04-20;,9;null;0;18,8;null;7;null;77;null;
2017-04-21;,6;null;0;17,2;null;9,8;null;87;null;
2017-04-22;,6;null;9,5;17,4;null;10,6;null;80;null;
2017-04-23;null;null;null;null;null;null;null;null;null;
2017-04-24;null;null;5,4;18,4;null;null;null;73;null;
2017-04-25;1;null;0;17,4;null;7;null;87;null;
2017-04-26;,6;null;0;19,2;null;10,4;null;89;null;
2017-04-27;,7;null;11,9;16,2;null;12,4;null;94;null;
2017-04-28;,3;null;4;15,8;null;9;null;95;null;
2017-04-29;,2;null;0;16,8;null;10,8;null;90;null;
2017-04-30;null;null;null;null;null;null;null;null;null;
2017-05-01;null;null;0;16,6;null;null;null;75;null;
2017-05-02;,8;null;0;15,6;null;6,8;null;86;null;
2017-05-03;,5;null;0;18;null;4,8;null;78;null;
2017-05-04;,6;null;0;17,8;null;6,2;null;72;null;
2017-05-05;1;null;22,2;13,8;null;9,4;null;98;null;
2017-05-06;,2;null;23,5;16,4;null;8,2;null;88;null;
2017-05-07;null;null;0;null;null;null;null;null;null;
2017-05-08;null;null;0;17,2;null;null;null;58;null;
2017-05-09;1;null;0;18;null;4,4;null;54;null;
2017-05-10;1,9;null;0;17;null;8,4;null;80;null;
2017-05-11;,6;null;0;16,2;null;8,2;null;82;null;
2017-05-12;,7;null;0;17,2;null;5,4;null;76;null;
2017-05-13;,9;null;0;18;null;6,6;null;70;null;
2017-05-14;null;null;null;null;null;null;null;null;null;
2017-05-15;null;null;,3;16;null;null;null;76;null;
2017-05-16;,7;null;0;15,6;null;6,2;null;72;null;
2017-05-17;,8;null;0;16,8;null;8,8;null;84;null;
2017-05-18;,5;null;0;16;null;7,6;null;90;null;
2017-05-19;,4;null;25;13,4;null;9,6;null;97;null;
2017-05-20;,2;null;22,9;16,8;null;8,8;null;92;null;
2017-05-21;null;null;null;null;null;null;null;null;null;
2017-05-22;null;null;35,7;16;null;null;null;96;null;
2017-05-23;,2;null;8,2;16,6;null;6,2;null;93;null;
2017-05-24;,3;null;,3;17;null;5,8;null;87;null;
2017-05-25;,4;null;0;17,4;null;7;null;87;null;
2017-05-26;,4;null;0;18,6;null;7,4;null;83;null;
2017-05-27;,7;null;0;18,6;null;8,6;null;81;null;
2017-05-28;null;null;null;null;null;null;null;null;null;
2017-05-29;null;null;0;16,8;null;null;null;76;null;
2017-05-30;,6;null;0;17;null;6,6;null;80;null;
2017-05-31;,6;null;0;16,2;null;7;null;66;null;
2017-06-01;1,1;null;0;17,4;null;7,2;null;75;null;
2017-06-02;1,8;null;0;15,2;null;6;null;68;null;
2017-06-03;,9;null;0;17,8;null;1,8;null;64;null;
2017-06-04;1,6;null;0;19,4;null;6,8;null;77;null;
2017-06-05;null;null;null;null;null;null;null;null;null;
2017-06-06;null;null;,7;17,8;null;null;null;87;null;
2017-06-07;,3;null;1;19,4;null;10,4;null;76;null;
2017-06-08;1,2;null;0;19;null;10,4;null;69;null;
2017-06-09;2;null;1,5;17,4;null;11,2;null;95;null;
2017-06-10;1;null;9,2;13,6;null;1,2;null;79;null;
2017-06-11;null;null;null;null;null;null;null;null;null;
2017-06-12;null;null;0;17,4;null;null;null;76;null;
2017-06-13;,7;null;1,8;16,8;null;8,2;null;81;null;
2017-06-14;,5;null;16,8;14;null;7,6;null;92;null;
2017-06-15;,7;null;0;14,8;null;6;null;80;null;
2017-06-16;,6;null;0;14,6;null;2,4;null;77;null;
2017-06-17;1,3;null;0;15,8;null;5,2;null;71;null;
2017-06-18;null;null;null;null;null;null;null;null;null;
2017-06-19;null;null;0;16,2;null;null;null;66;null;
2017-06-20;1;null;0;14;null;3,4;null;87;null;
2017-06-21;,4;null;1;13,8;null;7;null;87;null;
2017-06-22;,6;null;0;14,8;null;5,8;null;67;null;
2017-06-23;1,5;null;0;16;null;2,8;null;80;null;
2017-06-24;,9;null;0;16,4;null;3;null;82;null;
2017-06-25;null;null;null;null;null;null;null;null;null;
2017-06-26;null;null;0;16,4;null;null;null;74;null;
2017-06-27;,9;null;0;15,2;null;2,2;null;65;null;
2017-06-28;,7;null;0;16,6;null;4;null;71;null;
2017-06-29;,8;null;0;16,6;null;3,6;null;61;null;
2017-06-30;1;null;0;15,6;null;3,2;null;62;null;
2017-07-01;1,7;null;0;14,8;null;5;null;80;null;
2017-07-02;null;null;null;null;null;null;null;null;null;
2017-07-03;null;null;4;8;null;null;null;84;null;
2017-07-04;,8;null;0;11,7;null;-,6;null;71;null;
2017-07-05;,5;null;0;11,7;null;null;null;73;null;
2017-07-06;1,5;null;0;15,8;null;1,2;null;64;null;
2017-07-07;1;null;0;17,8;null;1;null;93;null;
2017-07-08;1,7;null;0;18,6;null;,8;null;71;null;
2017-07-09;null;null;null;null;null;null;null;null;null;
2017-07-10;null;null;0;19,2;null;null;null;63;null;
2017-07-11;2,1;null;0;20,8;null;null;null;62;null;
2017-07-12;2,2;null;0;19,2;null;null;null;75;null;
2017-07-13;1,8;null;0;21,2;null;null;null;64;null;
2017-07-14;null;null;null;null;null;null;null;null;null;
2017-07-15;null;null;null;null;null;null;null;null;null;
2017-07-16;null;null;null;null;null;null;null;null;null;
2017-07-17;null;null;null;null;null;null;null;null;null;
2017-07-18;null;null;null;null;null;null;null;null;null;
2017-07-19;null;null;0;13;null;null;null;85;null;
2017-07-20;1;null;0;15,6;null;null;null;68;null;
2017-07-21;1,1;null;0;20,4;null;null;null;58;null;
2017-07-22;2,7;null;0;21,6;null;null;null;60;null;
2017-07-23;null;null;null;null;null;null;null;null;null;
2017-07-24;null;null;0;20,6;null;null;null;53;null;
2017-07-25;null;null;null;null;null;null;null;null;null;
2017-07-26;null;null;0;21,2;null;null;null;64;null;
2017-07-27;1,9;null;0;21,2;null;4,9;null;67;null;
2017-07-28;2,4;null;0;21,6;null;2,3;null;48;null;
2017-07-29;3,9;null;0;20,8;null;5,3;null;68;null;
2017-07-30;2,3;null;0;18,2;null;4,7;null;72;null;
2017-07-31;2;null;0;17,6;null;3,3;null;70;null;
2017-08-01;1,9;null;0;17;null;4,9;null;60;null;
2017-08-02;2,8;null;0;18,6;null;6,4;null;55;null;
2017-08-03;4,2;null;0;18,8;null;10;null;64;null;
2017-08-04;3,3;null;1;11,3;null;7,8;null;97;null;
2017-08-05;null;null;3,4;12,4;null;7,6;null;85;null;
2017-08-06;null;null;null;null;null;null;null;null;null;
2017-08-07;null;null;0;21;null;null;null;49;null;
2017-08-08;4,1;null;0;23,2;null;7,4;null;53;null;
2017-08-09;3,7;null;0;23,8;null;8;null;55;null;
2017-08-10;4,5;null;0;23,8;null;9,6;null;57;null;
2017-08-11;null;null;0;23,6;null;4,3;null;55;null;
2017-08-12;3,5;null;0;24,3;null;7,8;null;57;null;
2017-08-13;null;null;null;null;null;null;null;null;null;
2017-08-14;null;null;0;22,6;null;null;null;74;null;
2017-08-15;2,1;null;0;21,6;null;9,6;null;79;null;
2017-08-16;1,6;null;5;19,8;null;12,2;null;95;null;
2017-08-17;,5;null;2,1;15,4;null;9,8;null;95;null;
2017-08-18;,5;null;16;16,6;null;10,2;null;94;null;
2017-08-19;,7;null;4,3;14,6;null;10,4;null;94;null;
2017-08-20;null;null;null;null;null;null;null;null;null;
2017-08-21;null;null;19,5;10,7;null;null;null;95;null;
2017-08-22;null;null;null;null;null;null;null;null;null;
2017-08-23;null;null;0;22,2;null;null;null;68;null;
2017-08-24;2,7;null;0;19,2;null;5,9;null;61;null;
2017-08-25;2,3;null;0;24;null;5,3;null;44;null;
2017-08-26;3,5;null;0;23;null;4,3;null;54;null;
2017-08-27;3,7;null;0;24,3;null;4,1;null;49;null;
2017-08-28;4,1;null;0;24,5;null;5,1;null;46;null;
2017-08-29;5;null;0;25,7;null;5,9;null;51;null;
2017-08-30;4;null;0;27,1;null;7,2;null;48;null;
2017-08-31;null;null;0;null;null;8,8;null;66;null;
2017-09-01;2,3;null;0;23,8;null;10,2;null;66;null;
2017-09-02;2,7;null;0;23,8;null;5,7;null;58;null;
2017-09-03;null;null;0;null;null;null;null;null;null;
2017-09-04;null;null;0;24,3;null;5,7;null;40;null;
2017-09-05;5,2;null;0;24,5;null;4,9;null;49;null;
2017-09-06;4,5;null;0;24,2;null;6,2;null;53;null;
2017-09-07;4,4;null;0;23,6;null;6,2;null;52;null;
2017-09-08;4,4;null;0;25,7;null;7;null;43;null;
2017-09-09;5;null;0;24,9;null;7;null;50;null;
2017-09-10;null;null;0;null;null;null;null;null;null;
2017-09-11;null;null;null;null;null;7;null;null;null;
2017-09-12;null;null;0;25,5;null;null;null;55;null;
2017-09-13;4,2;null;0;27,5;null;8,2;null;40;null;
2017-09-14;6,5;null;0;27,7;null;10;null;43;null;
2017-09-15;6,6;null;0;27,9;null;8,2;null;39;null;
2017-09-16;7,5;null;0;28,5;null;10,6;null;37;null;
2017-09-17;6,9;null;0;26,1;null;8;null;50;null;
2017-09-18;5,2;null;0;25,1;null;9,8;null;44;null;
2017-09-19;5,8;null;0;25,3;null;8,8;null;44;null;
2017-09-20;5,2;null;0;24,5;null;8,2;null;59;null;
2017-09-21;4;null;0;23,8;null;7,8;null;62;null;
2017-09-22;4,1;null;0;23;null;7,4;null;47;null;
2017-09-23;5,4;null;0;25,9;null;8;null;46;null;
2017-09-24;null;null;0;null;null;null;null;null;null;
2017-09-25;null;null;0;23,2;null;8;null;49;null;
2017-09-26;4,9;null;0;23,8;null;7;null;64;null;
2017-09-27;4,1;null;0;24,7;null;9,8;null;52;null;
2017-09-28;2,8;null;11,2;24,9;null;8,8;null;67;null;
2017-09-29;2,2;null;6,1;24,3;null;10,8;null;78;null;
2017-09-30;1,8;null;64;14,8;null;12,4;null;92;null;
2017-10-01;null;null;null;null;null;null;null;null;null;
2017-10-02;null;null;11,2;17;null;null;null;83;null;
2017-10-03;2,2;null;25,6;17;null;11,4;null;77;null;
2017-10-04;1,8;null;,4;20,6;null;10,4;null;71;null;
2017-10-05;null;null;null;null;null;null;null;null;null;
2017-10-06;null;null;0;26,5;null;null;null;56;null;
2017-10-07;1,1;null;,3;21,6;null;13;null;82;null;
2017-10-08;1,7;null;0;25,3;null;13,2;null;63;null;
2017-10-09;4,6;null;0;26,5;null;13,6;null;55;null;
2017-10-10;3,2;null;0;27,3;null;13,6;null;65;null;
2017-10-11;null;null;null;null;null;null;null;null;null;
2017-10-12;null;null;4,5;28,7;null;null;null;57;null;
2017-10-13;4,8;null;0;29,5;null;11,8;null;44;null;
2017-10-14;5,2;null;0;27,3;null;12;null;57;null;
2017-10-15;null;null;null;null;null;null;null;null;null;
2017-10-16;null;null;14,2;22,8;null;null;null;78;null;
2017-10-17;1,9;null;0;24,3;null;10,4;null;64;null;
2017-10-18;2,8;null;0;23,8;null;10,4;null;61;null;
2017-10-19;null;null;null;null;null;null;null;null;null;
2017-10-20;null;null;null;null;null;null;null;null;null;
2017-10-21;null;null;null;null;null;null;null;null;null;
2017-10-22;null;null;null;null;null;null;null;null;null;
2017-10-23;null;null;null;null;null;null;null;null;null;
2017-10-24;null;null;null;null;null;null;null;null;null;
2017-10-25;null;null;null;null;null;null;null;null;null;
2017-10-26;null;null;null;null;null;null;null;null;null;
2017-10-27;null;null;null;null;null;null;null;null;null;
2017-10-28;null;null;null;null;null;null;null;null;null;
2017-10-29;null;null;null;null;null;null;null;null;null;
2017-10-30;null;null;null;null;null;null;null;null;null;
2017-10-31;null;null;null;null;null;null;null;null;null;
2017-11-01;null;null;null;null;null;null;null;null;null;
2017-11-02;null;null;null;null;null;null;null;null;null;
2017-11-03;null;null;null;null;null;null;null;null;null;
2017-11-04;null;null;null;null;null;null;null;null;null;
2017-11-05;null;null;null;null;null;null;null;null;null;
2017-11-06;null;null;null;null;null;null;null;null;null;
2017-11-07;null;null;null;null;null;null;null;null;null;
2017-11-08;null;null;null;null;null;null;null;null;null;
2017-11-09;null;null;null;null;null;null;null;null;null;
2017-11-10;null;null;null;null;null;null;null;null;null;
2017-11-11;null;null;null;null;null;null;null;null;null;
2017-11-12;null;null;null;null;null;null;null;null;null;
2017-11-13;null;null;null;null;null;null;null;null;null;
2017-11-14;null;null;null;null;null;null;null;null;null;
2017-11-15;null;null;null;null;null;null;null;null;null;
2017-11-16;null;null;null;null;null;null;null;null;null;
2017-11-17;null;null;null;null;null;null;null;null;null;
2017-11-18;null;null;null;null;null;null;null;null;null;
2017-11-19;null;null;null;null;null;null;null;null;null;
2017-11-20;null;null;null;null;null;null;null;null;null;
2017-11-21;null;null;null;null;null;null;null;null;null;
2017-11-22;null;null;null;null;null;null;null;null;null;
2017-11-23;null;null;null;null;null;null;null;null;null;
2017-11-24;null;null;null;null;null;null;null;null;null;
2017-11-25;null;null;null;null;null;null;null;null;null;
2017-11-26;null;null;null;null;null;null;null;null;null;
2017-11-27;null;null;null;null;null;null;null;null;null;
2017-11-28;null;null;null;null;null;null;null;null;null;
2017-11-29;null;null;null;null;null;null;null;null;null;
2017-11-30;null;null;null;null;null;null;null;null;null;
2017-12-01;null;null;null;null;null;null;null;null;null;
2017-12-02;null;null;null;null;null;null;null;null;null;
2017-12-03;null;null;null;null;null;null;null;null;null;
2017-12-04;null;null;null;null;null;null;null;null;null;
2017-12-05;null;null;null;null;null;null;null;null;null;
2017-12-06;null;null;null;null;null;null;null;null;null;
2017-12-07;null;null;null;null;null;null;null;null;null;
2017-12-08;null;null;null;null;null;null;null;null;null;
2017-12-09;null;null;null;null;null;null;null;null;null;
2017-12-10;null;null;null;null;null;null;null;null;null;
2017-12-11;null;null;null;null;null;null;null;null;null;
2017-12-12;null;null;null;null;null;null;null;null;null;
2017-12-13;null;null;null;null;null;null;null;null;null;
2017-12-14;null;null;null;null;null;null;null;null;null;
2017-12-15;null;null;null;null;null;null;null;null;null;
2017-12-16;null;null;null;null;null;null;null;null;null;
2017-12-17;null;null;null;null;null;null;null;null;null;
2017-12-18;null;null;null;null;null;null;null;null;null;
2017-12-19;null;null;null;null;null;null;null;null;null;
2017-12-20;null;null;null;null;null;null;null;null;null;
2017-12-21;null;null;null;null;null;null;null;null;null;
2017-12-22;null;null;null;null;null;null;null;null;null;
2017-12-23;null;null;null;null;null;null;null;null;null;
2017-12-24;null;null;null;null;null;null;null;null;null;
2017-12-25;null;null;null;null;null;null;null;null;null;
2017-12-26;null;null;null;null;null;null;null;null;null;
2017-12-27;null;null;null;null;null;null;null;null;null;
2017-12-28;null;null;null;null;null;null;null;null;null;
2017-12-29;null;null;null;null;null;null;null;null;null;
2017-12-30;null;null;null;null;null;null;null;null;null;
2017-12-31;null;null;null;null;null;null;null;null;null;
2018-01-01;null;null;null;null;null;null;null;null;null;
2018-01-02;null;null;null;null;null;null;null;null;null;
2018-01-03;null;null;null;null;null;null;null;null;null;
2018-01-04;null;null;null;null;null;null;null;null;null;
2018-01-05;null;null;null;null;null;null;null;null;null;
2018-01-06;null;null;null;null;null;null;null;null;null;
2018-01-07;null;null;null;null;null;null;null;null;null;
2018-01-08;null;null;null;null;null;null;null;null;null;
2018-01-09;null;null;null;null;null;null;null;null;null;
2018-01-10;null;null;null;null;null;null;null;null;null;
2018-01-11;null;null;null;null;null;null;null;null;null;
2018-01-12;null;null;null;null;null;null;null;null;null;
2018-01-13;null;null;null;null;null;null;null;null;null;
2018-01-14;null;null;null;null;null;null;null;null;null;
2018-01-15;null;null;null;null;null;null;null;null;null;
2018-01-16;null;null;null;null;null;null;null;null;null;
2018-01-17;null;null;null;null;null;null;null;null;null;
2018-01-18;null;null;null;null;null;null;null;null;null;
2018-01-19;null;null;null;null;null;null;null;null;null;
2018-01-20;null;null;null;null;null;null;null;null;null;
2018-01-21;null;null;null;null;null;null;null;null;null;
2018-01-22;null;null;null;null;null;null;null;null;null;
2018-01-23;null;null;null;null;null;null;null;null;null;
2018-01-24;null;null;null;null;null;null;null;null;null;
2018-01-25;null;null;null;null;null;null;null;null;null;
2018-01-26;null;null;null;null;null;null;null;null;null;
2018-01-27;null;null;null;null;null;null;null;null;null;
2018-01-28;null;null;null;null;null;null;null;null;null;
2018-01-29;null;null;null;null;null;null;null;null;null;
2018-01-30;null;null;null;null;null;null;null;null;null;
2018-01-31;null;null;null;null;null;null;null;null;null;
2018-02-01;null;null;null;null;null;null;null;null;null;
2018-02-02;null;null;null;null;null;null;null;null;null;
2018-02-03;null;null;null;null;null;null;null;null;null;
2018-02-04;null;null;null;null;null;null;null;null;null;
2018-02-05;null;null;null;null;null;null;null;null;null;
2018-02-06;null;null;null;null;null;null;null;null;null;
2018-02-07;null;null;null;null;null;null;null;null;null;
2018-02-08;null;null;null;null;null;null;null;null;null;
2018-02-09;null;null;null;null;null;null;null;null;null;
2018-02-10;null;null;null;null;null;null;null;null;null;
2018-02-11;null;null;null;null;null;null;null;null;null;
2018-02-12;null;null;null;null;null;null;null;null;null;
2018-02-13;null;null;null;null;null;null;null;null;null;
2018-02-14;null;null;null;null;null;null;null;null;null;
2018-02-15;null;null;null;null;null;null;null;null;null;
2018-02-16;null;null;null;null;null;null;null;null;null;
2018-02-17;null;null;null;null;null;null;null;null;null;
2018-02-18;null;null;null;null;null;null;null;null;null;
2018-02-19;null;null;null;null;null;null;null;null;null;
2018-02-20;null;null;null;null;null;null;null;null;null;
2018-02-21;null;null;null;null;null;null;null;null;null;
2018-02-22;null;null;null;null;null;null;null;null;null;
2018-02-23;null;null;null;null;null;null;null;null;null;
2018-02-24;null;null;null;null;null;null;null;null;null;
2018-02-25;null;null;null;null;null;null;null;null;null;
2018-02-26;null;null;null;null;null;null;null;null;null;
2018-02-27;null;null;null;null;null;null;null;null;null;
2018-02-28;null;null;null;null;null;null;null;null;null;
2018-03-01;null;null;null;null;null;null;null;null;null;
2018-03-02;null;null;null;null;null;null;null;null;null;
2018-03-03;null;null;null;null;null;null;null;null;null;
2018-03-04;null;null;null;null;null;null;null;null;null;
2018-03-05;null;null;null;null;null;null;null;null;null;
2018-03-06;null;null;null;null;null;null;null;null;null;
2018-03-07;null;null;null;null;null;null;null;null;null;
2018-03-08;null;null;null;null;null;null;null;null;null;
2018-03-09;null;null;null;null;null;null;null;null;null;
2018-03-10;null;null;null;null;null;null;null;null;null;
2018-03-11;null;null;null;null;null;null;null;null;null;
2018-03-12;null;null;null;null;null;null;null;null;null;
2018-03-13;null;null;null;null;null;null;null;null;null;
2018-03-14;null;null;null;null;null;null;null;null;null;
2018-03-15;null;null;null;null;null;null;null;null;null;
2018-03-16;null;null;null;25,3;null;null;null;87;null;
2018-03-17;1;null;,8;25,7;null;12,6;null;68;null;
2018-03-18;null;null;null;null;null;null;null;null;null;
2018-03-19;6,5;null;0;27,7;null;null;null;71;null;
2018-03-20;2,1;null;15,7;25,9;null;15,4;null;69;null;
2018-03-21;1,4;null;11,3;22,8;null;14,4;null;83;null;
2018-03-22;1,2;null;3,7;24,5;null;15,2;null;77;null;
2018-03-23;2,4;null;0;26,5;null;12,8;null;67;null;
2018-03-24;2,4;null;0;24,5;null;14,4;null;60;null;
2018-03-25;null;null;null;null;null;null;null;null;null;
2018-03-26;null;null;0;23,8;null;null;null;85;null;
2018-03-27;,5;null;4,3;25,1;null;14,8;null;80;null;
2018-03-28;2,1;null;4,5;22,4;null;12,6;null;83;null;
2018-03-29;1,1;null;,8;23;null;11,2;null;59;null;
2018-03-30;2,2;null;0;24,3;null;9,8;null;74;null;
2018-03-31;1,3;null;11,2;21,4;null;11,6;null;78;null;
2018-04-01;null;null;null;null;null;null;null;null;null;
2018-04-02;null;null;2,7;21,6;null;null;null;93;null;
2018-04-03;1,4;null;6,9;21,8;null;13,2;null;79;null;
2018-04-04;null;null;null;null;null;null;null;null;null;
2018-04-05;null;null;6,3;25,5;null;null;null;55;0;
2018-04-06;2,4;null;0;24,2;null;10,2;null;68;null;
2018-04-07;1,9;null;0;24,3;null;11,2;null;80;null;
2018-04-08;,7;null;0;23,4;null;12;null;70;null;
2018-04-09;2,9;null;0;23,6;null;11,4;null;77;null;
2018-04-10;1,7;null;0;24,2;null;10,6;null;70;null;
2018-04-11;2,3;null;0;23;null;9,6;null;70;null;
2018-04-12;2;null;0;23,8;null;9;null;76;null;
2018-04-13;2,1;null;0;24,2;null;10,6;null;81;null;
2018-04-14;2,2;null;0;22,4;null;12,4;null;71;null;
2018-04-15;null;null;null;null;null;null;null;null;null;
2018-04-16;null;null;27,2;16,6;null;null;null;88;null;
2018-04-17;,6;null;3,8;18,8;null;12;null;71;null;
2018-04-18;1,9;null;0;21,2;null;4,7;null;74;null;
2018-04-19;1,8;null;0;22,2;null;6;null;60;null;
2018-04-20;2,4;null;0;20,4;null;7,4;null;74;null;
2018-04-21;2,1;null;0;21,4;null;5,9;null;77;null;
2018-04-22;1,5;null;0;18,8;null;9,4;null;86;null;
2018-04-23;null;null;null;null;null;null;null;null;null;
2018-04-24;null;null;0;21,6;null;null;null;80;null;
2018-04-25;null;null;,9;22,6;null;9;null;70;null;
2018-04-26;1,7;null;0;22,8;null;9,6;null;74;null;
2018-04-27;1,5;null;0;23,4;null;9,2;null;77;null;
2018-04-28;2,4;null;18;22,8;null;9,4;null;68;null;
2018-04-29;null;null;null;null;null;null;null;null;null;
2018-04-30;null;null;0;22,4;null;null;null;73;null;
2018-05-01;2,2;null;0;24,2;null;8,2;null;62;null;
2018-05-02;2,1;null;0;22,4;null;8,8;null;70;null;
2018-05-03;4;null;0;22,4;null;8,8;null;79;null;
2018-05-04;1,5;null;0;23,8;null;8,4;null;70;null;
2018-05-05;2;null;0;24,3;null;8,8;null;68;null;
2018-05-06;null;null;null;null;null;null;null;null;null;
2018-05-07;null;null;0;20,6;null;null;null;76;null;
2018-05-08;1,6;null;18,7;16,2;null;11,2;null;88;null;
2018-05-09;,8;null;1,2;21,6;null;10,4;null;72;null;
2018-05-10;1,3;null;0;21,2;null;6,6;null;65;null;
2018-05-11;2,1;null;0;21,6;null;7,2;null;72;null;
2018-05-12;2,2;null;0;21;null;11,8;null;71;null;
2018-05-13;null;null;null;null;null;null;null;null;null;
2018-05-14;null;null;0;22;null;null;null;72;null;
2018-05-15;,6;null;0;18,8;null;10;null;83;null;
2018-05-16;2,1;null;0;20,4;null;11,8;null;78;null;
2018-05-17;null;null;,7;20,8;null;11,6;null;89;null;
2018-05-18;1,2;null;0;21,6;null;9,8;null;72;null;
2018-05-19;2,4;null;0;20;null;13,8;null;88;null;
2018-05-20;null;null;null;null;null;null;null;null;null;
2018-05-21;null;null;,7;19;null;-,4;null;55;null;
2018-05-22;2;null;0;21,4;null;2,3;null;48;null;
2018-05-23;3,6;null;0;21,2;null;3,5;null;63;null;
2018-05-24;2,7;null;0;21,4;null;5,1;null;60;null;
2018-05-25;2,1;null;0;18,6;null;5,7;null;70;null;
2018-05-26;1,4;null;0;18,8;null;6,6;null;48;null;
2018-05-27;null;null;null;null;null;null;null;null;null;
2018-05-28;null;null;0;19,4;null;null;null;78;null;
2018-05-29;2,9;null;0;18,8;null;3,7;null;58;null;
2018-05-30;2,6;null;0;19,6;null;2,7;null;58;null;
2018-05-31;3;null;0;19,2;null;8,2;null;64;null;
2018-06-01;3;null;0;19,6;null;9,6;null;56;null;
2018-06-02;3;null;0;22,6;null;5,9;null;61;null;
2018-06-03;null;null;null;null;null;null;null;null;null;
2018-06-04;2,7;null;,6;17,8;null;null;null;87;null;
2018-06-05;1,4;null;0;16,8;null;9,8;null;86;null;
2018-06-06;,7;null;5,4;16,4;null;10,4;null;90;null;
2018-06-07;,9;null;1,4;18,6;null;12,8;null;73;null;
2018-06-08;2;null;9,3;16,4;null;10;null;84;null;
2018-06-09;,9;null;0;20;null;6,6;null;77;null;
2018-06-10;null;null;null;null;null;null;null;null;null;
2018-06-11;null;null;0;20,8;null;null;null;78;null;
2018-06-12;1,2;null;,3;22,2;null;8,6;null;77;null;
2018-06-13;1,5;null;0;22,4;null;11,8;null;75;null;
2018-06-14;1,8;null;2,2;18,6;null;12,6;null;96;null;
2018-06-15;,6;null;0;16,4;null;10,2;null;92;null;
2018-06-16;,3;null;,3;13,4;null;9;null;89;null;
2018-06-17;null;null;null;null;null;null;null;null;null;
2018-06-18;null;null;0;18,8;null;null;null;75;null;
2018-06-19;1,7;null;0;19;null;8,2;null;78;null;
2018-06-20;1,1;null;0;20,4;null;6,2;null;62;null;
2018-06-21;1,6;null;0;19,4;null;5,5;null;62;null;
2018-06-22;2,3;null;0;19,4;null;6,8;null;81;null;
2018-06-23;1,7;null;0;19,4;null;8,6;null;64;null;
2018-06-24;null;null;0;20,4;null;null;null;null;null;
2018-06-25;null;null;0;20,4;null;null;null;62;null;
2018-06-26;2,2;null;0;21,6;null;5,7;null;56;null;
2018-06-27;4,2;null;0;21,2;null;6,2;null;60;null;
2018-06-28;2,7;null;0;20,4;null;6,4;null;44;null;
2018-06-29;4,8;null;0;19,8;null;5,7;null;64;null;
2018-06-30;2,5;null;0;20,8;null;5,7;null;51;null;
2018-07-01;null;null;null;null;null;null;null;null;null;
2018-07-02;null;null;0;20,2;null;null;null;61;null;
2018-07-03;3;null;0;20,6;null;6,8;null;73;null;
2018-07-04;2;null;0;20,6;null;7,2;null;62;null;
2018-07-05;2,9;null;0;20,2;null;7;null;69;null;
2018-07-06;2,1;null;0;20,6;null;6;null;58;null;
2018-07-07;3;null;0;21,4;null;5,1;null;58;null;
2018-07-08;null;null;null;null;null;null;null;null;null;
2018-07-09;null;null;0;19,6;null;null;null;57;null;
2018-07-10;3,8;null;0;11,3;null;9;null;85;null;
2018-07-11;,2;null;0;13,8;null;1,3;null;73;null;
2018-07-12;1,1;null;0;17,4;null;,5;null;44;null;
2018-07-13;3,9;null;0;19,8;null;2,9;null;53;null;
2018-07-14;3,9;null;0;20,8;null;4,7;null;56;null;
2018-07-15;null;null;null;null;null;null;null;null;null;
2018-07-16;null;null;0;22,2;null;null;null;52;null;
2018-07-17;null;null;0;23;null;6;null;52;null;
2018-07-18;null;null;0;22;null;7;null;60;null;
2018-07-19;3;null;0;22,6;null;6,8;null;63;null;
2018-07-20;3,3;null;0;23;null;6,6;null;51;null;
2018-07-21;4,6;null;0;22,2;null;7,2;null;62;null;
2018-07-22;2,6;null;0;18;null;9,2;null;68;null;
2018-07-23;null;null;null;null;null;null;null;null;null;
2018-07-24;null;null;0;20;null;null;null;76;null;
2018-07-25;1,5;null;2,4;16,8;null;8,6;null;84;null;
2018-07-26;1,4;null;0;19;null;5,3;null;71;null;
2018-07-27;2,1;null;0;20;null;5,7;null;69;null;
2018-07-28;2,5;null;0;21,8;null;6,2;null;58;null;
2018-07-29;3,7;null;0;22,2;null;6,8;null;56;null;
2018-07-30;null;null;null;null;null;null;null;null;null;
2018-07-31;null;null;11,6;12,6;null;null;null;94;null;
2018-08-01;,2;null;7,2;12,1;null;4,9;null;93;null;
2018-08-02;,3;null;18,4;18,4;null;8,6;null;82;null;
2018-08-03;,3;null;3,2;11,9;null;9,4;null;93;null;
2018-08-04;,7;null;40,4;17,6;null;8,8;null;80;null;
2018-08-05;null;null;null;null;null;null;null;null;null;
2018-08-06;null;null;17,2;13;null;null;null;98;null;
2018-08-07;,4;null;20,3;19,6;null;7,4;null;78;null;
2018-08-08;1,4;null;0;21,8;null;7,2;null;58;null;
2018-08-09;2,2;null;4;20,8;null;9,2;null;73;null;
2018-08-10;3,9;null;0;19,8;null;9,2;null;46;null;
2018-08-11;5,7;null;0;19,4;null;2,1;null;42;null;
2018-08-12;null;null;null;null;null;null;null;null;null;
2018-08-13;null;null;0;21,4;null;null;null;54;null;
2018-08-14;3;null;0;23,4;null;3,7;null;48;null;
2018-08-15;2,5;null;0;22,2;null;3,9;null;63;null;
2018-08-16;4,2;null;0;16,6;null;7,6;null;91;null;
2018-08-17;,8;null;0;14,8;null;9;null;80;null;
2018-08-18;1;null;0;19,6;null;4,9;null;82;null;
2018-08-19;null;null;null;null;null;null;null;null;null;
2018-08-20;null;null;0;20,6;null;null;null;70;null;
2018-08-21;2,6;null;0;22,4;null;6;null;54;null;
2018-08-22;3,8;null;0;23,2;null;6,2;null;53;null;
2018-08-23;4,2;null;0;23,4;null;8,8;null;54;null;
2018-08-24;4;null;0;24,7;null;8,6;null;63;null;
2018-08-25;4,7;null;12,3;16,4;null;11,2;null;86;null;
2018-08-26;null;null;null;null;null;null;null;null;null;
2018-08-27;null;null;0;19,6;null;null;null;74;null;
2018-08-28;1,2;null;0;null;null;6,4;null;56;null;
2018-08-29;2,8;null;0;21,8;null;6,6;null;62;null;
2018-08-30;2,9;null;0;21,6;null;8,6;null;60;null;
2018-08-31;null;null;0;24,2;null;6,2;null;51;null;
2018-09-01;4;null;0;24,3;null;7,4;null;66;null;
2018-09-02;5,1;null;0;25,3;null;9,4;null;57;null;
2018-09-03;5,9;null;0;24;null;13,2;null;74;null;
2018-09-04;2;null;17,9;12,4;null;5,5;null;79;null;
2018-09-05;2,5;null;7,6;13,8;null;4,5;null;72;null;
2018-09-06;1,5;null;0;20,2;null;2,7;null;63;null;
2018-09-07;null;null;null;null;null;null;null;null;null;
2018-09-08;null;null;null;null;null;null;null;null;null;
2018-09-09;null;null;null;null;null;null;null;null;null;
2018-09-10;null;null;0;22,4;null;null;null;64;null;
2018-09-11;2,7;null;0;21,2;null;7;null;61;null;
2018-09-12;2,8;null;0;21,8;null;8,2;null;69;null;
2018-09-13;2,6;null;0;23,8;null;8;null;61;null;
2018-09-14;3,9;null;0;17,8;null;10,6;null;82;null;
2018-09-15;,6;null;18,7;18;null;10,6;null;78;null;
2018-09-16;null;null;null;null;null;null;null;null;null;
2018-09-17;,7;null;8,7;15;null;null;null;95;null;
2018-09-18;2,2;null;6,7;19;null;12,2;null;82;null;
2018-09-19;2,1;null;1,1;23,2;null;12,8;null;70;null;
2018-09-20;1,4;null;0;18,8;null;12,4;null;91;null;
2018-09-21;,8;null;31,5;21,8;null;12,4;null;71;null;
2018-09-22;1,4;null;0;24,7;null;7,8;null;60;null;
2018-09-23;null;null;null;null;null;null;null;null;null;
2018-09-24;null;null;0;28,1;null;null;null;57;null;
2018-09-25;5;null;0;26,7;null;10,4;null;65;null;
2018-09-26;4,4;null;0;26,5;null;13;null;61;null;
2018-09-27;4,7;null;0;26,1;null;14;null;62;null;
2018-09-28;3,3;null;,7;17,4;null;13,2;null;95;null;
2018-09-29;null;null;2;24,3;null;13,8;null;70;null;
2018-09-30;null;null;null;null;null;null;null;null;null;
2018-10-01;null;null;41,3;18,4;null;null;null;85;null;
2018-10-02;null;null;null;null;null;null;null;null;null;
2018-10-03;null;null;null;null;null;null;null;null;null;
2018-10-04;null;null;null;null;null;null;null;null;null;
2018-10-05;null;null;null;null;null;null;null;null;null;
2018-10-06;null;null;null;null;null;null;null;null;null;
2018-10-07;null;null;null;null;null;null;null;null;null;
2018-10-08;null;null;null;null;null;null;null;null;null;
2018-10-09;null;null;null;null;null;null;null;null;null;
2018-10-10;null;null;null;null;null;null;null;null;null;
2018-10-11;null;null;null;null;null;null;null;null;null;
2018-10-12;null;null;null;null;null;null;null;null;null;
2018-10-13;null;null;null;null;null;null;null;null;null;
2018-10-14;null;null;null;null;null;null;null;null;null;
2018-10-15;null;null;null;null;null;null;null;null;null;
2018-10-16;null;null;null;null;null;null;null;null;null;
2018-10-17;null;null;null;null;null;null;null;null;null;
2018-10-18;null;null;null;null;null;null;null;null;null;
2018-10-19;null;null;null;null;null;null;null;null;null;
2018-10-20;null;null;null;null;null;null;null;null;null;
2018-10-21;null;null;null;null;null;null;null;null;null;
2018-10-22;null;null;null;null;null;null;null;null;null;
2018-10-23;,5;null;0;24,2;null;null;null;68;null;
2018-10-24;2;null;0;19,2;null;12,8;null;73;null;
2018-10-25;,8;null;27,5;17,2;null;12,6;null;98;null;
2018-10-26;,8;null;21,9;20,6;null;13,6;null;90;null;
2018-10-27;,9;null;22,1;17,6;null;14,6;null;91;null;
2018-10-28;null;null;null;null;null;null;null;null;null;
2018-10-29;null;null;2,1;21,4;null;null;null;73;null;
2018-10-30;null;null;0;null;null;10,6;null;72;null;
2018-10-31;2;null;0;25,3;null;10,4;null;69;null;
2018-11-01;2,5;null;,7;24,3;null;12,2;null;91;null;
2018-11-02;1,5;null;18,4;26,1;null;13,8;null;77;null;
2018-11-03;1,7;null;0;24,9;null;14,6;null;69;null;
2018-11-04;null;null;null;null;null;null;null;null;null;
2018-11-05;null;null;5,6;16,2;null;null;null;84;null;
2018-11-06;,8;null;0;17,6;null;11,6;null;86;null;
2018-11-07;,7;null;13,1;20,2;null;13,8;null;88;null;
2018-11-08;,5;null;14,7;15,8;null;12,2;null;90;null;
2018-11-09;1,1;null;9,8;18,4;null;10,4;null;80;null;
2018-11-10;1,4;null;3,4;19,2;null;12;null;85;null;
2018-11-11;null;null;1;null;null;null;null;null;null;
2018-11-12;null;null;3,6;23,8;null;null;null;87;null;
2018-11-13;1,5;null;4,1;26,3;null;12,4;null;66;null;
2018-11-14;3;null;0;27,7;null;13,6;null;59;null;
2018-11-15;3,1;null;0;24,9;null;14,2;null;76;null;
2018-11-16;1,9;null;6;24,3;null;15,6;null;84;null;
2018-11-17;1,4;null;0;23,2;null;11,8;null;73;null;
2018-11-18;null;null;0;null;null;null;null;null;null;
2018-11-19;null;null;40,7;15,6;null;null;null;98;null;
2018-11-20;2,6;null;4,9;16,6;null;10,6;null;95;null;
2018-11-21;,3;null;2,5;17;null;11,2;null;94;null;
2018-11-22;,7;null;1,3;21,6;null;11,8;null;72;null;
2018-11-23;2,1;null;0;24,3;null;13,2;null;71;null;
2018-11-24;2,7;null;4,5;17,4;null;13,2;null;93;null;
2018-11-25;null;null;null;null;null;null;null;null;null;
2018-11-26;null;null;57,6;18,2;null;null;null;95;null;
2018-11-27;1,6;null;,9;20,2;null;9,6;null;73;null;
2018-11-28;1,1;null;0;21,8;null;9,8;null;62;null;
2018-11-29;1,3;null;30,3;22,8;null;10,8;null;78;null;
2018-11-30;2;null;0;23,2;null;13,8;null;71;null;
2018-12-01;null;null;41;null;null;13,6;null;93;null;
2018-12-02;null;null;null;null;null;null;null;null;null;
2018-12-03;null;null;1,8;null;null;null;null;83;null;
2018-12-04;null;null;0;null;null;12,8;null;51;null;
2018-12-05;null;null;0;null;null;12,4;null;73;null;
2018-12-06;null;null;2,6;null;null;11;null;69;null;
2018-12-07;null;null;0;null;null;13,6;null;84;null;
2018-12-08;null;null;4,2;null;null;9,6;null;89;null;
2018-12-09;null;null;null;null;null;null;null;null;null;
2018-12-10;null;null;0;null;null;null;null;70;null;
2018-12-11;null;null;0;null;null;10,4;null;58;null;
2018-12-12;null;null;0;null;null;10,8;null;70;null;
2018-12-13;null;null;4,2;null;null;10,6;null;55;null;
2018-12-14;null;null;0;null;null;10,4;null;63;null;
2018-12-15;null;null;10,7;null;null;13,4;null;78;null;
2018-12-16;null;null;null;null;null;null;null;null;null;
2018-12-17;null;null;33;null;null;null;null;69;null;
2018-12-18;null;null;7,1;null;null;15,2;null;69;null;
2018-12-19;null;null;78;null;null;15;null;76;null;
2018-12-20;null;null;20,4;null;null;14,2;null;66;null;
2018-12-21;null;null;1,1;null;null;15;null;66;null;
2018-12-22;null;null;0;null;null;16;null;77;null;
2018-12-23;null;null;null;null;null;null;null;null;null;
2018-12-24;null;null;null;null;null;null;null;93;null;
2018-12-25;null;null;null;null;null;null;null;null;null;
2018-12-26;null;null;12,5;null;null;null;null;98;null;
2018-12-27;null;null;61,5;null;null;13,4;null;89;null;
2018-12-28;null;null;0;null;null;11;null;86;null;
2018-12-29;null;null;3;null;null;10,8;null;69;null;
2018-12-30;null;null;null;null;null;null;null;null;null;
2018-12-31;null;null;0;null;null;null;null;71;null;
2019-01-01;null;null;null;null;null;null;null;77;null;
2019-01-02;null;null;43,3;null;null;15;null;83;null;
2019-01-03;null;null;0;null;null;15,4;null;89;null;
2019-01-04;null;null;3,1;null;null;16;null;81;null;
2019-01-05;null;null;14,7;null;null;14;null;91;null;
2019-01-06;null;null;2,2;null;null;14,8;null;64;null;
2019-01-07;null;null;0;null;null;13,2;null;67;null;
2019-01-08;null;null;null;null;null;null;null;null;null;
2019-01-09;null;null;17;null;null;null;null;62;null;
2019-01-10;null;null;1,8;null;null;12,6;null;74;null;
2019-01-11;null;null;0;null;null;14;null;77;null;
2019-01-12;null;null;16,9;null;null;12,8;null;66;null;
2019-01-13;null;null;null;null;null;null;null;null;null;
2019-01-14;null;null;0;null;null;null;null;59;null;
2019-01-15;null;null;38;null;null;14,2;null;64;null;
2019-01-16;null;null;0;null;null;14,8;null;79;null;
2019-01-17;null;null;22,9;null;null;13;null;73;null;
2019-01-18;null;null;0;null;null;14,2;null;74;null;
2019-01-19;null;null;2,7;null;null;14,8;null;59;null;
2019-01-20;null;null;0;null;null;15,8;null;81;null;
2019-01-21;null;null;null;null;null;null;null;null;null;
2019-01-22;null;null;2,5;null;null;null;null;86;null;
2019-01-23;null;null;0;null;null;13,2;null;74;null;
2019-01-24;null;null;0;null;null;14,8;null;74;null;
2019-01-25;null;null;23;null;null;13,6;null;84;null;
2019-01-26;null;null;11,9;null;null;11,2;null;82;null;
2019-01-27;null;null;null;null;null;null;null;null;null;
2019-01-28;null;null;,3;null;null;null;null;56;null;
2019-01-29;null;null;0;null;null;14;null;70;null;
2019-01-30;null;null;0;null;null;12,6;null;59;null;
2019-01-31;null;null;0;null;null;11,2;null;52;null;
2019-02-01;null;null;0;null;null;11,8;null;51;null;
2019-02-02;null;null;0;null;null;14;null;52;null;
2019-02-03;null;null;0;null;null;15,8;null;66;null;
2019-02-04;null;null;null;null;null;null;null;null;null;
2019-02-05;null;null;92,4;null;null;null;null;91;null;
2019-02-06;null;null;1;null;null;13,4;null;91;null;
2019-02-07;null;null;29,9;null;null;10,4;null;75;null;
2019-02-08;null;null;null;null;null;null;null;null;null;
2019-02-09;null;null;2,3;null;null;null;null;61;null;
2019-02-10;null;null;0;null;null;11,8;null;63;null;
2019-02-11;null;null;null;null;null;null;null;null;null;
2019-02-12;null;null;,4;null;null;null;null;83;null;
2019-02-13;null;null;36,4;null;null;14,6;null;96;null;
2019-02-14;null;null;1,4;null;null;11,8;null;86;null;
2019-02-15;null;null;0;null;null;13,2;null;91;null;
2019-02-16;null;null;32,2;null;null;14,6;null;98;null;
2019-02-17;null;null;null;null;null;null;null;null;null;
2019-02-18;null;null;13,5;null;null;null;null;95;null;
2019-02-19;null;null;7;null;null;14,6;null;69;null;
2019-02-20;null;null;,4;null;null;14;null;81;null;
2019-02-21;null;null;20,3;null;null;13,8;null;92;null;
2019-02-22;null;null;,9;null;null;14,8;null;77;null;
2019-02-23;null;null;7,5;null;null;13,6;null;76;null;
2019-02-24;null;null;null;null;null;null;null;null;null;
2019-02-25;null;null;null;null;null;null;null;null;null;
2019-02-26;null;null;22,7;null;null;null;null;79;null;
2019-02-27;null;null;8;null;null;13,6;null;82;null;
2019-02-28;null;null;5,4;null;null;14,8;null;94;null;
2019-03-01;null;null;13,3;null;null;14;null;91;null;
2019-03-02;null;null;37,5;null;null;14,2;null;93;null;
2019-03-03;null;null;null;null;null;null;null;null;null;
2019-03-04;null;null;27,2;null;null;null;null;79;null;
2019-03-05;null;null;3,8;null;null;12,8;null;85;null;
2019-03-06;null;null;15,2;null;null;11,8;null;77;null;
2019-03-07;null;null;19,7;null;null;14,6;null;69;null;
2019-03-08;null;null;0;null;null;15,4;null;63;null;
2019-03-09;null;null;0;null;null;14,2;null;71;null;
2019-03-10;null;null;0;null;null;15,2;null;85;null;
2019-03-11;null;null;null;null;null;null;null;null;null;
2019-03-12;null;null;14,2;null;null;null;null;68;null;
2019-03-13;null;null;0;null;null;14;null;77;null;
2019-03-14;null;null;2,9;null;null;14,6;null;79;null;
2019-03-15;null;null;16,2;null;null;13;null;83;null;
2019-03-16;null;null;13,5;null;null;14,8;null;91;null;
2019-03-17;null;null;null;null;null;null;null;null;null;
2019-03-18;null;null;39,6;null;null;null;null;76;null;
2019-03-19;null;null;15;null;null;14,6;null;88;null;

