Nome: MARICA
Codigo Estacao: 83089
Latitude: -22.920653
Longitude: -42.83
Altitude: 4.18
Situacao: Desativada
Data Inicial: 2015-01-01
Data Final: 2018-05-31
Periodicidade da Medicao: Diaria

Data Medicao;EVAPORACAO DO PICHE, DIARIA(mm);INSOLACAO TOTAL, DIARIO(h);PRECIPITACAO TOTAL, DIARIO(mm);TEMPERATURA MAXIMA, DIARIA(°C);TEMPERATURA MEDIA COMPENSADA, DIARIA(°C);TEMPERATURA MINIMA, DIARIA(°C);UMIDADE RELATIVA DO AR, MEDIA DIARIA(%);UMIDADE RELATIVA DO AR, MINIMA DIARIA(%);VENTO, VELOCIDADE MEDIA DIARIA(m/s);
2015-01-01;4,8;11,7;7,4;35,3;30,2;24,2;78,5;65;null;
2015-01-02;7,6;8,3;0;35,1;29,8;26;81;59;null;
2015-01-03;4,4;9,5;0;31,9;28,6;25,4;90;77;null;
2015-01-04;3;7,4;0;31,9;27,9;24,1;83,8;81;null;
2015-01-05;1,2;1,8;0;30,7;26,7;23,8;80,5;68;null;
2015-01-06;1;5;4,8;32,3;26,6;22;69,5;63;null;
2015-01-07;1,4;11,6;0;34,9;28,6;22,4;59,8;44;null;
2015-01-08;1,6;11,7;0;36,7;30,1;23,1;49;31;null;
2015-01-09;3,2;11,8;0;37,3;30;23,4;50,3;36;null;
2015-01-10;2,2;11,8;0;38,3;30,7;23;49,5;34;null;
2015-01-11;null;null;null;null;null;null;null;64;null;
2015-01-12;null;null;null;null;null;null;null;null;null;
2015-01-13;null;null;null;null;null;null;null;null;null;
2015-01-14;null;null;null;null;null;null;null;null;null;
2015-01-15;null;null;null;null;null;null;null;null;null;
2015-01-16;null;null;null;null;null;null;null;null;null;
2015-01-17;null;null;null;null;null;null;null;null;null;
2015-01-18;null;null;null;null;null;null;null;null;null;
2015-01-19;null;null;null;null;null;null;null;null;null;
2015-01-20;null;null;null;null;null;null;null;null;null;
2015-01-21;3,2;10,4;0;33,3;28,7;23,9;73,5;63;null;
2015-01-22;4;7;0;32,1;27,6;24,2;80,3;74;null;
2015-01-23;3,2;7,4;4,7;31,7;27,6;22,8;76;65;null;
2015-01-24;4,8;3,3;0;31,3;26,5;22,8;81;68;null;
2015-01-25;4,8;9,9;0;34,7;29,2;21,8;51,5;41;null;
2015-01-26;8,2;7,3;0;32,9;28,2;23,6;71,3;60;null;
2015-01-27;6;8,6;0;35,1;27,8;23,2;74,3;54;null;
2015-01-28;5,4;6,9;0;36,3;28,2;23,4;70,3;47;null;
2015-01-29;5,6;11,7;0;37,3;31,2;23,8;52;47;null;
2015-01-30;8;9;0;34,3;30,1;26,4;67,5;46;null;
2015-01-31;5;0;32,4;31,3;26,8;23,2;83,8;73;null;
2015-02-01;null;null;null;null;null;null;null;85;null;
2015-02-02;null;null;null;null;null;null;null;null;null;
2015-02-03;null;null;null;null;null;null;null;null;null;
2015-02-04;null;null;null;null;null;null;null;null;null;
2015-02-05;null;null;null;null;null;null;null;null;null;
2015-02-06;null;null;null;null;null;null;null;null;null;
2015-02-07;null;null;null;null;null;null;null;null;null;
2015-02-08;null;null;null;null;null;null;null;null;null;
2015-02-09;null;null;null;null;null;null;null;null;null;
2015-02-10;null;null;null;null;null;null;null;null;null;
2015-02-11;null;null;null;null;null;null;null;null;null;
2015-02-12;null;null;null;null;null;null;null;null;null;
2015-02-13;null;null;null;null;null;null;null;null;null;
2015-02-14;null;null;null;null;null;null;null;null;null;
2015-02-15;null;null;null;null;null;null;null;null;null;
2015-02-16;null;null;null;null;null;null;null;null;null;
2015-02-17;null;null;null;null;null;null;null;null;null;
2015-02-18;null;null;null;null;null;null;null;null;null;
2015-02-19;null;null;null;null;null;null;null;null;null;
2015-02-20;null;null;null;null;null;null;null;null;null;
2015-02-21;null;null;null;null;null;null;null;null;null;
2015-02-22;null;null;null;null;null;null;null;null;null;
2015-02-23;null;null;null;null;null;null;null;null;null;
2015-02-24;null;null;null;null;null;null;null;null;null;
2015-02-25;null;null;null;null;null;null;null;null;null;
2015-02-26;null;null;null;null;null;null;null;null;null;
2015-02-27;null;null;null;null;null;null;null;null;null;
2015-02-28;null;null;null;null;null;null;null;null;null;
2015-03-01;3,8;3,3;0;29,3;26;21,8;71,5;56;null;
2015-03-02;8,8;10,4;0;31,1;25,1;20,2;73,5;66;null;
2015-03-03;4,5;9,2;0;32,3;26,9;20,8;68,8;63;null;
2015-03-04;6,4;8;0;31,7;26,9;22,1;71,5;65;null;
2015-03-05;4,8;11;0;32,3;27,4;21,8;67,3;58;null;
2015-03-06;7;11,1;0;34,7;28,5;22,4;64;40;null;
2015-03-07;6,8;,5;0;29,3;25,1;23,2;90,3;76;null;
2015-03-08;1,8;6,6;21,8;28,9;25,9;22,8;82,8;85;null;
2015-03-09;1,8;2,3;7,2;31,9;27,4;23,8;79,8;80;null;
2015-03-10;1,8;0;4,7;30,3;26,4;23,9;78;64;null;
2015-03-11;3,3;,3;,7;32,7;28,1;24,4;66,8;64;null;
2015-03-12;3,9;5,8;,4;30,3;27;24,4;77;68;null;
2015-03-13;2,2;6,5;0;30,3;26,4;23,2;82,3;74;null;
2015-03-14;3,6;6,1;,6;30,3;26,7;22,6;80,5;70;null;
2015-03-15;2;8,4;0;32,1;27,5;23,4;77,3;65;null;
2015-03-16;3;9,3;0;32,3;26,3;22,8;82,3;66;null;
2015-03-17;5;0;0;28,3;24,9;22,2;85,5;81;null;
2015-03-18;1,4;5,8;,4;30,1;26,5;22,4;76,8;71;null;
2015-03-19;3,4;7,5;0;31,3;26,7;21,4;79,5;69;null;
2015-03-20;3,2;5,8;0;31,7;27;21,8;76,3;73;null;
2015-03-21;3,8;0;1,4;29,1;25,7;22,4;84,8;72;null;
2015-03-22;2,4;0;1,8;28,3;24,7;22;92,8;84;null;
2015-03-23;1,4;0;49,1;26,7;23,8;21,4;89,5;81;null;
2015-03-24;3,2;8,8;2,2;28,7;25,3;21,8;77,8;76;null;
2015-03-25;4,2;2,5;0;28,7;24;20,2;75,8;62;null;
2015-03-26;4;10,7;0;30,1;25,4;19,4;76,3;66;null;
2015-03-27;8,4;8,2;0;29,3;25,3;21,2;85,3;79;null;
2015-03-28;2,4;2,6;0;29,3;26,4;22,2;85;79;null;
2015-03-29;3,9;4;0;29,8;26,8;23,2;78;72;null;
2015-03-30;1,8;2,5;14,2;30,7;26,5;23,2;85,3;73;null;
2015-03-31;1,6;7;0;31,7;27,5;23,2;75;60;null;
2015-04-01;4,8;0;0;27,7;25,5;23,8;83,3;78;null;
2015-04-02;2,6;4;1,8;28,3;23,7;20,8;81,3;71;null;
2015-04-03;1,8;10,5;1,5;28,5;22,1;18,4;72,3;47;null;
2015-04-04;7;10,6;0;30,1;24;16,8;63,5;55;null;
2015-04-05;4,8;5,2;0;33,2;27,7;20,4;67,3;49;null;
2015-04-06;4;5,9;3,4;33,7;26,5;22,9;78,5;78;null;
2015-04-07;4,4;0;10,2;25,3;21,3;19,4;87,5;68;null;
2015-04-08;3,2;9,6;5,4;26,9;22,6;17,4;73;65;null;
2015-04-09;3,6;4,1;0;27,3;23;17,8;73;60;null;
2015-04-10;3,2;9,8;0;28,3;23,9;17,4;69,5;60;null;
2015-04-11;4,1;9,7;0;28,1;23,1;17,2;80,5;66;null;
2015-04-12;3,1;10,1;0;28,4;23,5;17,2;75,5;59;null;
2015-04-13;3,8;9,3;0;27,7;23;17,4;81,3;71;null;
2015-04-14;3,5;9,5;0;28,2;24,2;17,4;73,5;64;null;
2015-04-15;3,9;6,9;0;31,3;25,4;19,4;72,3;59;null;
2015-04-16;5,2;2,6;0;29,3;25,5;22,1;84;70;null;
2015-04-17;2,6;9,1;0;29,1;26,2;22,8;77,3;78;null;
2015-04-18;2,4;10,1;0;30,7;26,3;20,2;71,5;65;null;
2015-04-19;3,8;2,5;0;28,5;25,4;23,1;84,5;74;null;
2015-04-20;1,6;8,4;0;30,1;26,1;21,9;78,5;70;null;
2015-04-21;3,4;6,3;0;35,3;28,3;23,4;71,8;64;null;
2015-04-22;3,4;0;6,2;26,3;23,7;22,4;93,5;78;null;
2015-04-23;,2;0;7,7;27,1;24,1;21,2;84;75;null;
2015-04-24;2,4;9,4;0;30,1;25,5;20,4;78,8;71;null;
2015-04-25;3,8;6,8;0;27,1;23,6;21,4;82,3;74;null;
2015-04-26;3,8;8,8;0;27,3;23,6;20,1;81;75;null;
2015-04-27;4;2,6;0;27,3;22,1;19,2;82,5;70;null;
2015-04-28;2,6;10,3;0;28,3;23,1;17,8;77;63;null;
2015-04-29;3,4;5,1;10;27,3;23,2;18,8;80,5;79;null;
2015-04-30;2,4;0;10,8;23,8;20,2;18,1;89,8;74;null;
2015-05-01;3,4;8,1;6,1;25,3;21,8;16,4;70,8;67;null;
2015-05-02;6,2;9,6;0;26,7;22,3;17,4;81,3;65;null;
2015-05-03;3;2,5;0;32,3;26,6;19,4;59,5;52;null;
2015-05-04;4;9,8;0;33,1;25,6;18,8;63,3;48;null;
2015-05-05;4,8;0;41,8;24,9;22,7;21,6;87;75;null;
2015-05-06;2;,5;,4;24,3;20,8;18,2;86,8;65;null;
2015-05-07;4,4;0;0;25,3;22,5;18,8;78;71;null;
2015-05-08;4;3,6;8,4;23,3;19,9;16,4;82,3;72;null;
2015-05-09;2;9,9;1,2;26,3;20,8;15,1;82,5;66;null;
2015-05-10;3,2;9;0;28,3;22,3;15,2;79,5;65;null;
2015-05-11;null;null;null;null;null;null;null;91;null;
2015-05-12;11;9,1;2,4;26,1;23,2;19,3;78,5;72;null;
2015-05-13;3;3;7,2;25,7;22,8;19,4;75;67;null;
2015-05-14;6;0;1,4;25,1;22,4;19,4;70,8;67;null;
2015-05-15;2,4;6,8;0;26,7;22,7;15,2;73,8;61;null;
2015-05-16;2,2;0;0;25;21,6;17,4;72;70;null;
2015-05-17;3,8;7;0;27,1;24;19,8;74;71;null;
2015-05-18;3,6;0;0;28,3;24,2;20;71,5;61;null;
2015-05-19;,6;6,9;0;27,3;22,3;19,9;80,5;60;null;
2015-05-20;1,2;8;0;27,1;22,2;17,2;83,3;73;null;
2015-05-21;2,4;9,5;0;26,7;22,5;19,2;74,8;63;null;
2015-05-22;4;10;0;29,3;22,4;17,2;72,5;54;null;
2015-05-23;3,8;5,3;0;29,3;21,7;16,4;74,5;54;null;
2015-05-24;2,8;9,6;0;31,1;24,7;17,2;63,5;47;null;
2015-05-25;4;8,5;0;30,1;24,7;18,4;71;50;null;
2015-05-26;2;9,3;0;26,7;23,4;17,8;83,3;78;null;
2015-05-27;1,9;10;0;27,7;23,4;17,2;74,5;68;null;
2015-05-28;3,8;9,2;0;33,3;25,2;18,4;66,3;45;null;
2015-05-29;5;6,3;1,8;25,1;21,6;18,2;75,5;81;null;
2015-05-30;1,2;6,9;0;25,1;22,1;16,2;75,8;64;null;
2015-05-31;2,4;0;0;23,3;20,9;18,4;92;84;null;
2015-06-01;2,4;0;,4;23,7;21,9;20;87,5;81;null;
2015-06-02;1,4;0;1,8;23,5;21,3;19,4;86,5;78;null;
2015-06-03;,4;7,8;,4;28,1;21,1;17,6;77,8;68;null;
2015-06-04;4;9,7;0;27,1;22,3;14,5;64,3;58;null;
2015-06-05;2,2;8,1;0;26,1;22;16,8;84,5;62;null;
2015-06-06;1,6;9,9;0;28;22,3;17,4;82,8;74;null;
2015-06-07;3,2;9,8;0;30,7;24,9;16,4;57,5;48;null;
2015-06-08;3,8;10;0;30,9;25,8;18;63;61;null;
2015-06-09;3;9,8;0;31,7;25,1;18,2;58,5;45;null;
2015-06-10;4;9,8;0;31,1;23;16,2;58;42;null;
2015-06-11;4,2;9,8;0;33,1;24;17,8;63;42;null;
2015-06-12;7,8;5,2;0;27,7;23,6;18,4;75,8;63;null;
2015-06-13;1,4;9,8;1,4;28,3;23,8;21,2;83;71;null;
2015-06-14;3,5;9,7;0;34,3;26,8;19,4;58;41;null;
2015-06-15;8,4;0;0;26,1;21,8;19,2;93,8;74;null;
2015-06-16;,8;0;12,2;22,4;19,5;18,4;93,8;95;null;
2015-06-17;,4;9,7;1,2;26,3;22,6;18,4;81,8;86;null;
2015-06-18;1;9,8;0;33,5;24,4;18,4;82,5;62;null;
2015-06-19;3,2;0;22,6;25;20,5;18,2;91,8;90;null;
2015-06-20;1;1,7;33,6;23,1;19,3;17,2;84,8;72;null;
2015-06-21;2;3,4;0;25,9;21,2;15,2;66,5;60;null;
2015-06-22;3;2,3;0;24,1;20,4;17,4;85,3;64;null;
2015-06-23;1,2;9,3;0;30,7;24,4;16,9;70,3;54;null;
2015-06-24;5,6;0;2,4;24,5;21,7;19,8;84;78;null;
2015-06-25;1,8;,6;5,1;22;19,1;18,3;82,3;70;null;
2015-06-26;1,6;null;0;24,3;19,6;14,6;78,5;75;null;
2015-06-27;2,8;9;0;25;20,8;16;68,5;68;null;
2015-06-28;3;9,2;0;27,1;21,7;15,1;79,5;65;null;
2015-06-29;4,8;9;0;28,3;21,4;15,2;69;49;null;
2015-06-30;4,6;8,6;0;29,3;23,3;14,2;64,3;53;null;
2015-07-01;12;6;0;32;24,4;20;74,3;61;null;
2015-07-02;4,4;3;0;25,7;22;17,2;83;78;null;
2015-07-03;2,2;0;0;25,1;23,2;17,4;77;75;null;
2015-07-04;3,9;0;0;31,7;24,2;19,5;75;57;null;
2015-07-05;2,5;0;16,3;24,3;19,6;16,2;82,5;76;null;
2015-07-06;1,4;,6;1,2;23,5;19,9;16,8;80,3;70;null;
2015-07-07;2,2;6;0;28,3;21,7;17,8;79;60;null;
2015-07-08;5,2;1,4;0;27,7;22,8;18,1;76,8;74;null;
2015-07-09;3;0;0;26,7;21,1;17,8;80,5;64;null;
2015-07-10;2,2;9,7;0;26,7;22,2;16,2;64,5;64;null;
2015-07-11;3,8;9,6;0;25,1;21,5;16,4;83,5;54;null;
2015-07-12;4,9;9,9;0;28,7;22,8;17,2;75;68;null;
2015-07-13;2,4;10;0;30,1;23,4;17,4;73,5;64;null;
2015-07-14;1,5;9,9;0;32,3;23,3;16,2;75;60;null;
2015-07-15;5;8,9;0;27,9;23;16,2;63,8;58;null;
2015-07-16;4;8,9;0;29,8;22,8;16,8;81,3;65;null;
2015-07-17;4;6,8;0;28,1;23,4;17,8;74,5;65;null;
2015-07-18;1,8;3,8;0;27,9;23,5;18,2;68,8;61;null;
2015-07-19;2,8;9,5;0;29,3;22,1;16,4;73,8;47;null;
2015-07-20;4,4;9,8;0;31,3;23,6;17;78;60;null;
2015-07-21;7,2;7,9;0;33,1;24,6;19,9;77,3;54;null;
2015-07-22;5;0;7,8;25,3;21,6;18,3;75,5;65;null;
2015-07-23;2,2;0;1,8;23,5;21,2;17,2;71,3;66;null;
2015-07-24;2,6;9,9;0;29,5;23,8;17,4;62,3;50;null;
2015-07-25;4;0;0;29,1;22,2;19,2;91,5;64;null;
2015-07-26;2,4;0;,8;23;21,7;20;74,3;74;null;
2015-07-27;1,2;0;0;24,1;21,2;18,8;85,3;71;null;
2015-07-28;1,6;8,5;0;25,3;21,8;16,8;90,5;81;null;
2015-07-29;2,2;4,3;0;25,3;22,6;20,8;89,5;81;null;
2015-07-30;1,8;9,2;0;26,7;21,8;17,4;82,5;73;null;
2015-07-31;2,4;10;0;26,3;22,7;19,4;83,3;77;null;
2015-08-01;null;null;null;null;null;null;null;87;null;
2015-08-02;null;null;null;null;null;null;null;null;null;
2015-08-03;null;null;null;null;null;null;null;null;null;
2015-08-04;null;null;null;null;null;null;null;null;null;
2015-08-05;null;null;null;null;null;null;null;null;null;
2015-08-06;null;null;null;null;null;null;null;null;null;
2015-08-07;null;null;null;null;null;null;null;null;null;
2015-08-08;null;null;null;null;null;null;null;null;null;
2015-08-09;null;null;null;null;null;null;null;null;null;
2015-08-10;null;null;null;null;null;null;null;null;null;
2015-08-11;null;null;null;null;null;null;null;null;null;
2015-08-12;4,6;10;0;29,1;21,3;14,5;67,8;52;null;
2015-08-13;5,6;10,4;0;27,9;21,7;15,2;73,5;61;null;
2015-08-14;5;9,3;0;30,3;22,7;15,8;67,3;55;null;
2015-08-15;4,2;10,5;0;30,1;23,9;20;62;45;null;
2015-08-16;10,6;10,5;0;30,1;22,2;16,4;67,3;53;null;
2015-08-17;6,2;9,4;0;25,7;22,4;17,4;84;68;null;
2015-08-18;4,8;10,1;0;32,1;25,2;19,4;52,3;36;null;
2015-08-19;11;10,5;0;34,1;26;19,4;63,8;45;null;
2015-08-20;6,4;8,2;2,2;26,7;22,7;20,8;66,5;60;null;
2015-08-21;5,6;8,8;,6;25,1;20,4;17;85,3;72;null;
2015-08-22;1,6;4,4;0;25,3;20,3;15,8;77,8;69;null;
2015-08-23;12,8;9,9;0;29,9;23,4;15,2;66,8;51;null;
2015-08-24;5,4;3,9;0;25,8;21,7;17,8;78;71;null;
2015-08-25;1;0;,8;23,3;20,2;18,8;84,8;82;null;
2015-08-26;1,6;4,1;0;26,3;21,9;17,8;77;72;null;
2015-08-27;1,1;4,2;0;30,7;23;17,3;79,5;70;null;
2015-08-28;4;6;0;26,3;22,8;18,5;68;71;null;
2015-08-29;2,2;10,2;0;26,7;22,1;14,9;54,8;59;null;
2015-08-30;2;10,5;0;29,8;22,4;14,5;81,5;49;null;
2015-08-31;4,2;10,1;0;31,7;22,8;16,8;63,8;38;null;
2015-09-01;10,2;1,4;0;35,9;26,3;19,2;65,5;33;null;
2015-09-02;6;0;2,8;23;20,7;19,2;77,3;62;null;
2015-09-03;3;5,6;0;25,3;21,4;18,8;81,8;71;null;
2015-09-04;2,8;1,5;0;24,8;21,8;18,4;81,5;80;null;
2015-09-05;2;0;7,4;21,8;19,9;18,2;80,8;77;null;
2015-09-06;1;3,2;3,4;25,9;22,3;17,6;65,3;76;null;
2015-09-07;1,8;0;,4;27,1;23,3;17,4;73;54;null;
2015-09-08;2;0;,6;25,9;23,6;19,8;75;72;null;
2015-09-09;4,8;0;5,8;25,3;22,8;21;79,5;72;null;
2015-09-10;3,2;0;0;28,1;23,3;18,4;74,3;65;null;
2015-09-11;4,2;0;23;27,9;23,2;20,6;86;75;null;
2015-09-12;1;0;19,8;23,1;20,3;18;85,8;85;null;
2015-09-13;1,8;0;45,1;22;18,6;17,2;91,8;84;null;
2015-09-14;,8;2,8;2,8;22,8;20;17;79,3;71;null;
2015-09-15;2,4;7,1;0;29,8;22,9;18,4;86,8;70;null;
2015-09-16;3,8;10,5;0;35,7;29,9;24,4;60,8;50;null;
2015-09-17;4,8;10;0;33,9;27,9;22,9;68,8;47;null;
2015-09-18;5,4;10,7;0;36,7;29,5;19,9;53;39;null;
2015-09-19;7;10,6;0;29,9;25,6;21;71;63;null;
2015-09-20;2,7;5,6;0;27,3;24,1;21,4;82,8;71;null;
2015-09-21;2,7;9,4;0;27,9;24,1;21,4;79,8;71;null;
2015-09-22;2,6;9,4;0;25,9;22,8;20,2;87,8;85;null;
2015-09-23;1,2;null;0;27,7;23,4;20,2;77,8;82;null;
2015-09-24;3;10,2;0;38,1;28;19,6;71;42;null;
2015-09-25;9,2;3,8;0;39,1;29,4;22,1;70,5;41;null;
2015-09-26;6;9,6;0;30,3;25,3;22,3;80,3;77;null;
2015-09-27;2,8;10,5;0;32,3;26,4;21;69,3;53;null;
2015-09-28;5,3;3;0;29,9;26,4;23,2;70,5;66;null;
2015-09-29;2,7;,4;0;26,3;23,8;22,4;89,3;72;null;
2015-09-30;1,2;1,1;0;27,3;24,6;21,8;84,5;78;null;
2015-10-01;2,4;6;0;28,1;24,4;21,4;88,8;85;null;
2015-10-02;1,8;7,7;0;31,1;26,2;21,8;71,8;65;null;
2015-10-03;4,6;0;0;32,3;26,7;22,2;62,8;59;null;
2015-10-04;3,2;0;0;26,7;22,8;20,8;88;57;null;
2015-10-05;,4;0;12,6;22,9;19,9;18,4;88,3;69;null;
2015-10-06;2,6;4,7;,8;25,3;21,6;16,8;69,3;65;null;
2015-10-07;4,4;10,8;0;30,3;23,2;16,4;67,8;56;null;
2015-10-08;6;11;0;33,1;25;17,8;66;48;null;
2015-10-09;3,8;8,3;0;27,3;24,1;18,4;76,5;72;null;
2015-10-10;3,2;8,1;0;30,9;24,9;18,8;70,3;57;null;
2015-10-11;8,2;10,4;0;30,7;25,6;19,9;78,3;70;null;
2015-10-12;3,4;8,2;0;28,7;24,5;21,8;84;73;null;
2015-10-13;3,6;4,9;0;28,3;24;19,4;80,5;68;null;
2015-10-14;3;9,6;0;32,5;25,3;19,9;84,5;70;null;
2015-10-15;3,5;8;0;35,1;27,7;20,2;65;47;null;
2015-10-16;5,8;9,4;0;37,3;29,2;24;76,3;67;null;
2015-10-17;6,7;5,7;0;30,7;25;22,4;91,3;82;null;
2015-10-18;3,7;0;2,5;23,9;20,7;18,8;91,3;90;null;
2015-10-19;1,3;3;3;23,7;21;18,8;76;70;null;
2015-10-20;2,7;10,8;0;32,9;25,1;16,9;71;61;null;
2015-10-21;5,8;3,7;0;32,7;26,4;20,4;73,3;57;null;
2015-10-22;4;4;0;29,3;25,4;22,2;81,5;66;null;
2015-10-23;3,4;5,7;2,8;31,1;26,3;21,8;79,5;70;null;
2015-10-24;3,8;0;0;26,7;23,8;20,2;79,3;78;null;
2015-10-25;3,3;0;,8;24,9;22,5;19,8;70,5;66;null;
2015-10-26;3,4;3;0;29,7;23,4;17,7;78;60;null;
2015-10-27;3,3;3,4;0;31,3;26,1;21,2;75,5;72;null;
2015-10-28;3,8;0;0;27,7;24,6;22,9;79,8;71;null;
2015-10-29;2;9,6;1,4;29,5;25,2;21,4;76,8;70;null;
2015-10-30;4,2;8,3;1,8;29,1;25,2;21,2;77,5;67;null;
2015-10-31;4,8;10;0;37,3;29,6;22;52,8;37;null;
2015-11-01;12;9,9;0;29,5;25,7;22,2;85,3;58;null;
2015-11-02;2,4;4,4;1,9;27,7;25;22,4;83,8;79;null;
2015-11-03;1,6;,6;1,6;30,3;25,9;23,2;89,3;85;null;
2015-11-04;2,2;2,6;0;28,3;25,5;23,1;84;79;null;
2015-11-05;1,9;2,2;22,8;27,9;25,1;22,8;88,3;81;null;
2015-11-06;1,9;2;0;27,1;24,6;22,8;90,8;82;null;
2015-11-07;null;null;null;null;null;null;null;93;null;
2015-11-08;null;null;null;null;null;null;null;null;null;
2015-11-09;null;1,3;0;27,8;24,3;21,4;87,5;81;null;
2015-11-10;2,2;7,5;0;31,7;26,8;21,9;78,5;68;null;
2015-11-11;2,6;8,8;0;32,4;28,6;23,4;65,5;64;null;
2015-11-12;4;3,4;0;29,7;25,8;22,4;82,3;60;null;
2015-11-13;3;10;0;29,3;26,1;21,2;76;68;null;
2015-11-14;3,5;6,6;0;37,7;28,7;23,3;72;55;null;
2015-11-15;6,5;3,3;0;29,8;26,6;24,2;86,3;75;null;
2015-11-16;2;0;1,7;26,7;24,1;22,9;93;82;null;
2015-11-17;2,2;,4;,3;27,3;25;22,8;84,8;81;null;
2015-11-18;1,8;8,5;0;33,2;28,7;23,8;70;63;null;
2015-11-19;4,4;7,8;0;34,3;30,4;23,8;65,8;64;null;
2015-11-20;8,2;2,8;0;36,1;28,4;24,2;73,3;64;null;
2015-11-21;4;0;24,8;29,8;22,7;19,6;86,5;82;null;
2015-11-22;,3;2,7;26,4;27,7;23,6;19,6;75,8;68;null;
2015-11-23;2,9;,1;4,4;27,3;23,3;20,8;89,8;82;null;
2015-11-24;1,8;3,4;7,1;28,1;24,8;21,1;81;79;null;
2015-11-25;2;0;0;29,1;24,5;22;90,5;79;null;
2015-11-26;1,8;4,8;,6;28,7;24,7;22,2;81,8;68;null;
2015-11-27;4;10,3;0;28,6;24,7;21,2;73,3;60;null;
2015-11-28;5;10,8;0;33,7;27,9;19,8;59,3;55;null;
2015-11-29;5,6;5,7;55,4;31,9;26,2;22,2;89,3;60;null;
2015-11-30;2,4;0;39,3;25,9;23,1;21;97,5;93;null;
2015-12-01;3,6;0;41,4;25,9;22,9;20,6;91,3;80;null;
2015-12-02;3,9;0;0;25,3;23,8;21,8;89,5;85;null;
2015-12-03;1,3;0;0;24,7;23,4;20,4;82;91;null;
2015-12-04;,2;0;,6;25,9;23,6;20,4;79,5;72;null;
2015-12-05;3,2;9;0;30,3;25,6;21;88,8;72;null;
2015-12-06;,8;4,4;,6;29,1;25,3;22,4;80,5;76;null;
2015-12-07;2,2;0;32,2;25,1;22,4;20,8;89;79;null;
2015-12-08;1,6;0;0;25,3;23,5;21,2;85,3;83;null;
2015-12-09;2,2;7,2;0;31,7;27;21,8;66,3;72;null;
2015-12-10;3;9;0;37,3;29,8;21,8;59,5;47;null;
2015-12-11;7,2;null;0;29,3;26,7;24,4;78,8;67;null;
2015-12-12;3;9,8;0;31,3;26,8;22,4;76,5;78;null;
2015-12-13;4,2;8,6;2,5;32,7;28,3;22,9;75,3;70;null;
2015-12-14;3,3;11,6;11,8;35,9;30,5;23,2;58;57;null;
2015-12-15;6;11,4;0;36,3;31;24,4;62;46;null;
2015-12-16;13;4,1;0;29,9;26,9;25,2;83,3;70;null;
2015-12-17;3,6;10;0;30,6;26,8;23,1;77,3;71;null;
2015-12-18;2,8;11,7;0;34,3;28,5;23,1;75,5;63;null;
2015-12-19;7;11,1;0;34,4;30,2;24,4;63,3;52;null;
2015-12-20;6;9,4;0;30,3;27,5;24,3;76,5;71;null;
2015-12-21;3;7,7;0;33,3;28,3;22,9;67;58;null;
2015-12-22;5,5;12,1;0;35,7;29,1;23,4;62,5;47;null;
2015-12-23;7,3;11,4;0;37,3;29,4;23,8;63,8;48;null;
2015-12-24;9,2;11,6;0;36,7;30,6;23,2;53,8;44;null;
2015-12-25;3;11,4;0;35,3;28,7;24,1;68,5;55;null;
2015-12-26;6;11,4;0;35,7;30,6;23,6;51,5;51;null;
2015-12-27;6,4;10,4;0;37,3;31,7;23,1;45,8;42;null;
2015-12-28;9,2;2;0;36,9;30,4;23,9;56,3;39;null;
2015-12-29;7;null;0;35,3;29,3;23,9;64,5;41;null;
2015-12-30;5,8;8,1;0;37,3;31,8;25,4;56,8;42;null;
2015-12-31;7,2;10,1;9,4;40,2;30,3;23,4;61,3;42;null;
2016-01-01;10;9,3;0;37,3;30,7;25,4;64,3;47;null;
2016-01-02;5;0;0;30,1;26,6;24,9;88,3;78;null;
2016-01-03;2;0;0;29,3;25,7;23,2;80,8;74;null;
2016-01-04;2,4;4,8;0;29,3;25,2;21,2;71;64;null;
2016-01-05;4,5;11,2;0;29,9;25,3;19,2;66,5;53;null;
2016-01-06;5,3;11,4;0;32,3;27,4;22,4;68,3;58;null;
2016-01-07;6,2;11,7;0;31,1;25,5;20,4;73,3;61;null;
2016-01-08;5,2;9,3;0;33,3;28,8;23,4;63,5;56;null;
2016-01-09;null;null;null;null;null;null;null;61;null;
2016-01-10;null;null;null;null;null;null;null;null;null;
2016-01-11;2;0;0;32,1;27;23,4;89,8;79;null;
2016-01-12;2;2,4;8,4;36,3;28,6;24,1;71,5;50;null;
2016-01-13;5,2;6,1;6,8;32,5;28,1;24,8;81;66;null;
2016-01-14;4,2;0;35,5;28,3;25,6;23,6;90;79;null;
2016-01-15;1;0;20,4;29,3;25,5;23,8;95,8;85;null;
2016-01-16;2,8;0;106,2;27,7;24,8;22,8;87,3;81;null;
2016-01-17;2,2;0;,4;28,5;25,2;22,4;75,5;63;null;
2016-01-18;3,1;0;10,4;25,7;23;19,9;85,5;74;null;
2016-01-19;1,5;0;12,2;23,7;21,9;21,2;94;90;null;
2016-01-20;,4;0;14,1;23,5;22,6;20,8;97,5;92;null;
2016-01-21;1;1,3;18,2;25,1;24;22,2;90,8;90;null;
2016-01-22;1,6;0;2,2;26,3;24;22,1;91,8;89;null;
2016-01-23;2,2;8,8;9,1;28,3;25,2;22;87,3;79;null;
2016-01-24;2,4;9;0;28,9;25,6;21;81,5;74;null;
2016-01-25;2,6;8,1;0;30,7;26,8;22,8;78;71;null;
2016-01-26;2,8;11,2;0;33,3;28,8;23,4;75,8;66;null;
2016-01-27;4,8;7,1;0;31,3;28,2;24;78,8;77;null;
2016-01-28;11,2;1,9;0;31,3;26,5;24;94,3;76;null;
2016-01-29;7,8;9,2;17,9;31,5;27,6;23,6;79,3;79;null;
2016-01-30;2,7;10,9;0;34,9;29,8;23,2;63,5;55;null;
2016-01-31;6,3;11,5;0;35,1;28,8;23,2;80,3;66;null;
2016-02-01;null;null;null;null;null;null;null;82;null;
2016-02-02;null;null;null;null;null;null;null;null;null;
2016-02-03;null;null;null;null;null;null;null;null;null;
2016-02-04;null;null;null;null;null;null;null;null;null;
2016-02-05;null;null;null;null;null;null;null;null;null;
2016-02-06;null;null;null;null;null;null;null;null;null;
2016-02-07;null;null;null;null;null;null;null;null;null;
2016-02-08;null;null;null;null;null;null;null;null;null;
2016-02-09;null;null;null;null;null;null;null;null;null;
2016-02-10;null;null;null;null;null;null;null;null;null;
2016-02-11;null;null;null;null;null;null;null;null;null;
2016-02-12;null;null;null;null;null;null;null;null;null;
2016-02-13;null;null;null;null;null;null;null;null;null;
2016-02-14;null;null;null;null;null;null;null;null;null;
2016-02-15;null;null;null;null;null;null;null;null;null;
2016-02-16;null;null;null;null;null;null;null;null;null;
2016-02-17;null;null;null;null;null;null;null;null;null;
2016-02-18;null;null;null;null;null;null;null;null;null;
2016-02-19;null;null;null;null;null;null;null;null;null;
2016-02-20;null;null;null;null;null;null;null;null;null;
2016-02-21;null;null;null;null;null;null;null;null;null;
2016-02-22;null;null;null;null;null;null;null;null;null;
2016-02-23;null;null;null;null;null;null;null;null;null;
2016-02-24;null;null;null;null;null;null;null;null;null;
2016-02-25;null;null;null;null;null;null;null;null;null;
2016-02-26;null;null;null;null;null;null;null;null;null;
2016-02-27;null;null;null;null;null;null;null;null;null;
2016-02-28;null;null;null;null;null;null;null;null;null;
2016-02-29;null;null;null;null;null;null;null;null;null;
2016-03-01;2,4;0;135,2;28,3;23,6;20,4;94,5;91;null;
2016-03-02;1,4;5,1;1,7;29,3;26;22,4;76,5;77;null;
2016-03-03;,6;4,1;0;33,9;28,4;23,1;68,8;52;null;
2016-03-04;5,8;4;0;34,4;29,9;24,1;57,5;52;null;
2016-03-05;5,8;5,5;,6;30,9;26,5;22,2;82,3;61;null;
2016-03-06;3;8,2;0;31,7;28,3;23,2;73,5;75;null;
2016-03-07;6,6;7,7;,5;32,3;27,8;24,2;82,3;71;null;
2016-03-08;3,4;8,3;0;31,9;27,7;24,2;79;71;null;
2016-03-09;3;9,7;0;33,2;28,4;23,2;70,8;63;null;
2016-03-10;6,2;6,3;0;37,3;30,6;23,8;62,8;53;null;
2016-03-11;6,8;0;0;30,1;27,3;25,2;81,8;65;null;
2016-03-12;2;4,2;0;32,3;26;22,4;86,5;77;null;
2016-03-13;2;0;69,8;27,3;25,6;22,4;83;85;null;
2016-03-14;2;4,9;,8;29,3;24,6;21,2;90;77;null;
2016-03-15;2;4,5;0;30,1;25,6;22,2;89;81;null;
2016-03-16;1;3,4;0;29,3;25,6;22,2;88;76;null;
2016-03-17;1,1;3,4;14,2;29,9;25,8;23;88;80;null;
2016-03-18;1,9;10,1;3,3;29,9;26,4;22,4;75,8;75;null;
2016-03-19;3;10,4;0;29,9;26,9;22,1;71,3;72;null;
2016-03-20;3,2;9,8;0;30,1;26,5;21,2;76,3;66;null;
2016-03-21;2,8;10,8;0;31,1;26,8;24,4;71,3;54;null;
2016-03-22;4;9,6;0;34,1;28,3;22;69,8;57;null;
2016-03-23;4,4;6,9;0;31,1;27,3;24,2;84,3;81;null;
2016-03-24;1,8;7;112,4;29,3;25,4;21,2;83;75;null;
2016-03-25;2,2;8,1;0;31,3;27,8;21,8;79,3;75;null;
2016-03-26;1,6;0;0;31,7;28,5;24,4;78,5;82;null;
2016-03-27;1;10,6;0;33,5;28,5;23,6;70,3;59;null;
2016-03-28;3,8;8,1;0;33,5;28,6;23,8;80;65;null;
2016-03-29;3;7,7;0;31,3;27,3;23,4;85,8;77;null;
2016-03-30;3,2;6,3;0;32,3;27,6;24,2;85;83;null;
2016-03-31;2,6;7,7;0;32,3;28;23,8;82;77;null;
2016-04-01;4,2;7;0;32,3;27,1;22,6;78;74;null;
2016-04-02;2;9,3;0;32,2;26,9;21,4;74,8;66;null;
2016-04-03;2,2;10,1;0;32,5;27,4;22;76;69;null;
2016-04-04;2,6;10;0;30,3;26,2;22,2;83,8;78;null;
2016-04-05;3,2;9,9;0;31;25,9;22;79,3;68;null;
2016-04-06;2,6;10,4;0;30,8;26,1;20,4;71;73;null;
2016-04-07;5,2;9,9;0;33,4;26,6;21,2;77,5;59;null;
2016-04-08;3,2;10;0;30,5;26,8;21,9;78;77;null;
2016-04-09;2,8;10,3;0;32,3;27,6;21,2;71,8;72;null;
2016-04-10;2,8;10,3;0;31,3;27;21,8;76,5;69;null;
2016-04-11;3,2;8,6;0;30,9;26,5;22,4;82,8;75;null;
2016-04-12;3;10,1;0;32,3;25,6;20,8;85,8;68;null;
2016-04-13;1,8;10,2;0;32,1;26,8;20,8;76,3;73;null;
2016-04-14;4,2;9,4;0;36,1;28,3;23,2;70,5;32;null;
2016-04-15;4;10,2;0;32,3;27,2;21,2;69,8;72;null;
2016-04-16;2,9;7,6;0;33,1;26,8;19,4;74,5;65;null;
2016-04-17;4,4;10,6;0;33,7;27,3;20,4;58,5;41;null;
2016-04-18;,6;10,7;0;33,5;27,2;20,6;75,5;60;null;
2016-04-19;3,4;10,1;0;35,1;28,1;22,4;68,3;52;null;
2016-04-20;4,8;10,2;0;33,7;27,5;21,1;71,8;55;null;
2016-04-21;3,8;10,4;0;35,3;28,2;22,4;75,3;67;null;
2016-04-22;5,6;10,6;0;34,3;28,9;23,2;63,3;56;null;
2016-04-23;4,4;10,2;0;31,3;26,4;20,8;80,5;69;null;
2016-04-24;3,2;10,3;0;35,1;27,9;20,8;66,3;60;null;
2016-04-25;4,4;10,5;0;37,3;28,6;20,8;55,3;41;null;
2016-04-26;9;9,2;0;35,3;28,5;24,2;78,8;40;null;
2016-04-27;3,8;1,5;0;30,3;25,4;22,2;88,5;77;null;
2016-04-28;3;0;0;23,7;21;19,4;81,8;70;null;
2016-04-29;1,8;0;0;23,5;20,8;18,2;85,8;76;null;
2016-04-30;2;0;3,8;23;21;18,8;86,5;84;null;
2016-05-01;null;null;null;null;null;null;null;84;null;
2016-05-02;null;null;null;null;null;null;null;null;null;
2016-05-03;null;null;null;null;null;null;null;null;null;
2016-05-04;null;null;null;null;null;null;null;null;null;
2016-05-05;null;null;null;null;null;null;null;null;null;
2016-05-06;null;null;null;null;null;null;null;null;null;
2016-05-07;null;null;null;null;null;null;null;null;null;
2016-05-08;null;null;null;null;null;null;null;null;null;
2016-05-09;null;null;null;null;null;null;null;null;null;
2016-05-10;null;null;null;null;null;null;null;null;null;
2016-05-11;null;null;null;null;null;null;null;null;null;
2016-05-12;null;null;null;null;null;null;null;null;null;
2016-05-13;null;null;null;null;null;null;null;null;null;
2016-05-14;null;null;null;null;null;null;null;null;null;
2016-05-15;null;null;null;null;null;null;null;null;null;
2016-05-16;null;null;null;null;null;null;null;null;null;
2016-05-17;null;null;null;null;null;null;null;null;null;
2016-05-18;null;null;null;null;null;null;null;null;null;
2016-05-19;null;null;null;null;null;null;null;null;null;
2016-05-20;null;null;null;null;null;null;null;null;null;
2016-05-21;null;null;null;null;null;null;null;null;null;
2016-05-22;null;null;null;null;null;null;null;null;null;
2016-05-23;null;null;null;null;null;null;null;null;null;
2016-05-24;null;null;null;null;null;null;null;null;null;
2016-05-25;null;null;null;null;null;null;null;null;null;
2016-05-26;null;null;null;null;null;null;null;null;null;
2016-05-27;null;null;null;null;null;null;null;null;null;
2016-05-28;null;null;null;null;null;null;null;null;null;
2016-05-29;null;null;null;null;null;null;null;null;null;
2016-05-30;null;null;null;null;null;null;null;null;null;
2016-05-31;null;null;null;null;null;null;null;null;null;
2016-06-01;4,8;8,1;0;27,3;23,3;18,4;82,8;80;null;
2016-06-02;1,4;5,3;0;30,7;25,3;20,4;63,3;53;null;
2016-06-03;3,6;4,1;7,9;25,7;22,7;19,4;82;63;null;
2016-06-04;1,4;0;1,4;25,3;22,4;20,1;89,8;80;null;
2016-06-05;1,1;3,2;11,1;27,9;23,5;20,8;85;74;null;
2016-06-06;1;1,6;7,8;26,3;23;21,2;93,3;86;null;
2016-06-07;1;0;25,2;23,7;20,6;19,2;86,5;68;null;
2016-06-08;3,9;0;28,5;23;19,3;17;81,3;72;null;
2016-06-09;,7;7,1;0;23,1;19,5;16,4;64,8;56;null;
2016-06-10;1,2;,4;0;21,2;16,7;12,9;82,5;70;null;
2016-06-11;1,8;9,3;0;22,4;17,9;13,5;63;53;null;
2016-06-12;4;6;0;20,4;17,8;13,3;59,8;62;null;
2016-06-13;4;5,8;0;23,2;19,8;11;51,8;57;null;
2016-06-14;7;9,5;0;24,3;18;12,9;78,8;32;null;
2016-06-15;2,4;9,8;0;25,1;20;11,3;60,3;62;null;
2016-06-16;3,8;9,7;0;25,1;18,7;11,9;72,8;56;null;
2016-06-17;2,2;9,8;0;26,7;21;12,5;65;53;null;
2016-06-18;2,6;0;0;22,4;19,8;14,9;72,8;71;null;
2016-06-19;2,1;0;0;24,9;20,3;15;84,3;66;null;
2016-06-20;2,2;0;0;23,5;20,4;18,4;87;78;null;
2016-06-21;2,2;,2;0;22,4;19,4;17,2;84,3;78;null;
2016-06-22;1;8,4;3,1;26,1;21,9;16,8;70,3;66;null;
2016-06-23;2,6;1,1;0;23,7;20;17,4;85,5;69;null;
2016-06-24;1,6;6,5;0;22,9;19,2;15,4;82;70;null;
2016-06-25;4,4;8;0;23,7;19,3;13,1;80,3;72;null;
2016-06-26;,4;4,7;0;26,1;20;13,4;75;74;null;
2016-06-27;2,4;7,3;0;26,3;20,2;14,6;81,5;73;null;
2016-06-28;3;5,7;0;28,3;22,1;18,4;68,8;50;null;
2016-06-29;3,8;9,7;0;26,1;20,9;15,4;73,3;67;null;
2016-06-30;1,5;1,1;0;22,4;19,4;15,1;92,8;74;null;
2016-07-01;null;null;null;null;null;null;null;95;null;
2016-07-02;null;null;null;null;null;null;null;null;null;
2016-07-03;null;null;null;null;null;null;null;null;null;
2016-07-04;null;null;null;null;null;null;null;null;null;
2016-07-05;null;null;null;null;null;null;null;null;null;
2016-07-06;null;null;null;null;null;null;null;null;null;
2016-07-07;null;null;null;null;null;null;null;null;null;
2016-07-08;null;null;null;null;null;null;null;null;null;
2016-07-09;null;null;null;null;null;null;null;null;null;
2016-07-10;null;null;null;null;null;null;null;null;null;
2016-07-11;4,2;9,8;0;33,3;24,7;13,7;61,3;60;null;
2016-07-12;6;9,8;0;35,3;25,4;18,6;49,5;27;null;
2016-07-13;13;7,8;0;28,2;23,6;19,4;72,5;62;null;
2016-07-14;1,2;9,1;0;31,1;23,1;16,4;70,3;54;null;
2016-07-15;4;9,5;0;35,1;27;18,4;47;31;null;
2016-07-16;6,8;5,7;0;34,1;25,6;19,9;75,5;38;null;
2016-07-17;4,6;5;0;24,3;20,5;17,8;74,5;69;null;
2016-07-18;6,6;5,1;0;20,8;16,4;13,9;77,5;59;null;
2016-07-19;4;5;0;22,4;17,3;11;71,8;66;null;
2016-07-20;2,6;0;0;22,4;18,3;13,7;88;77;null;
2016-07-21;1,6;0;0;21,4;18,3;16,9;86,8;80;null;
2016-07-22;2;3,4;3,3;22,8;19,4;16,8;82,3;79;null;
2016-07-23;1,6;6,9;0;26,1;21,9;15,8;76;70;null;
2016-07-24;5,4;10,1;0;31,3;22,8;13,9;85,8;81;null;
2016-07-25;6,6;5,3;0;26,1;20,9;16,2;83;78;null;
2016-07-26;2,2;9,9;0;26,1;20,6;15,2;83;71;null;
2016-07-27;3,8;9,8;0;35,1;25,4;18,4;66,8;39;null;
2016-07-28;8;0;3,4;22,6;20,1;18,4;77,8;74;null;
2016-07-29;2,8;3,6;0;24,3;20,6;17,4;78,3;76;null;
2016-07-30;4,6;5,8;0;25,1;20,4;15,1;81;76;null;
2016-07-31;3,6;6,6;0;28,3;21,4;16,6;68,5;52;null;
2016-08-01;5;9,9;0;31,3;22,4;16,4;60;47;null;
2016-08-02;9;7,2;0;30,3;23,4;17,8;78,8;46;null;
2016-08-03;4;0;0;23,9;21,6;18,8;68,5;69;null;
2016-08-04;3;5,2;0;25,9;20,8;17,4;71,3;60;null;
2016-08-05;3;9,9;0;27,9;22,3;15,1;71,3;65;null;
2016-08-06;4;9,8;0;32,9;23,8;16;57,5;53;null;
2016-08-07;5,4;5,9;0;34,1;25,9;20;75,8;39;null;
2016-08-08;2,6;0;0;26,1;22,3;18,7;73,8;74;null;
2016-08-09;3;8,8;0;28,7;23;17,4;83,5;70;null;
2016-08-10;3;0;0;24,3;19,9;17,4;81,8;84;null;
2016-08-11;3,2;9,8;3,2;24,1;19,4;14,5;69;62;null;
2016-08-12;4,3;5,1;14,2;22,6;18,2;14,9;77,3;75;null;
2016-08-13;1,5;9,3;,8;24,7;20,5;12,9;61;66;null;
2016-08-14;3;10,3;0;27,9;22,1;13,1;55,5;52;null;
2016-08-15;2,2;9,6;0;31,3;22,7;16,2;74,5;47;null;
2016-08-16;5,4;8,2;1,6;27,3;22,2;17,4;75,8;57;null;
2016-08-17;2,6;10;0;30,7;24,9;16,8;67,3;55;null;
2016-08-18;4;6;0;27,3;24,1;20,6;68;71;null;
2016-08-19;3;9,1;0;28,3;24;20,2;77,5;59;null;
2016-08-20;2,2;2,4;0;26,7;22,6;19,4;85,8;78;null;
2016-08-21;2,4;0;6,8;24,3;22,3;20,2;86,3;66;null;
2016-08-22;8,8;0;22,7;22,2;18,3;16,1;84,8;84;null;
2016-08-23;3;1,9;2,8;23,1;19,4;15;69,3;65;null;
2016-08-24;3,2;10,4;0;25,3;21;13,5;64;62;null;
2016-08-25;4;10,2;0;26,7;20,2;13,5;66,3;50;null;
2016-08-26;3,8;10,6;0;28,7;22,7;13,6;59;55;null;
2016-08-27;5,2;10,2;0;29,9;23,8;13,5;61,5;51;null;
2016-08-28;3,4;10,7;0;32,3;24,6;16,8;50,3;37;null;
2016-08-29;3,4;10;0;33,9;24,8;17,4;52,8;34;null;
2016-08-30;2,2;9,4;0;32,3;24,4;16;78,3;56;null;
2016-08-31;1,2;5,5;0;25,3;21,7;17,8;84,3;83;null;
2016-09-01;3,3;2,3;7,4;26,9;23,2;21;90;84;null;
2016-09-02;2,1;9,4;1,4;27,3;23,8;21,2;84,5;75;null;
2016-09-03;2,6;4,7;0;28,3;23,5;19;79,5;74;null;
2016-09-04;3,4;10,1;0;31,9;25,9;19,9;65,5;53;null;
2016-09-05;5,6;7,8;0;26,9;22,4;19,6;91,8;72;null;
2016-09-06;2,8;6,3;0;30,6;24,7;18,4;61,5;48;null;
2016-09-07;5,6;2,6;0;28,3;24,3;18,6;78,5;74;null;
2016-09-08;2,8;9,2;2,6;26,7;22,9;20,2;75,3;64;null;
2016-09-09;4,8;,8;0;26,7;23,4;19,9;73,5;78;null;
2016-09-10;2,2;7,5;1,4;27,3;23,6;19,2;76,5;65;null;
2016-09-11;3,6;10,5;0;29,8;24,5;18,6;72,3;68;null;
2016-09-12;2,2;9,7;0;32,7;25,3;18,4;65,8;51;null;
2016-09-13;3,2;9,5;0;38,3;29,3;19,9;43,8;37;null;
2016-09-14;6,2;9,4;0;29,9;25,2;22,6;77,5;50;null;
2016-09-15;2,8;6,5;0;26,9;22,9;17,4;72;64;null;
2016-09-16;2,2;1;0;23,5;20,9;19,4;84,3;79;null;
2016-09-17;1,2;7,8;4,6;28,7;24;18,6;72,3;67;null;
2016-09-18;2,6;9,8;0;29,1;24,8;19,4;80,5;74;null;
2016-09-19;4,8;8,6;2,2;29,5;25,1;20,2;79;64;null;
2016-09-20;3,6;0;28,3;22,2;19,4;17,7;97,8;84;null;
2016-09-21;1;6,3;8,8;24,1;21;17;67,8;74;null;
2016-09-22;1,2;5,5;2,4;25,3;20,6;15,8;70,5;59;null;
2016-09-23;4,4;10,3;0;27,9;22,4;14,6;71,3;55;null;
2016-09-24;4;2,1;0;26,1;22,3;16,4;85,8;77;null;
2016-09-25;3,4;0;2,4;23;19,8;18,2;91,3;85;null;
2016-09-26;1,6;0;11,4;23,8;19,7;17,4;86,3;78;null;
2016-09-27;1,2;4,6;,8;24,7;21,4;17;69,3;71;null;
2016-09-28;3;9,1;0;26,3;22,3;18,4;69,3;63;null;
2016-09-29;5,4;7,5;0;26,3;22,6;16,8;79;70;null;
2016-09-30;1;0;6,8;20,8;18,7;17;90,3;79;null;
2016-10-01;2,4;0;4,6;23,7;20,4;16,8;82,3;72;null;
2016-10-02;1,6;0;5;23,3;20,3;17,8;86;80;null;
2016-10-03;2;5,5;0;28,3;23,9;18,8;69,8;59;null;
2016-10-04;5;0;19,2;23,5;20;18,2;91,8;71;null;
2016-10-05;1,2;5,7;3,3;24,9;21,8;18,2;83;81;null;
2016-10-06;2;1,2;,8;24,7;20;17,8;83,3;61;null;
2016-10-07;2,2;10,8;5,4;25,3;22,2;17,8;72;68;null;
2016-10-08;3,6;7,4;0;26,7;21,6;16,8;81,8;70;null;
2016-10-09;2,5;9,2;0;27,1;23,6;18,4;77,5;76;null;
2016-10-10;2,9;0;,8;24,7;21,5;19,8;75;71;null;
2016-10-11;1,6;6,4;0;27,7;22,3;16,8;76,8;55;null;
2016-10-12;4,8;10,8;0;30,5;24,6;18,9;71;65;null;
2016-10-13;4,6;10,8;0;34,4;26,5;20;59;38;null;
2016-10-14;3,4;1,4;0;32,7;26,8;22,2;64,8;61;null;
2016-10-15;5,4;1;0;30,3;25,3;21,8;82,5;64;null;
2016-10-16;1,8;null;0;34,3;27,4;22,4;70,5;57;null;
2016-10-17;3,2;7,8;0;32,3;27,6;22,4;69,8;62;null;
2016-10-18;2,8;5,6;0;29,7;25,3;23,3;87;70;null;
2016-10-19;1,8;8,1;0;29,1;25,9;22,4;76,5;78;null;
2016-10-20;2,2;7,7;0;34,9;27,3;22,8;81,3;69;null;
2016-10-21;2,4;1,8;0;29,3;25,7;23,2;86,8;83;null;
2016-10-22;1;2,6;4,2;25,9;22,8;21;85,5;75;null;
2016-10-23;1,1;0;0;23,9;22,4;19,8;71,5;65;null;
2016-10-24;1,3;6,5;0;31,7;25,1;19,8;72,5;67;null;
2016-10-25;,6;1,5;0;30,1;24,7;21,8;83,5;72;null;
2016-10-26;1,4;8,5;0;31,7;27,3;22;66,5;61;null;
2016-10-27;1,6;7,6;0;33,7;25,9;22,2;80,3;57;null;
2016-10-28;1,4;0;3,7;25,7;22,4;19,1;74,8;71;null;
2016-10-29;1,4;5,1;5,4;25,7;21,5;18,2;78,3;57;null;
2016-10-30;1,2;0;0;25,9;22,2;19;70,5;63;null;
2016-10-31;2,1;11,4;0;29,1;23;16,2;62,8;54;null;
2016-11-01;6,2;11,4;0;33,9;27,3;17;53,8;38;null;
2016-11-02;8;10,6;0;35,1;29;21;56,5;39;null;
2016-11-03;9,6;7,6;0;28,2;25,2;23,2;86,5;69;null;
2016-11-04;1,5;0;20,4;24,1;21,6;20,3;97,8;94;null;
2016-11-05;,7;0;20,4;23,9;22,1;20,7;92,5;98;null;
2016-11-06;2,1;0;34,6;27,9;24,4;20,8;80,8;72;null;
2016-11-07;null;null;null;null;null;null;null;88;null;
2016-11-08;5,4;10,4;0;31,3;25,2;20;81,5;70;null;
2016-11-09;2,8;11,1;0;33,3;27,1;20,2;66,8;54;null;
2016-11-10;5,2;11,3;0;35,9;28,2;22,2;64,5;61;null;
2016-11-11;5,6;10,1;0;30,3;26,9;23;72,3;64;null;
2016-11-12;4;0;3,4;27,9;24,4;22;87,8;78;null;
2016-11-13;1;0;6,4;23,7;22,6;21,6;93;91;null;
2016-11-14;,4;0;15;23,7;22,1;21,4;94;89;null;
2016-11-15;2,4;6,7;25,4;29,3;24,3;20,8;83;74;null;
2016-11-16;,2;0;0;26,1;24;21,4;87;82;null;
2016-11-17;2;6,6;0;28,3;24,8;22;82,8;77;null;
2016-11-18;4,8;0;43,2;26,3;22,9;19,9;80,8;82;null;
2016-11-19;5,8;11,2;6,1;26,1;21;18,8;75;64;null;
2016-11-20;4,2;11;0;24,9;20,7;15,1;62,8;55;null;
2016-11-21;5,2;9,1;0;28,3;23,2;16,4;69,3;52;null;
2016-11-22;4,4;5,7;0;29,3;24,9;20,8;80;61;null;
2016-11-23;2,6;,5;0;26,1;24;21,8;82,3;80;null;
2016-11-24;2;0;0;30,9;25,4;21,9;80,3;78;null;
2016-11-25;3,2;10,6;0;28,1;24,7;19,6;71,5;59;null;
2016-11-26;4;5,6;0;29,8;24,5;20,8;79;72;null;
2016-11-27;3,3;11,8;0;31,3;26,2;20;65,5;47;null;
2016-11-28;4,5;10,3;0;33,1;28;21;73,8;64;null;
2016-11-29;5,2;6,1;0;29,3;26;23,8;89,5;80;null;
2016-11-30;3;0;2,2;24,9;22,8;21,4;89;74;null;
2016-12-01;4,2;3,7;0;26,9;22,5;18,2;74,8;65;null;
2016-12-02;3,8;4,7;0;28,1;24,7;20,8;70,3;63;null;
2016-12-03;4;7,4;0;32,7;26,5;20,2;73;66;null;
2016-12-04;4;1,6;14,2;32,3;26,8;22,4;68;54;null;
2016-12-05;3,6;0;,5;26,3;22,7;20,8;85,8;72;null;
2016-12-06;2,8;11,4;0;28,3;23,3;19,4;79;61;null;
2016-12-07;4,1;11,6;0;29,1;24,8;17,8;72,5;68;null;
2016-12-08;3,1;10,8;0;32,3;26,9;19,6;77,5;66;null;
2016-12-09;5,8;4,6;11,4;30,1;27;23,4;83;81;null;
2016-12-10;2,8;0;0;30,3;26,6;23,8;86;74;null;
2016-12-11;3,2;7,4;0;33,7;29,4;23,8;72,8;67;null;
2016-12-12;4;7,9;0;31,5;27,7;24,4;82,3;70;null;
2016-12-13;2,8;3,4;4,2;30,3;27,3;24,2;87,3;84;null;
2016-12-14;2,2;0;6,8;30,1;25,5;23,2;89;89;null;
2016-12-15;3,8;0;7,7;24,2;20,7;18,9;89;84;null;
2016-12-16;1,2;0;9,1;25,9;22,4;18,4;84,3;83;null;
2016-12-17;1;0;5,6;24,7;22,1;19,4;92,5;82;null;
2016-12-18;,8;8,2;38,6;30,1;25,4;20,2;80,5;70;null;
2016-12-19;6,2;5,6;0;33,7;27,2;21,2;66,3;54;null;
2016-12-20;4;12,2;0;35,1;28,6;21,8;57;47;null;
2016-12-21;6,6;12;0;32,3;28,3;22,4;71,3;56;null;
2016-12-22;5,4;11;0;33,7;27,2;22,2;65,3;53;null;
2016-12-23;4,8;5,7;0;32,3;27,8;22,6;79;73;null;
2016-12-24;6,4;3,3;0;32,7;28,2;24,9;60,8;57;null;
2016-12-25;5;11,8;0;31,9;28;22,2;68,3;62;null;
2016-12-26;1,6;11,9;0;33,7;28,1;21,9;76;67;null;
2016-12-27;5,2;11,3;0;37,3;31,7;25,2;59;43;null;
2016-12-28;4,8;11,3;0;35,3;31;25,4;64;51;null;
2016-12-29;4;10;0;32,9;28,8;24,8;72;64;null;
2016-12-30;5,8;8,5;0;36,1;28,7;24,9;80,3;69;null;
2016-12-31;4,6;11,6;0;36,9;31,5;23,2;57;61;null;
2017-01-01;null;null;0;37,3;null;null;null;53;null;
2017-01-02;null;null;0;34,7;null;null;null;null;null;
2017-01-03;null;null;0;32,9;null;null;null;null;null;
2017-01-04;null;null;0;null;null;null;null;null;null;
2017-01-05;null;null;0;37,7;null;null;null;null;null;
2017-01-06;null;null;0;32,1;null;null;null;null;null;
2017-01-07;null;null;0;33,7;null;null;null;null;null;
2017-01-08;null;null;3,8;32,7;null;null;null;null;null;
2017-01-09;null;null;null;null;null;null;null;null;null;
2017-01-10;null;null;0;36,2;null;null;null;null;null;
2017-01-11;null;null;0;33,7;null;null;null;null;null;
2017-01-12;null;null;0;32,3;null;null;null;null;null;
2017-01-13;null;null;68,1;null;null;null;null;null;null;
2017-01-14;null;null;33,4;30,3;null;null;null;null;null;
2017-01-15;null;null;0;31,2;null;null;null;null;null;
2017-01-16;null;null;0;null;null;null;null;null;null;
2017-01-17;null;null;0;35,7;null;null;null;null;null;
2017-01-18;null;null;0;37,3;null;null;null;null;null;
2017-01-19;null;null;0;30,7;null;null;null;null;null;
2017-01-20;null;null;0;30,7;null;null;null;null;null;
2017-01-21;null;null;0;30,7;null;null;null;null;null;
2017-01-22;null;null;0;33,7;null;null;null;null;null;
2017-01-23;null;null;0;33,8;null;null;null;null;null;
2017-01-24;null;null;0;35,3;null;null;null;null;null;
2017-01-25;null;null;0;38,5;null;null;null;null;null;
2017-01-26;null;null;0;37,3;null;null;null;null;null;
2017-01-27;null;null;0;35,7;null;null;null;null;null;
2017-01-28;null;null;0;null;null;null;null;null;null;
2017-01-29;null;null;0;null;null;null;null;null;null;
2017-01-30;null;null;0;32,3;null;null;null;null;null;
2017-01-31;null;null;0;31,7;null;null;null;null;null;
2017-02-01;null;null;null;null;null;null;null;null;null;
2017-02-02;null;null;null;null;null;null;null;null;null;
2017-02-03;null;null;null;null;null;null;null;null;null;
2017-02-04;null;null;null;null;null;null;null;null;null;
2017-02-05;null;null;null;null;null;null;null;null;null;
2017-02-06;null;null;null;null;null;null;null;null;null;
2017-02-07;null;null;null;null;null;null;null;null;null;
2017-02-08;null;null;null;null;null;null;null;null;null;
2017-02-09;null;null;null;null;null;null;null;null;null;
2017-02-10;null;null;null;null;null;null;null;null;null;
2017-02-11;null;null;null;null;null;null;null;null;null;
2017-02-12;null;null;null;null;null;null;null;null;null;
2017-02-13;null;null;null;null;null;null;null;null;null;
2017-02-14;null;null;null;null;null;null;null;null;null;
2017-02-15;null;null;null;null;null;null;null;null;null;
2017-02-16;null;null;null;null;null;null;null;null;null;
2017-02-17;null;null;null;null;null;null;null;null;null;
2017-02-18;null;null;null;null;null;null;null;null;null;
2017-02-19;null;null;null;null;null;null;null;null;null;
2017-02-20;null;null;null;null;null;null;null;null;null;
2017-02-21;null;null;null;null;null;null;null;null;null;
2017-02-22;null;null;null;null;null;null;null;null;null;
2017-02-23;null;null;null;null;null;null;null;null;null;
2017-02-24;null;null;null;null;null;null;null;null;null;
2017-02-25;null;null;null;null;null;null;null;null;null;
2017-02-26;null;null;null;null;null;null;null;null;null;
2017-02-27;null;null;null;null;null;null;null;null;null;
2017-02-28;null;null;null;null;null;null;null;null;null;
2017-03-01;6;3,1;0;36;29,9;22,8;54,8;42;null;
2017-03-02;4,8;8,6;0;33,5;27,2;23,8;83,8;65;null;
2017-03-03;11;7,6;2,8;35,3;28,5;23,2;72;46;null;
2017-03-04;4,8;8;0;34,3;29,6;24,2;65,5;59;null;
2017-03-05;7,4;9,3;0;33,3;29,3;25;66;55;null;
2017-03-06;6,2;2,5;0;31,9;26,8;23,4;83;69;null;
2017-03-07;3,2;7,2;3,8;30,9;26,8;23,4;85;74;null;
2017-03-08;2,4;5,8;0;30,3;27,1;24,2;75,8;66;null;
2017-03-09;2,8;6,7;0;33,3;28,3;23,8;69,3;65;null;
2017-03-10;6,8;9,8;0;36,3;30,1;23;54,3;47;null;
2017-03-11;5,6;8,8;0;36,3;28,6;24,4;79,5;60;null;
2017-03-12;2,6;null;0;33,7;28,9;23;61,8;52;null;
2017-03-13;8,8;null;0;29,9;26,8;25;84,8;58;null;
2017-03-14;2,2;null;12,8;29,7;26,2;23,2;91,3;83;null;
2017-03-15;2;null;1,8;31,3;27;22,8;75,5;64;null;
2017-03-16;4,8;null;0;34,5;28,8;23;58,8;42;null;
2017-03-17;6,4;null;0;35,1;28,9;22,8;64,5;47;null;
2017-03-18;4;null;8,4;27,3;24,2;22,2;90;74;null;
2017-03-19;2,2;null;11,5;25,1;22,6;21,4;92,3;90;null;
2017-03-20;1;null;37,5;26,9;22,9;19,9;83,5;65;null;
2017-03-21;3,6;null;0;28,3;23,9;20,2;81,3;71;null;
2017-03-22;3;null;11,8;28,3;24,5;20,6;78,8;69;null;
2017-03-23;3;null;0;28,5;24;19,4;70,3;63;null;
2017-03-24;6,8;null;0;29,9;25,4;18,2;56,8;51;null;
2017-03-25;4,6;null;0;29,1;25,2;20,8;80;60;null;
2017-03-26;7,2;null;0;27,9;25,6;20,6;69,8;75;null;
2017-03-27;4,1;null;0;29,3;25,2;21,4;80;64;null;
2017-03-28;2,3;null;,5;28,2;24,7;21,2;72;68;null;
2017-03-29;2,6;null;1,5;28,3;24;19,4;71;61;null;
2017-03-30;4;null;1,1;26,9;23,5;20,1;78,8;71;null;
2017-03-31;2,8;null;10,6;26,9;23,6;19,9;76,8;61;null;
2017-04-01;4,6;null;14,4;26,3;22;19,2;87,5;71;null;
2017-04-02;2,4;null;17,4;27,1;23,7;19,6;79;74;null;
2017-04-03;3,6;null;0;28,2;23,4;20;80,5;68;null;
2017-04-04;2,8;null;0;29,5;24,7;19,1;82,3;64;null;
2017-04-05;4;null;0;34,7;27,2;19;67;56;null;
2017-04-06;6,2;null;0;36,1;28,5;22,4;68;43;null;
2017-04-07;6;null;0;30,1;27,4;23,4;78;78;null;
2017-04-08;4,2;null;1,2;30,3;26,8;24,8;88,3;75;null;
2017-04-09;2,6;null;0;29,9;26,7;23,8;81,5;76;null;
2017-04-10;,6;null;0;29,7;25,8;22,8;80;68;null;
2017-04-11;3,6;null;0;32,9;28;22,2;66,8;62;null;
2017-04-12;4,2;null;0;29,7;25,8;22,4;81,8;70;null;
2017-04-13;1,8;null;27,4;24,9;22,1;20,2;95,3;82;null;
2017-04-14;1;null;1,4;27,1;23,9;20,2;82;74;null;
2017-04-15;1,6;null;0;29,3;25;19,4;72,5;69;null;
2017-04-16;3;null;0;29,8;25,6;19,4;73,3;62;null;
2017-04-17;3,2;null;0;28,5;25,2;21,8;75,3;73;null;
2017-04-18;4,2;null;,8;27,3;24,5;20,8;67,8;68;null;
2017-04-19;6,2;null;0;27,3;24;19,4;67,8;64;null;
2017-04-20;6,8;null;0;28,7;23,2;17;67,3;59;null;
2017-04-21;4,8;null;0;32,5;27,3;18,2;56,8;55;null;
2017-04-22;7,2;null;0;22,4;21,6;19,1;87;56;null;
2017-04-23;,5;null;10;23,7;22,1;20,8;89,8;87;null;
2017-04-24;2;null;14,6;26,7;22,9;18,2;77,5;72;null;
2017-04-25;1,6;null;0;29;23,4;17,4;80;68;null;
2017-04-26;3,5;null;0;33,1;27,7;18,9;65;70;null;
2017-04-27;7;null;0;28,5;23,8;21;86,3;59;null;
2017-04-28;3,2;null;26;23,7;21,5;19,4;82,5;77;null;
2017-04-29;2,6;null;0;23,9;22;18,9;82,3;68;null;
2017-04-30;1,4;null;0;25,3;21,8;19,2;86;85;null;
2017-05-01;3;6,8;0;26,7;22,6;17,4;73;66;null;
2017-05-02;5,4;2,8;0;25,1;20,6;16,8;84,3;75;null;
2017-05-03;1;10,2;0;26,3;21,4;15,2;81,8;66;null;
2017-05-04;2,6;9,8;0;27,6;23,2;16,8;78,5;65;null;
2017-05-05;3;3,9;0;26,9;23;18,4;82,3;74;null;
2017-05-06;1,4;,9;2,6;24,9;21,3;19,4;92;85;null;
2017-05-07;1,4;9,6;0;25,9;23,6;19,9;80,5;75;null;
2017-05-08;1,4;6,9;3,8;26,1;22,2;19,4;85,5;76;null;
2017-05-09;1,5;9,3;0;28,3;22,3;17,8;90,8;76;null;
2017-05-10;2;9,5;0;26,9;23,8;19,4;77;65;null;
2017-05-11;,8;4,2;2,8;25,9;21,2;17,8;79,3;68;null;
2017-05-12;1;10;0;null;null;16,4;70,5;67;null;
2017-05-13;2,3;9,9;0;null;null;14,5;76,5;65;null;
2017-05-14;7,2;4,2;0;null;null;19,9;64,5;55;null;
2017-05-15;7,4;9,4;0;null;null;19,8;85,8;68;null;
2017-05-16;4;8,2;0;null;null;18,4;81,3;60;null;
2017-05-17;3,4;1,9;0;null;null;16;82,8;77;null;
2017-05-18;2,8;1,2;0;null;null;19,6;72,5;76;null;
2017-05-19;null;null;null;null;null;null;null;63;null;
2017-05-20;3;0;8,6;null;null;18,4;93,3;88;null;
2017-05-21;2,4;0;0;null;null;21;83;78;null;
2017-05-22;4;,2;,6;null;null;20,4;87,8;81;null;
2017-05-23;1;9,3;3,5;null;null;16,8;82,3;75;null;
2017-05-24;2;9,1;0;null;null;15,1;74;78;null;
2017-05-25;1,9;9,5;0;null;null;17,4;67,8;62;null;
2017-05-26;3,1;8,2;0;null;null;17,8;75,8;61;null;
2017-05-27;6;6,2;0;null;null;18,2;73,5;76;null;
2017-05-28;1,2;3,9;0;null;null;18,4;89,8;71;null;
2017-05-29;1,2;8;0;null;null;17,8;91,3;89;null;
2017-05-30;3,7;2,5;0;null;null;17,6;89,8;84;null;
2017-05-31;2,9;9,5;0;null;null;17,4;75;76;null;
2017-06-01;2,4;9,2;0;null;null;16,4;85,3;63;null;
2017-06-02;4,8;4,2;0;null;null;17,8;78,5;75;null;
2017-06-03;4;7,1;0;null;null;16;73,3;71;null;
2017-06-04;2,2;9,9;0;null;null;16,2;78;71;null;
2017-06-05;3,4;,1;0;null;null;18,4;69,5;60;null;
2017-06-06;4,2;0;0;null;null;19,6;79;75;null;
2017-06-07;3;8,9;0;null;null;19,9;69,3;68;null;
2017-06-08;4,8;7,8;0;null;null;19,8;68,3;52;null;
2017-06-09;5,4;9,3;0;null;null;19,4;80;70;null;
2017-06-10;4,8;0;14,8;null;null;14,4;74,5;71;null;
2017-06-11;2,8;9,5;0;null;null;11;82,5;77;null;
2017-06-12;2;3,1;0;null;null;15,1;89,8;80;null;
2017-06-13;1,4;1,2;0;null;null;17,4;91;85;null;
2017-06-14;1;1,6;21,6;null;null;19,8;85,5;87;null;
2017-06-15;3;9,7;2,6;null;null;17,7;73,3;75;null;
2017-06-16;4,4;6,5;0;null;null;16,4;81,8;64;null;
2017-06-17;3,2;9,3;0;null;null;15,2;82,5;74;null;
2017-06-18;2;9,9;0;null;null;16,2;61,8;43;null;
2017-06-19;3,6;7,4;0;null;null;18,8;71,8;51;null;
2017-06-20;1,4;1,4;27,2;null;null;18,8;79,8;87;null;
2017-06-21;1,6;0;64,6;null;null;16,4;88,8;72;null;
2017-06-22;1,2;5,6;9,6;null;null;17,8;90,3;81;null;
2017-06-23;,8;3,1;3,8;null;null;16,8;85;88;null;
2017-06-24;,8;1,4;0;null;null;16,8;83,3;77;null;
2017-06-25;,8;9,6;2,4;null;null;15;69,3;65;null;
2017-06-26;2,6;5;0;null;null;14;90,3;65;null;
2017-06-27;1,6;6,7;0;null;null;13,1;82,5;74;null;
2017-06-28;2;9,9;0;null;null;16,2;65,8;71;null;
2017-06-29;3;9,9;0;null;null;15,8;71,5;58;null;
2017-06-30;null;null;null;null;null;null;null;64;null;
2017-07-01;null;null;null;null;null;null;null;null;null;
2017-07-02;null;null;null;null;null;null;null;null;null;
2017-07-03;null;null;null;null;null;null;null;null;null;
2017-07-04;null;null;null;null;null;null;null;null;null;
2017-07-05;null;null;null;null;null;null;null;null;null;
2017-07-06;null;null;null;null;null;null;null;null;null;
2017-07-07;null;null;null;null;null;null;null;null;null;
2017-07-08;null;null;null;null;null;null;null;null;null;
2017-07-09;null;null;null;null;null;null;null;null;null;
2017-07-10;null;null;null;null;null;null;null;null;null;
2017-07-11;5,8;10;0;null;null;13,5;83,8;77;null;
2017-07-12;4;6,7;0;null;null;16,2;76,3;86;null;
2017-07-13;1,2;6,3;0;null;null;15,8;89,8;61;null;
2017-07-14;3,2;10;0;null;null;14,3;89,8;76;null;
2017-07-15;1,8;7,2;0;null;null;15,1;79,3;86;null;
2017-07-16;2,2;9,5;0;null;null;14,9;88,5;72;null;
2017-07-17;1,2;9,9;0;null;null;11,9;65,5;64;null;
2017-07-18;3;1,4;0;22,8;19;16;88,3;62;null;
2017-07-19;,4;0;7,2;18,8;17;16;95;89;null;
2017-07-20;1,4;7,4;3,5;23,1;18,4;15,1;91,5;81;null;
2017-07-21;1,4;9,7;0;25,1;21,1;14,5;73,5;76;null;
2017-07-22;3,8;4,5;0;23,9;20,9;16,2;86;68;null;
2017-07-23;3;9,9;0;25,9;21,3;15,8;73,5;69;null;
2017-07-24;3;10;0;28,3;21,9;15;75,8;64;null;
2017-07-25;4,2;9,9;0;25,9;21,2;16,8;78;71;null;
2017-07-26;2,8;9,8;0;27,3;22,4;14,3;68,5;64;null;
2017-07-27;3,4;10;0;27,3;19,7;12,9;80;62;null;
2017-07-28;6,2;9;0;26,3;21,1;13,1;71,5;69;null;
2017-07-29;4,4;10;0;26,1;23,4;18;60,8;56;null;
2017-07-30;3,8;null;0;26,3;22,6;16,2;67,8;60;null;
2017-07-31;,6;9,2;0;27,6;23,1;16,4;53,3;56;null;
2017-08-01;3,8;8,1;0;26;20,2;15,2;69;50;null;
2017-08-02;5,4;10,1;0;29,9;23,9;14,3;55,5;37;null;
2017-08-03;1,2;9,3;0;33,5;24,8;17,4;62,8;52;null;
2017-08-04;7,4;3;1,6;23,1;20,6;17,8;76,3;72;null;
2017-08-05;4,6;7,6;5,8;24,3;20,2;18,4;84,3;74;null;
2017-08-06;2,2;8,8;0;23,7;19,6;14;78,3;71;null;
2017-08-07;2,6;10,5;0;26,3;18,5;11,3;82,3;68;null;
2017-08-08;4,6;10,2;0;31,7;23,5;11,5;54,5;43;null;
2017-08-09;11,1;7,5;0;35,3;27,2;19,4;54,5;38;null;
2017-08-10;4,8;,9;0;26,8;22,1;20,3;77;61;null;
2017-08-11;3,6;0;4,5;23,3;20,4;17,2;81,8;76;null;
2017-08-12;1,4;5,1;0;24,9;21,1;16,8;70,5;70;null;
2017-08-13;4,4;9;0;27,3;22,8;13,9;61;63;null;
2017-08-14;3,8;7,2;0;27,1;22,4;16;78,3;56;null;
2017-08-15;4;0;2,4;24,9;21;18,8;90,3;83;null;
2017-08-16;1;1,5;3,6;23;20,4;17,4;86,8;85;null;
2017-08-17;1,2;0;5,7;23,5;20;18;95,3;86;null;
2017-08-18;2,6;0;3;22;20,5;19,4;92,8;91;null;
2017-08-19;1,2;5,2;3,6;26,3;21,6;18,4;83,3;78;null;
2017-08-20;3,8;0;0;26,9;24;18,6;77,5;68;null;
2017-08-21;1,8;0;18,6;26,9;21,1;16,8;76,8;81;null;
2017-08-22;3,2;,3;8;22,4;18,7;16,8;77,8;67;null;
2017-08-23;2,6;2,2;0;23;20,4;16,4;69;66;null;
2017-08-24;5;6,5;0;26,3;21,6;18,4;66,8;65;null;
2017-08-25;4,6;10,7;0;26,3;20,5;13,5;65,5;67;null;
2017-08-26;4;10,6;0;26,3;20,8;13,5;69,8;58;null;
2017-08-27;3,8;10,4;0;27,3;21,2;11,5;69,5;64;null;
2017-08-28;6,6;10,2;0;23,7;18,9;14;84,3;69;null;
2017-08-29;2;10,2;0;24,8;20,2;14,5;83,8;78;null;
2017-08-30;3,8;10,5;0;29,3;23,5;15,1;63;59;null;
2017-08-31;4,8;0;0;23,8;21;18,4;86,3;66;null;
2017-09-01;4,6;4,2;8,3;23,7;20,2;18,4;83;66;null;
2017-09-02;4,4;6,9;0;24,9;20,5;15,8;78,5;69;null;
2017-09-03;7,2;10,7;0;27,7;21,4;15,8;74,3;53;null;
2017-09-04;9;10,4;0;30,1;22,4;15,2;65,8;55;null;
2017-09-05;5,4;10,6;0;28,7;22,3;15,4;63,5;46;null;
2017-09-06;7;10,2;0;23,9;19,9;13,5;78,3;79;null;
2017-09-07;2;8,6;0;23,7;20;16;77,5;77;null;
2017-09-08;3;10,6;0;28,9;22,7;14,5;61,5;58;null;
2017-09-09;5;7,9;0;30,5;23,4;15,4;72,5;58;null;
2017-09-10;6;6,9;0;31,7;23,5;18;80,5;57;null;
2017-09-11;8,8;10,6;0;33,3;25,7;19,1;59;48;null;
2017-09-12;8,2;10,5;0;32,3;24,2;18,2;68;54;null;
2017-09-13;6;10,6;0;26,1;22;17;77;68;null;
2017-09-14;4;10,6;0;36,3;26,2;17,4;59;50;null;
2017-09-15;6,2;10,6;0;34,3;27;17;55;44;null;
2017-09-16;7,4;7,5;0;26,3;22,2;18,2;87,5;64;null;
2017-09-17;3,6;10,7;0;32,3;26;17,4;71;62;null;
2017-09-18;4,8;7,3;0;26,7;22;17,4;84,8;77;null;
2017-09-19;5,2;10,3;0;26,7;22,9;17;72,3;71;null;
2017-09-20;5,6;10,7;0;31,7;25,8;17,4;56;51;null;
2017-09-21;7,2;10,6;0;30,7;23,8;18,8;68,8;55;null;
2017-09-22;5,8;10;0;31,3;25,9;17,4;54,5;52;null;
2017-09-23;null;null;null;null;null;null;null;56;null;
2017-09-24;null;null;null;null;null;null;null;null;null;
2017-09-25;10;1,9;null;28,8;22,5;15,2;69;63;null;
2017-09-26;6,4;10;0;31,3;24;18,8;67,8;55;null;
2017-09-27;8,8;10,2;0;32,3;25;19;71,3;54;null;
2017-09-28;6,8;10;0;25,9;22,4;19;84;81;null;
2017-09-29;3,8;4,7;0;25,5;22,2;18,4;94;79;null;
2017-09-30;2;0;0;24,3;22,8;19,6;77;83;null;
2017-10-01;4,2;10,9;4,6;29,2;24,7;19,6;72;60;null;
2017-10-02;8,2;2,8;0;37;28,2;21;67,8;42;null;
2017-10-03;5;0;6,5;25,7;22,5;20,2;82,8;78;null;
2017-10-04;1;0;2,6;23,7;21,5;18,6;72,3;74;null;
2017-10-05;2,6;10,8;0;30,9;24,1;16,8;71,8;61;null;
2017-10-06;5;10,9;0;33,3;27,1;19;69;58;null;
2017-10-07;4,8;3,9;0;27,7;23,4;20,8;79,3;67;null;
2017-10-08;3;9;0;31,7;25,9;19,4;66,8;53;null;
2017-10-09;9,4;10,6;0;32,9;27,4;21,4;60,8;53;null;
2017-10-10;6,8;10,8;0;33,7;25,8;19,9;69;48;null;
2017-10-11;5,8;10,8;0;32,7;26,6;19,9;64,8;57;null;
2017-10-12;5,8;10,9;0;29,3;26,5;21;69,3;65;null;
2017-10-13;3,2;10,5;0;27,7;24,1;19,9;79;66;null;
2017-10-14;2,4;6,4;0;28,9;24,8;20,2;76,3;48;null;
2017-10-15;2,6;0;2,4;24,5;22,6;20,8;82,8;84;null;
2017-10-16;1;0;,6;23,9;21,8;19,2;77,8;70;null;
2017-10-17;3;10,5;0;28,1;24,7;20,8;69,5;68;null;
2017-10-18;5,1;11,3;0;34,9;27,7;19,2;59,5;47;null;
2017-10-19;5,9;10,7;0;35,1;27,4;20;55;40;null;
2017-10-20;12;9,6;0;27,3;24,7;20;87;67;null;
2017-10-21;3;0;0;27,1;24,1;21,8;88,5;81;null;
2017-10-22;2;1,1;0;29,5;25,4;21,4;75,3;68;null;
2017-10-23;3;0;28,6;25,3;21;19;96,5;79;null;
2017-10-24;3;0;20,4;24,1;21,1;17,8;88,5;84;null;
2017-10-25;2;8,4;0;29,5;25;20,2;74,3;64;null;
2017-10-26;4,1;4,6;0;31,9;25,5;21;74,8;55;null;
2017-10-27;3,5;2,4;0;29,1;24,8;21,4;82,5;77;null;
2017-10-28;4;5,3;11;33,2;27,7;20,8;63,8;52;null;
2017-10-29;4;2,4;0;27,5;25;21,2;76;61;null;
2017-10-30;4,1;5,2;7,3;28,3;24,9;20,2;83,3;78;null;
2017-10-31;1,9;0;0;26,1;23,4;21,8;88;87;null;
2017-11-01;4;5,5;0;25,9;23,3;20,8;69,5;70;null;
2017-11-02;6,8;11,2;0;25,9;22,2;17;71,3;56;null;
2017-11-03;null;null;null;null;null;null;null;68;null;
2017-11-04;2,2;6,2;0;34,3;28,2;17,2;57,5;53;null;
2017-11-05;6,4;0;0;29,2;24,6;22,4;87;62;null;
2017-11-06;4;0;1,6;24,7;22,7;20,2;80,3;81;null;
2017-11-07;1,6;3;0;25,3;22,3;18,4;78;62;null;
2017-11-08;5;1,8;0;26,7;23,1;19,8;76,8;71;null;
2017-11-09;4,6;1,9;0;30,9;24,7;18,4;70,3;65;null;
2017-11-10;6,8;11,1;0;35;28,3;19,4;59,5;48;null;
2017-11-11;1,2;0;3,2;28,8;22,4;19,2;89,8;62;null;
2017-11-12;1,6;11,5;15,2;29,9;23,8;20,2;63,8;41;null;
2017-11-13;6,3;11,4;0;26,1;21,7;15,6;81;69;null;
2017-11-14;5,2;11,5;0;25,9;21,7;16,2;72,8;63;null;
2017-11-15;6,8;11,7;0;29,7;24,6;16,8;69,8;64;null;
2017-11-16;2;11,7;0;35,3;28,1;17;71;59;null;
2017-11-17;6,6;11,7;0;30,3;26,9;22,4;63,5;57;null;
2017-11-18;9,2;0;0;33,2;29,1;22,4;54,8;38;null;
2017-11-19;2,8;2,3;0;28,5;24,8;22;87,8;60;null;
2017-11-20;2;0;17;24,1;22,8;21,8;93,8;91;null;
2017-11-21;2,8;0;3,9;27,7;24,4;21,8;88;84;null;
2017-11-22;,6;0;0;27,3;23,8;21,3;88;87;null;
2017-11-23;2,6;0;16;28,1;22,8;16,8;72;51;null;
2017-11-24;2,4;11,5;0;28,5;23,7;15,4;70,5;65;null;
2017-11-25;3,8;11,6;0;32,7;26,3;19,4;75,8;74;null;
2017-11-26;5,8;0;0;33,3;29,2;24,6;64,5;60;null;
2017-11-27;6,2;0;0;29,9;25,9;23,9;83;67;null;
2017-11-28;3,2;0;0;26,3;23,7;22;95;89;null;
2017-11-29;6,2;10,8;1,2;27,9;24,8;20,2;62;58;null;
2017-11-30;3,6;3,1;0;28,9;23,7;17,8;77,5;62;null;
2017-12-01;4,2;0;0;26,9;23,8;19,6;80,5;70;null;
2017-12-02;3,2;8,5;0;28,3;24,1;18,6;79,8;52;null;
2017-12-03;1;6,5;5,4;28,7;24,8;20,2;85;75;null;
2017-12-04;3;11,4;0;29,1;25,4;22,2;82,8;77;null;
2017-12-05;2,6;3,1;0;28,9;25,2;22,8;76,3;76;null;
2017-12-06;3;10,3;0;29,1;24,6;18,9;78;70;null;
2017-12-07;7;3,8;0;30;25,8;22,4;75;61;null;
2017-12-08;4,8;0;0;27,3;24,8;22,6;86,8;80;null;
2017-12-09;1,6;5,2;14,4;27,7;24,2;22;86,8;76;null;
2017-12-10;4,2;null;0;28,1;25;21,4;85;74;null;
2017-12-11;1,6;8,3;0;33,3;26,8;20;73,3;68;null;
2017-12-12;3,4;0;0;26,3;23,5;22;83;72;null;
2017-12-13;3,2;6,8;0;29,7;25,1;19,4;72,8;55;null;
2017-12-14;5,6;7,4;0;30,3;25,2;21,4;75,3;59;null;
2017-12-15;5;10;0;33,7;28,6;20;59;52;null;
2017-12-16;6,6;10,5;0;32,1;27,1;20,8;70,5;62;null;
2017-12-17;4,8;11,6;0;36,3;29,5;21,8;58,5;47;null;
2017-12-18;8,2;6,6;0;32,7;27,7;24;80,8;57;null;
2017-12-19;4,2;9,4;0;31,3;27,6;23,6;69,8;56;null;
2017-12-20;5;10,8;0;32,3;28,3;22,4;59,8;53;null;
2017-12-21;5,8;6;0;32,3;27,7;23,6;76,5;66;null;
2017-12-22;2,2;2,1;7,9;27,9;25,5;21,4;83,3;75;null;
2017-12-23;3,8;10,6;0;35,3;29;23,2;64,8;54;null;
2017-12-24;7,4;11;0;36,1;30,8;22,4;55,5;50;null;
2017-12-25;11,6;6,6;0;34,3;28,2;23,6;79;51;null;
2017-12-26;3;2,6;0;29,3;26,2;23;82,3;74;null;
2017-12-27;3;3,3;0;30,9;27,2;24,2;84;81;null;
2017-12-28;2;,6;0;29,5;26,6;24,6;83,8;78;null;
2017-12-29;2,8;0;0;30,9;27,1;23,8;83,3;77;null;
2017-12-30;4;0;12;28,2;25,1;21,4;80,8;72;null;
2017-12-31;8;0;1,4;32,9;28;24,6;69,8;52;null;
2018-01-01;8;10,2;0;30,9;27,8;22,8;64,5;60;null;
2018-01-02;3,2;9;0;36,1;28,8;23,2;69,8;56;null;
2018-01-03;7,6;0;0;36,7;30,6;24,4;64,8;48;null;
2018-01-04;4,4;0;86,2;26,7;23,6;21,8;88,3;71;null;
2018-01-05;1,8;0;10,6;27,3;24,4;20,6;86,3;82;null;
2018-01-06;3,2;2,5;5,8;34,9;26,7;23;88,8;89;null;
2018-01-07;4,8;0;0;27,3;26;24,1;84,5;86;null;
2018-01-08;1,4;0;1;28,7;24,8;22,6;89,3;82;null;
2018-01-09;3,6;10,2;,8;31,1;26,4;21,4;73,3;51;null;
2018-01-10;3,4;11;0;33,1;28,4;23;69,3;64;null;
2018-01-11;7;7,3;0;33,1;28,1;22,4;69,5;63;null;
2018-01-12;4,2;1,9;0;32,3;27,7;23,2;73,3;70;null;
2018-01-13;2,6;4,2;0;33,7;27,6;23,2;77,8;66;null;
2018-01-14;6,2;6;6,2;33,7;29;23,4;68,8;65;null;
2018-01-15;4,3;0;0;33,3;25,9;20,4;79,5;57;null;
2018-01-16;3,5;4,7;38,4;34,9;27,7;20,4;67,3;50;null;
2018-01-17;6;10,9;0;32,9;28,1;21,4;73,3;72;null;
2018-01-18;5,2;11,7;0;36,3;30,4;23,8;59;51;null;
2018-01-19;6,4;10,4;0;32,9;29,3;24,4;62;55;null;
2018-01-20;6,6;10,1;0;30,9;28;23,2;75;62;null;
2018-01-21;3,8;2,8;0;29,7;26,7;23;80,5;59;null;
2018-01-22;2,4;5,7;0;33,3;28,3;24,8;76,5;73;null;
2018-01-23;2,8;10,7;0;34,3;29,3;24;66,3;63;null;
2018-01-24;4;10,7;0;33,7;29,6;23,8;61,3;50;null;
2018-01-25;8;0;0;31,9;28,7;24,8;75,3;63;null;
2018-01-26;3,2;0;7,4;28,9;26,7;23,9;81,8;72;null;
2018-01-27;3,8;0;,8;28,7;26,6;23;72,3;69;null;
2018-01-28;2;9,7;0;32,7;26,8;21;66,5;70;null;
2018-01-29;5;,2;0;31,1;26,9;20;79,3;61;null;
2018-01-30;2;5,9;6,4;28,7;23,6;21;96,3;87;null;
2018-01-31;1;6,8;19,7;28,3;24,4;21,2;83,5;74;null;
2018-02-01;null;null;null;null;null;null;null;91;null;
2018-02-02;null;null;null;null;null;null;null;null;null;
2018-02-03;null;null;null;null;null;null;null;null;null;
2018-02-04;null;null;null;null;null;null;null;null;null;
2018-02-05;null;null;null;null;null;null;null;null;null;
2018-02-06;null;null;null;null;null;null;null;null;null;
2018-02-07;null;null;null;null;null;null;null;null;null;
2018-02-08;null;null;null;null;null;null;null;null;null;
2018-02-09;null;null;null;null;null;null;null;null;null;
2018-02-10;null;null;null;null;null;null;null;null;null;
2018-02-11;null;null;null;null;null;null;null;null;null;
2018-02-12;null;null;null;null;null;null;null;null;null;
2018-02-13;null;null;null;null;null;null;null;null;null;
2018-02-14;null;null;null;null;null;null;null;null;null;
2018-02-15;null;null;null;null;null;null;null;null;null;
2018-02-16;null;null;null;null;null;null;null;null;null;
2018-02-17;null;null;null;null;null;null;null;null;null;
2018-02-18;null;null;null;null;null;null;null;null;null;
2018-02-19;null;null;null;null;null;null;null;null;null;
2018-02-20;null;null;null;null;null;null;null;null;null;
2018-02-21;null;null;null;null;null;null;null;null;null;
2018-02-22;null;null;null;null;null;null;null;null;null;
2018-02-23;null;null;null;null;null;null;null;null;null;
2018-02-24;null;null;null;null;null;null;null;null;null;
2018-02-25;null;null;null;null;null;null;null;null;null;
2018-02-26;null;null;null;null;null;null;null;null;null;
2018-02-27;null;null;null;null;null;null;null;null;null;
2018-02-28;null;null;null;null;null;null;null;null;null;
2018-03-01;null;null;null;null;null;null;null;null;null;
2018-03-02;null;null;null;null;null;null;null;null;null;
2018-03-03;null;null;null;null;null;null;null;null;null;
2018-03-04;null;null;null;null;null;null;null;null;null;
2018-03-05;null;null;null;null;null;null;null;null;null;
2018-03-06;null;null;null;null;null;null;null;null;null;
2018-03-07;null;null;null;null;null;null;null;null;null;
2018-03-08;null;null;null;null;null;null;null;null;null;
2018-03-09;null;null;null;null;null;null;null;null;null;
2018-03-10;null;null;null;null;null;null;null;null;null;
2018-03-11;10,4;7,5;12,4;29,3;26,5;23,2;75,5;77;null;
2018-03-12;2;10,9;0;34,3;26,8;23,2;76;68;null;
2018-03-13;4;3,1;0;29,8;26,5;22,8;79;69;null;
2018-03-14;2,2;10,5;0;33,7;27,6;22;70,5;71;null;
2018-03-15;3,6;6,5;18,2;34,9;30,2;23;60;57;null;
2018-03-16;4,8;5,9;0;32,3;28,8;26;78,3;59;null;
2018-03-17;5,6;0;5,4;29,9;26,5;24,9;86;74;null;
2018-03-18;2,6;10,6;0;34,9;27,5;21,6;79;70;null;
2018-03-19;3,6;10,7;0;33,6;28,2;23;72,3;61;null;
2018-03-20;4,4;9,6;0;31,3;28,4;24,8;77,3;74;null;
2018-03-21;3;3,6;,7;29,9;26,6;24,8;77,5;64;null;
2018-03-22;3;0;8,8;26,7;24,8;23;85,8;83;null;
2018-03-23;1,8;9,9;11,7;30,9;27;22,4;74,3;61;null;
2018-03-24;2;10,8;0;33,3;28;22,2;62;48;null;
2018-03-25;5,4;10,9;0;35,1;30,1;22;49,5;47;null;
2018-03-26;8,8;10,7;0;33,1;27,7;22,4;67;49;null;
2018-03-27;4,8;10,1;0;31,9;27,2;22,8;71;64;null;
2018-03-28;4,8;10,7;0;31,3;26,6;22;71,8;65;null;
2018-03-29;4,6;10,6;0;31,9;27,4;22;65,8;60;null;
2018-03-30;5,2;10,3;0;30,9;26,3;21,8;69,3;61;null;
2018-03-31;5,2;10,2;0;31,3;27,4;21;73;66;null;
2018-04-01;5,2;9,8;0;33,3;28,3;21,2;67,3;57;null;
2018-04-02;4,6;9,8;0;33,9;28,2;23,2;73,8;55;null;
2018-04-03;4,4;null;2,2;32,7;28,3;23,6;72,8;67;null;
2018-04-04;null;null;3,6;null;null;null;null;77;null;
2018-04-05;2,6;5,8;6,4;29,3;26;21,2;76,5;75;null;
2018-04-06;2,4;5,5;1,8;29,2;25,6;21,7;83,3;75;null;
2018-04-07;3,2;8,7;0;28,9;25,4;22;82,3;79;null;
2018-04-08;3,4;7,4;0;29,1;25,3;21;78,5;67;null;
2018-04-09;2,5;9,5;0;29,3;24,6;19,2;81,8;73;null;
2018-04-10;4,2;10,4;0;29,7;24,8;19,4;71,3;67;null;
2018-04-11;4;9,3;0;29,1;25,5;18,4;71,3;68;null;
2018-04-12;2,2;9,6;0;32,3;26,8;21,2;74,3;69;null;
2018-04-13;2,8;10,4;0;31,9;27,1;21,2;72;64;null;
2018-04-14;3,6;0;0;29,3;25,6;22,3;79,8;80;null;
2018-04-15;1,6;null;2;26,7;23,7;22;91,3;77;null;
2018-04-16;,6;null;7,3;26,9;24,2;20,8;79;71;null;
2018-04-17;2;null;1,2;27,3;22,2;18,4;78,8;67;null;
2018-04-18;3;null;0;26,9;22,9;16,4;70;68;null;
2018-04-19;3;null;0;27,9;23,9;17;64,8;58;null;
2018-04-20;2,8;null;0;28,7;23,5;16,8;74;61;null;
2018-04-21;3,4;null;0;28,5;24,5;19,4;73;70;null;
2018-04-22;3,8;null;0;29,3;24,4;17;69,3;54;null;
2018-04-23;2,4;null;0;28,1;23,8;17,4;74,5;68;null;
2018-04-24;2,6;null;0;27,9;24,4;20,4;77,3;72;null;
2018-04-25;2;null;0;27,6;24,5;20;84;80;null;
2018-04-26;1,6;null;0;28,3;24,6;19,9;81;74;null;
2018-04-27;1,2;null;0;30,3;25,3;20,8;83;73;null;
2018-04-28;3;null;0;30,9;26;19;65,8;61;null;
2018-04-29;2,8;null;0;29,8;25,7;17,4;65,8;60;null;
2018-04-30;4;null;0;30,3;25,6;16,4;66,5;45;null;
2018-05-01;5,4;null;0;31,7;26,8;19,2;59,5;47;null;
2018-05-02;1,6;null;0;28,1;25,2;20,4;72,3;59;null;
2018-05-03;2,2;null;1,6;28,1;24,7;21;78,5;70;null;
2018-05-04;2,8;null;0;31,7;26,7;19,2;63,5;63;null;
2018-05-05;3;null;0;29,9;25,6;19,4;69;58;null;
2018-05-06;3,2;null;0;27,5;24,4;20,2;83,3;72;null;
2018-05-07;1,2;null;0;26,9;23,6;20;85;72;null;
2018-05-08;1,6;null;18,4;25,9;21,7;20,2;86;62;null;
2018-05-09;1,4;null;0;27,3;23,5;19,4;70,3;62;null;
2018-05-10;2,8;null;0;28,7;22,7;17,4;69;52;null;
2018-05-11;3,8;null;0;30,9;25,2;16,2;62,5;54;null;
2018-05-12;7,4;null;0;34,9;27,3;20;69;50;null;
2018-05-13;5,4;null;14,8;26,2;24,2;22,1;87;77;null;
2018-05-14;1,2;null;0;26,7;22,2;20;82;69;null;
2018-05-15;3;null;0;30,7;26,5;22,4;66,8;53;null;
2018-05-16;4;null;0;33,3;27,8;19,8;56;48;null;
2018-05-17;3,8;null;1,4;28,5;24,1;20,8;83;60;null;
2018-05-18;1,2;null;0;30,5;24,2;18,2;78;62;null;
2018-05-19;4,8;null;0;34,3;25,8;20,4;72,5;56;null;
2018-05-20;3,4;null;17,8;24,1;20,7;17,4;69,5;61;null;
2018-05-21;5,3;null;0;24,5;18,8;15,2;72,3;55;null;
2018-05-22;4,7;null;0;24,3;18,9;12,5;77,5;64;null;
2018-05-23;2;null;0;24,3;21,2;16,4;84;81;null;
2018-05-24;,8;null;0;24,5;21,6;17;82,5;78;null;
2018-05-25;2;null;0;24,7;21,3;16;78,8;82;null;
2018-05-26;2,2;null;1,8;27,3;22,7;17,4;74;67;null;
2018-05-27;3;null;0;25,7;19,9;15;76;61;null;
2018-05-28;4,8;null;0;24,9;20,5;15,1;80,5;83;null;
2018-05-29;,4;null;0;28,3;22,3;15,1;66;64;null;
2018-05-30;3;null;0;24,9;20,6;15,1;79,5;67;null;
2018-05-31;1,2;null;0;26,7;22,1;15,8;67,5;66;null;

